source_id,source_row_id,city_district,waste_type,waste_generated_tons_day,recycling_rate,population_density_people_km²,municipal_efficiency_score_1_10,disposal_method,cost_of_waste_management_ton,awareness_campaigns_count,landfill_name,landfill_location_lat_long,landfill_capacity_tons,year,waste_reduction_initiatives,industrial_symbiosis_index,community_participation_score,green_technology_adoption,recycling_infrastructure_rating
KAGGLE_03,1,Mumbai,Plastic,6610,68,11191,9,Composting,3056,14,Mumbai Landfill,"22.4265, 77.4931",45575,1970,7.124247082209114,6.673589902564461,5.677174395487456,6.367255913967368,66.8123771838626
KAGGLE_03,2,Mumbai,Organic,1181,56,11191,5,Composting,2778,12,Mumbai Landfill,"22.4265, 77.4931",45575,1970,5.744493978985068,3.138971068727471,4.939351960309291,5.194917936821669,55.66873717936473
KAGGLE_03,3,Mumbai,E-Waste,8162,53,11191,8,Incineration,3390,13,Mumbai Landfill,"22.4265, 77.4931",45575,1970,6.7573559856280765,6.662106642109688,5.886589071527198,5.79889261203329,53.1571540594383
KAGGLE_03,4,Mumbai,Construction,8929,56,11191,5,Landfill,1498,14,Mumbai Landfill,"22.4265, 77.4931",45575,1970,6.292710144280364,5.680915948654284,6.276041887482448,5.426639249425911,51.74253181117037
KAGGLE_03,5,Mumbai,Hazardous,5032,44,11191,7,Recycling,2221,16,Mumbai Landfill,"22.4265, 77.4931",45575,1970,7.200813545602537,7.148632039216201,5.900670336775916,4.648183912048847,44.9163362295774
KAGGLE_03,6,Mumbai,Plastic,7456,73,11191,9,Landfill,3195,6,Mumbai Landfill,"22.4265, 77.4931",45575,1970,4.100772737818654,8.55787168483306,4.283469068809677,7.606665053026816,71.04055755056639
KAGGLE_03,7,Mumbai,Organic,7118,37,11191,6,Composting,3686,14,Mumbai Landfill,"22.4265, 77.4931",45575,1970,6.181656165342025,3.988333554920968,5.850930460854722,4.0580232710072295,34.69333519358851
KAGGLE_03,8,Mumbai,E-Waste,9189,57,11191,10,Landfill,1791,12,Mumbai Landfill,"22.4265, 77.4931",45575,1970,6.976484943050314,6.978329513934196,5.12791953947185,6.197628297402156,53.62531130577858
KAGGLE_03,9,Mumbai,Construction,8609,48,11191,8,Incineration,1681,20,Mumbai Landfill,"22.4265, 77.4931",45575,1970,9.287758241117569,5.820048868287408,6.905215936794138,4.541496485256868,44.41221500426422
KAGGLE_03,10,Mumbai,Hazardous,6632,71,11191,6,Incineration,2311,12,Mumbai Landfill,"22.4265, 77.4931",45575,1970,5.858769529184069,8.955872325174186,5.328978129588394,6.6403508268597,68.28910499377542
KAGGLE_03,11,Mumbai,Plastic,6932,81,11191,10,Incineration,2543,16,Mumbai Landfill,"22.4265, 77.4931",45575,1970,7.802486491399561,6.907872621982812,6.622869406008726,8.011191517994586,79.58195808473901
KAGGLE_03,12,Mumbai,Organic,4171,44,11191,9,Incineration,4756,14,Mumbai Landfill,"22.4265, 77.4931",45575,1970,7.565342420892816,4.743132800815144,6.035440338784675,4.030080669828947,47.90651827505314
KAGGLE_03,13,Mumbai,E-Waste,5095,30,11191,10,Composting,3586,2,Mumbai Landfill,"22.4265, 77.4931",45575,1970,3.125627690665328,6.1667116643472255,2.3785798729819496,2.5224258891620552,28.94824064820959
KAGGLE_03,14,Mumbai,Construction,3514,77,11191,9,Incineration,3520,0,Mumbai Landfill,"22.4265, 77.4931",45575,1970,1.967126735925898,8.714840628452343,1.90125569688588,7.5604268271414865,77.35550021253606
KAGGLE_03,15,Mumbai,Hazardous,4505,54,11191,10,Composting,3655,4,Mumbai Landfill,"22.4265, 77.4931",45575,1970,3.6340527124451074,6.2652601394434,3.2312271441506137,5.683738251075236,54.80096277301266
KAGGLE_03,16,Mumbai,Plastic,2501,41,11191,9,Recycling,1194,4,Mumbai Landfill,"22.4265, 77.4931",45575,1970,3.395536672684374,6.342717133362942,3.1236443555659195,4.166180691225071,41.2621303724317
KAGGLE_03,17,Mumbai,Organic,3348,79,11191,6,Incineration,2383,10,Mumbai Landfill,"22.4265, 77.4931",45575,1970,4.893045768386084,1.6164401952476664,4.560738184574024,7.712777989210354,78.84511307854801
KAGGLE_03,18,Mumbai,E-Waste,6915,41,11191,9,Incineration,2324,1,Mumbai Landfill,"22.4265, 77.4931",45575,1970,2.407920748764953,8.007892918173901,2.35935836042669,4.25434200549272,38.60941247280151
KAGGLE_03,19,Mumbai,Construction,5862,48,11191,7,Landfill,2867,19,Mumbai Landfill,"22.4265, 77.4931",45575,1970,8.515806545489134,7.843221104602351,7.381836604814861,4.53201818030881,50.90185509655842
KAGGLE_03,20,Mumbai,Hazardous,4856,74,11191,10,Landfill,826,1,Mumbai Landfill,"22.4265, 77.4931",45575,1970,2.5891685491179777,5.371896369277489,3.00758191514983,6.914381446072085,77.61439328727577
KAGGLE_03,21,Mumbai,Plastic,6569,48,11191,5,Landfill,4287,16,Mumbai Landfill,"22.4265, 77.4931",45575,1970,7.050345419315155,9.237297263673264,6.233456556045543,5.064353386436427,44.63468261175463
KAGGLE_03,22,Mumbai,Organic,7809,35,11191,8,Recycling,3128,7,Mumbai Landfill,"22.4265, 77.4931",45575,1970,4.212465648384848,4.639043123319429,4.484464863650473,3.623743084864009,32.95194281822724
KAGGLE_03,23,Mumbai,E-Waste,7232,82,11191,6,Landfill,1565,9,Mumbai Landfill,"22.4265, 77.4931",45575,1970,4.524033387553372,7.33523970512776,4.3998495627658585,8.46230262450096,81.44037931524599
KAGGLE_03,24,Mumbai,Construction,4039,54,11191,9,Recycling,1252,12,Mumbai Landfill,"22.4265, 77.4931",45575,1970,6.387212603370972,6.776579009304159,5.304790847861767,4.938938016687666,52.070924410179614
KAGGLE_03,25,Mumbai,Hazardous,7077,70,11191,9,Incineration,2850,5,Mumbai Landfill,"22.4265, 77.4931",45575,1970,3.865353195613675,5.764514301386676,3.304382859333976,7.337119627830653,71.01193110691173
KAGGLE_03,26,Delhi,Plastic,1061,59,14376,5,Landfill,4240,1,Delhi Landfill,"30.2591, 91.9376",74509,1970,1.4594435016938343,6.846190969311901,3.3814880261971494,6.019526200036303,57.54345559518677
KAGGLE_03,27,Delhi,Organic,2224,84,14376,10,Landfill,3219,4,Delhi Landfill,"30.2591, 91.9376",74509,1970,3.641105386784415,2.914947866239084,4.469993099196115,8.463395350712641,88.3301121356132
KAGGLE_03,28,Delhi,E-Waste,2395,43,14376,5,Composting,2005,1,Delhi Landfill,"30.2591, 91.9376",74509,1970,1.415951100529454,7.458945362854468,3.344505080064684,4.424614048114532,45.38109718868719
KAGGLE_03,29,Delhi,Construction,1887,80,14376,7,Incineration,4307,4,Delhi Landfill,"30.2591, 91.9376",74509,1970,3.048567540706325,9.0169480369132,3.8488260681348554,8.364433246868364,80.42514806126442
KAGGLE_03,30,Delhi,Hazardous,4158,48,14376,5,Composting,4183,6,Delhi Landfill,"30.2591, 91.9376",74509,1970,3.10904567952032,7.331162708461144,4.638829430011834,4.886936506558907,50.05397252663946
KAGGLE_03,31,Delhi,Plastic,763,75,14376,5,Recycling,1337,20,Delhi Landfill,"30.2591, 91.9376",74509,1970,8.544948215633081,7.073748468367299,7.613932662486693,7.580950379888179,77.21180084871462
KAGGLE_03,32,Delhi,Organic,7143,69,14376,9,Landfill,682,16,Delhi Landfill,"30.2591, 91.9376",74509,1970,7.689562697100786,3.0546583757386427,7.379671064286703,7.390679157065766,67.87210502388352
KAGGLE_03,33,Delhi,E-Waste,7516,84,14376,5,Composting,620,18,Delhi Landfill,"30.2591, 91.9376",74509,1970,7.367389044637313,6.840268071691257,7.494095934801142,8.656730167068568,82.36756551091607
KAGGLE_03,34,Delhi,Construction,3125,77,14376,8,Recycling,4345,5,Delhi Landfill,"30.2591, 91.9376",74509,1970,3.8081222552593976,8.06985058558791,4.190361726060947,7.642293805451135,77.15628612593929
KAGGLE_03,35,Delhi,Hazardous,6574,84,14376,8,Incineration,913,20,Delhi Landfill,"30.2591, 91.9376",74509,1970,9.629836812877722,7.296130558245735,8.076876772474824,8.607397000032929,85.72327224899588
KAGGLE_03,36,Delhi,Plastic,3407,82,14376,10,Composting,2802,4,Delhi Landfill,"30.2591, 91.9376",74509,1970,3.881632787908129,8.713635125943252,4.115795846810708,8.089230471691788,82.27812079730684
KAGGLE_03,37,Delhi,Organic,9617,36,14376,6,Recycling,2676,5,Delhi Landfill,"30.2591, 91.9376",74509,1970,3.077236898092021,5.053911936629589,3.8127877902478176,3.3288754624834995,32.84600703561801
KAGGLE_03,38,Delhi,E-Waste,1426,38,14376,5,Composting,1674,2,Delhi Landfill,"30.2591, 91.9376",74509,1970,1.7046175829891386,6.4677098217278175,3.673629205244707,3.89685187688776,36.39435111209831
KAGGLE_03,39,Delhi,Construction,8566,34,14376,8,Landfill,2594,19,Delhi Landfill,"30.2591, 91.9376",74509,1970,8.988496932962168,6.885266292815706,7.482943664336833,3.828182098113952,33.852054272811245
KAGGLE_03,40,Delhi,Hazardous,2873,76,14376,8,Incineration,1904,16,Delhi Landfill,"30.2591, 91.9376",74509,1970,7.663819312375007,7.419922344911644,7.204964616527895,8.029139520015462,75.84866879134835
KAGGLE_03,41,Delhi,Plastic,6770,66,14376,10,Landfill,3496,2,Delhi Landfill,"30.2591, 91.9376",74509,1970,2.897554908959476,7.151398459017773,3.8135467784055015,6.44190527810549,69.94508435357962
KAGGLE_03,42,Delhi,Organic,8105,40,14376,8,Recycling,3175,12,Delhi Landfill,"30.2591, 91.9376",74509,1970,6.226265369278462,5.248896724413342,6.294970491573825,4.027677466221695,37.228024115202
KAGGLE_03,43,Delhi,E-Waste,6564,72,14376,7,Recycling,4437,13,Delhi Landfill,"30.2591, 91.9376",74509,1970,6.048126501491583,7.06214518406428,6.293512951429195,6.911635898569861,73.01117848367176
KAGGLE_03,44,Delhi,Construction,7226,48,14376,8,Incineration,2360,11,Delhi Landfill,"30.2591, 91.9376",74509,1970,6.106582977954308,6.413470836202899,5.761181876332056,5.295631109498883,50.97822621665658
KAGGLE_03,45,Delhi,Hazardous,3464,32,14376,6,Incineration,2523,1,Delhi Landfill,"30.2591, 91.9376",74509,1970,1.615946367072163,6.438969724184677,2.883887945360717,3.681117907867936,36.54289949084559
KAGGLE_03,46,Delhi,Plastic,2397,67,14376,9,Landfill,3644,0,Delhi Landfill,"30.2591, 91.9376",74509,1970,2.0671857522064165,7.333943664577411,3.266358134424441,6.849508929707447,66.19120515363208
KAGGLE_03,47,Delhi,Organic,9092,71,14376,6,Landfill,2194,14,Delhi Landfill,"30.2591, 91.9376",74509,1970,6.350772089874293,4.161602968762795,6.262421364468018,7.404414059677474,71.9828589054404
KAGGLE_03,48,Delhi,E-Waste,7257,32,14376,5,Incineration,3259,5,Delhi Landfill,"30.2591, 91.9376",74509,1970,2.9016137557309225,6.43385964394029,4.237707406839252,3.4151001612837,33.13952071439729
KAGGLE_03,49,Delhi,Construction,8220,66,14376,6,Incineration,1687,10,Delhi Landfill,"30.2591, 91.9376",74509,1970,5.018792947409204,6.485475532054528,5.275286076948822,6.693158219039468,66.39096346310659
KAGGLE_03,50,Delhi,Hazardous,3054,32,14376,9,Landfill,1135,7,Delhi Landfill,"30.2591, 91.9376",74509,1970,4.4723656911729694,8.173083334857855,4.3748403470209976,2.753347996988897,31.802309597521383
KAGGLE_03,51,Bengaluru,Plastic,7843,36,18195,10,Incineration,4211,13,Bengaluru Landfill,"15.7581, 85.4837",52609,1970,7.435823680511465,8.650987255847216,7.165135260140738,3.554764342552661,36.871950779000095
KAGGLE_03,52,Bengaluru,Organic,8884,32,18195,6,Incineration,4262,17,Bengaluru Landfill,"15.7581, 85.4837",52609,1970,7.801666863129689,3.645325781795309,7.589909598071905,3.3747863021674105,26.935507829560628
KAGGLE_03,53,Bengaluru,E-Waste,2167,61,18195,6,Recycling,4554,0,Bengaluru Landfill,"15.7581, 85.4837",52609,1970,1.355309627690902,7.961050102925717,4.034222797375201,6.277531613883684,62.36413898012526
KAGGLE_03,54,Bengaluru,Construction,4750,31,18195,7,Composting,4444,2,Bengaluru Landfill,"15.7581, 85.4837",52609,1970,2.3755279312315185,7.881319082623568,4.103164358510118,2.973122618422384,31.252355807323934
KAGGLE_03,55,Bengaluru,Hazardous,8952,43,18195,5,Recycling,2956,0,Bengaluru Landfill,"15.7581, 85.4837",52609,1970,1.055316610895869,6.919283722694607,3.2857122562534866,4.741691986658031,42.55505020644347
KAGGLE_03,56,Bengaluru,Plastic,7075,84,18195,6,Incineration,4993,15,Bengaluru Landfill,"15.7581, 85.4837",52609,1970,7.143687976546195,7.348748113241768,7.546706702486231,8.067357032236782,88.09372439143911
KAGGLE_03,57,Bengaluru,Organic,3653,83,18195,5,Composting,3975,1,Bengaluru Landfill,"15.7581, 85.4837",52609,1970,1.347609641143214,3.2153429430859397,3.5824294717766043,8.30035944621556,81.6501319624189
KAGGLE_03,58,Bengaluru,E-Waste,5477,40,18195,10,Incineration,3064,14,Bengaluru Landfill,"15.7581, 85.4837",52609,1970,7.2314090429487585,6.9473539267770485,7.0617471210699,4.190883976550823,39.19384802186994
KAGGLE_03,59,Bengaluru,Construction,6105,83,18195,6,Incineration,2320,18,Bengaluru Landfill,"15.7581, 85.4837",52609,1970,7.587450293081576,7.882259431175911,8.492554050704717,8.49713580589181,86.98310660440947
KAGGLE_03,60,Bengaluru,Hazardous,941,63,18195,5,Landfill,3733,6,Bengaluru Landfill,"15.7581, 85.4837",52609,1970,3.205466259329964,8.168464323089792,4.848267184870867,6.448638956768815,61.33587739030029
KAGGLE_03,61,Bengaluru,Plastic,798,36,18195,8,Incineration,2456,11,Bengaluru Landfill,"15.7581, 85.4837",52609,1970,5.791568385061682,8.410243235412702,6.874916055605004,3.37528821345186,34.899769434126924
KAGGLE_03,62,Bengaluru,Organic,994,51,18195,6,Recycling,2169,15,Bengaluru Landfill,"15.7581, 85.4837",52609,1970,6.685827192140202,3.780256670221508,7.0393974859075845,4.756206568686622,50.7059491531383
KAGGLE_03,63,Bengaluru,E-Waste,8114,56,18195,8,Recycling,4323,6,Bengaluru Landfill,"15.7581, 85.4837",52609,1970,4.144747113362316,6.58501344948368,5.032401432450904,5.735940326826711,57.681468964259096
KAGGLE_03,64,Bengaluru,Construction,6555,34,18195,7,Composting,2973,17,Bengaluru Landfill,"15.7581, 85.4837",52609,1970,7.719622198940954,7.525859605585015,8.276481619401073,3.499302116139438,34.41560501470663
KAGGLE_03,65,Bengaluru,Hazardous,4008,47,18195,10,Incineration,3873,5,Bengaluru Landfill,"15.7581, 85.4837",52609,1970,4.035537405868654,8.135141590520597,4.851847712978308,4.379356010289241,44.41474930569547
KAGGLE_03,66,Bengaluru,Plastic,3739,43,18195,5,Recycling,2073,9,Bengaluru Landfill,"15.7581, 85.4837",52609,1970,4.3966781526734815,7.1028438761967045,5.637469951315015,4.505139145570563,41.93566287374562
KAGGLE_03,67,Bengaluru,Organic,909,54,18195,10,Composting,1000,20,Bengaluru Landfill,"15.7581, 85.4837",52609,1970,9.332077427002217,1.2949325411371242,8.64581148204943,5.355171991733656,52.785291133575576
KAGGLE_03,68,Bengaluru,E-Waste,5864,51,18195,9,Landfill,4645,19,Bengaluru Landfill,"15.7581, 85.4837",52609,1970,9.349251379238195,9.03805758481701,8.305970849633526,5.267760591603153,50.84555790955391
KAGGLE_03,69,Bengaluru,Construction,512,65,18195,6,Incineration,3796,17,Bengaluru Landfill,"15.7581, 85.4837",52609,1970,7.256669876623573,8.518434527886955,8.378289465409557,6.837367079770151,65.85168731725966
KAGGLE_03,70,Bengaluru,Hazardous,902,85,18195,7,Landfill,1379,14,Bengaluru Landfill,"15.7581, 85.4837",52609,1970,7.059954592083113,6.60990841739152,7.098925480834144,8.169728428576922,85.83641151177595
KAGGLE_03,71,Bengaluru,Plastic,5280,68,18195,9,Landfill,2386,10,Bengaluru Landfill,"15.7581, 85.4837",52609,1970,5.896804454992538,8.547344107761363,6.574510035025009,6.319144867996837,64.44797649190319
KAGGLE_03,72,Bengaluru,Organic,7135,79,18195,5,Incineration,3919,17,Bengaluru Landfill,"15.7581, 85.4837",52609,1970,7.113742066468742,3.4742660785589754,8.427449708059736,8.179102586395787,81.12788197512171
KAGGLE_03,73,Bengaluru,E-Waste,7667,81,18195,6,Landfill,2745,10,Bengaluru Landfill,"15.7581, 85.4837",52609,1970,4.738125500537459,6.772503764146715,6.219394982825531,8.209697425152616,81.50513769199324
KAGGLE_03,74,Bengaluru,Construction,3159,43,18195,10,Recycling,4007,7,Bengaluru Landfill,"15.7581, 85.4837",52609,1970,5.030796216061207,8.99155935730569,5.945520707103393,4.499639569622121,45.769064095187815
KAGGLE_03,75,Bengaluru,Hazardous,5891,59,18195,7,Incineration,2202,15,Bengaluru Landfill,"15.7581, 85.4837",52609,1970,7.244419396921706,8.677517834420362,7.412895617212194,6.2381549749886425,59.88839665458134
KAGGLE_03,76,Chennai,Plastic,6159,74,21430,10,Composting,3282,13,Chennai Landfill,"29.4633, 80.8873",65486,1970,7.26055617254761,6.910099733894217,8.172716898514077,7.702810934824501,76.20264591547152
KAGGLE_03,77,Chennai,Organic,6358,53,21430,5,Composting,4225,1,Chennai Landfill,"29.4633, 80.8873",65486,1970,1.457211327877778,5.541062394038786,4.297928006549542,5.760920146928824,53.93309062290025
KAGGLE_03,78,Chennai,E-Waste,6787,50,21430,5,Landfill,1623,7,Chennai Landfill,"29.4633, 80.8873",65486,1970,3.473245324502811,8.227666810295066,6.395657748527211,5.035935078852118,52.6924515124055
KAGGLE_03,79,Chennai,Construction,628,41,21430,10,Recycling,837,7,Chennai Landfill,"29.4633, 80.8873",65486,1970,4.799435065397786,7.760825345118876,6.202452522480897,4.088495632659905,42.04450127203556
KAGGLE_03,80,Chennai,Hazardous,1639,50,21430,9,Composting,3225,19,Chennai Landfill,"29.4633, 80.8873",65486,1970,8.713646246153267,7.028428990220698,9.096287287479615,4.90188719989073,49.80416950711419
KAGGLE_03,81,Chennai,Plastic,1760,68,21430,8,Incineration,2871,18,Chennai Landfill,"29.4633, 80.8873",65486,1970,8.765841728249601,7.299696333455453,9.09135036077257,6.453691042844204,72.54486944089376
KAGGLE_03,82,Chennai,Organic,6805,32,21430,5,Composting,1988,3,Chennai Landfill,"29.4633, 80.8873",65486,1970,2.1834695421645822,4.166804830428346,5.412495573658299,3.2726072328820224,33.77807424455978
KAGGLE_03,83,Chennai,E-Waste,5763,67,21430,5,Landfill,1453,0,Chennai Landfill,"29.4633, 80.8873",65486,1970,1.0223473732607329,8.123173834962731,3.963001751674277,6.477012524325978,68.14748884200883
KAGGLE_03,84,Chennai,Construction,8100,76,21430,9,Incineration,2855,1,Chennai Landfill,"29.4633, 80.8873",65486,1970,2.288328990269462,6.751671265934629,4.375591570771167,8.021307512212974,73.44739116692332
KAGGLE_03,85,Chennai,Hazardous,651,46,21430,8,Recycling,533,7,Chennai Landfill,"29.4633, 80.8873",65486,1970,4.290814221646115,7.493610871349924,6.421684532658286,4.683190804277098,43.423384765072925
KAGGLE_03,86,Chennai,Plastic,4648,60,21430,9,Landfill,1389,0,Chennai Landfill,"29.4633, 80.8873",65486,1970,1.992207817229511,7.445209809113071,4.625023895602174,6.092840180508111,60.58543096428371
KAGGLE_03,87,Chennai,Organic,8394,72,21430,6,Incineration,4236,15,Chennai Landfill,"29.4633, 80.8873",65486,1970,7.008363468271443,5.938646831294959,8.674685987152646,7.054924660877011,72.29104239553648
KAGGLE_03,88,Chennai,E-Waste,4255,31,21430,6,Landfill,3888,17,Chennai Landfill,"29.4633, 80.8873",65486,1970,7.694644226192453,9.362213683997764,8.96967627227475,2.651989351977708,29.77175486998337
KAGGLE_03,89,Chennai,Construction,4259,65,21430,7,Composting,1620,10,Chennai Landfill,"29.4633, 80.8873",65486,1970,5.451903429069569,8.57867735150301,7.409411189755307,6.031743765372989,65.28196539922412
KAGGLE_03,90,Chennai,Hazardous,552,31,21430,7,Incineration,2450,2,Chennai Landfill,"29.4633, 80.8873",65486,1970,2.271160084707706,7.266216893880444,5.161178983558775,3.0233351441531977,34.17725385608719
KAGGLE_03,91,Chennai,Plastic,1858,61,21430,5,Incineration,4476,3,Chennai Landfill,"29.4633, 80.8873",65486,1970,2.065295153808644,6.997692782628531,5.006690690663411,5.684565378097238,62.3908049491006
KAGGLE_03,92,Chennai,Organic,5933,71,21430,8,Recycling,3180,20,Chennai Landfill,"29.4633, 80.8873",65486,1970,9.392985682370702,2.582593397640388,9.064003404274825,7.206846955540139,68.71798298049453
KAGGLE_03,93,Chennai,E-Waste,7231,36,21430,7,Incineration,3588,12,Chennai Landfill,"29.4633, 80.8873",65486,1970,6.143411356257685,6.862348380765767,7.740462345368903,3.980973005639657,35.77698234571411
KAGGLE_03,94,Chennai,Construction,8389,79,21430,10,Incineration,3449,20,Chennai Landfill,"29.4633, 80.8873",65486,1970,9.74731684644913,7.62399166283296,9.602787703499883,8.282914816518723,77.39006703829487
KAGGLE_03,95,Chennai,Hazardous,6393,53,21430,7,Landfill,764,16,Chennai Landfill,"29.4633, 80.8873",65486,1970,7.6716010519794,5.316959360227438,8.006824494417264,5.459045410132232,52.22460016718288
KAGGLE_03,96,Chennai,Plastic,4234,44,21430,8,Composting,3634,19,Chennai Landfill,"29.4633, 80.8873",65486,1970,8.816836723696248,8.362797041964976,9.068688947924946,4.111231831472931,43.17276866874072
KAGGLE_03,97,Chennai,Organic,7743,64,21430,7,Recycling,2483,20,Chennai Landfill,"29.4633, 80.8873",65486,1970,8.966680822527632,3.075348885233219,9.915438297508254,6.762996831358872,63.04470883479199
KAGGLE_03,98,Chennai,E-Waste,618,85,21430,6,Incineration,1982,15,Chennai Landfill,"29.4633, 80.8873",65486,1970,6.795760189568102,8.566596432890865,8.20903962773417,8.886093435313208,82.48972925605321
KAGGLE_03,99,Chennai,Construction,4852,69,21430,5,Recycling,4411,8,Chennai Landfill,"29.4633, 80.8873",65486,1970,3.807490024182513,6.98767920581744,6.391367618043673,6.596653584952959,68.74469063696363
KAGGLE_03,100,Chennai,Hazardous,3096,45,21430,8,Composting,896,19,Chennai Landfill,"29.4633, 80.8873",65486,1970,8.46898288834765,7.489966032553176,9.16633808718326,4.737426085770677,43.87878472630538
KAGGLE_03,101,Kolkata,Plastic,7992,32,17335,9,Composting,2038,20,Kolkata Landfill,"16.068, 72.6096",80985,1970,8.988527377399958,8.46824215207981,8.315532191381994,2.986519548927123,26.141102619995465
KAGGLE_03,102,Kolkata,Organic,8041,71,17335,6,Composting,4200,6,Kolkata Landfill,"16.068, 72.6096",80985,1970,3.563347345890628,5.7959863313123545,4.975356638241625,7.402640312352929,75.10594404900333
KAGGLE_03,103,Kolkata,E-Waste,812,50,17335,10,Recycling,3118,16,Kolkata Landfill,"16.068, 72.6096",80985,1970,8.04915460876208,9.091714147051722,7.476462723364008,5.4972378999036025,52.17753930843335
KAGGLE_03,104,Kolkata,Construction,4954,63,17335,10,Incineration,1135,14,Kolkata Landfill,"16.068, 72.6096",80985,1970,7.4707175947434035,7.657495780402623,6.659004487564304,5.830026005329392,62.24739855015001
KAGGLE_03,105,Kolkata,Hazardous,626,53,17335,5,Recycling,4504,6,Kolkata Landfill,"16.068, 72.6096",80985,1970,3.4067699132602574,8.368732324130097,5.374217095894749,5.697365865790932,53.0376380994812
KAGGLE_03,106,Kolkata,Plastic,1569,52,17335,10,Composting,2719,4,Kolkata Landfill,"16.068, 72.6096",80985,1970,3.660711324142268,9.19271481175831,4.52315389928071,5.322630533598658,49.65669130536487
KAGGLE_03,107,Kolkata,Organic,6472,74,17335,5,Landfill,3328,14,Kolkata Landfill,"16.068, 72.6096",80985,1970,6.171819759588709,4.553787023760888,7.428829354193255,7.87338261916482,77.39144575562173
KAGGLE_03,108,Kolkata,E-Waste,6409,50,17335,9,Composting,1796,11,Kolkata Landfill,"16.068, 72.6096",80985,1970,6.266814873135289,7.220053308420102,6.706997468496727,4.965009517526427,53.79457738954622
KAGGLE_03,109,Kolkata,Construction,2509,60,17335,5,Composting,2411,20,Kolkata Landfill,"16.068, 72.6096",80985,1970,8.217576354646752,6.291205550436303,8.318643522075488,6.347387930571374,60.31338745649305
KAGGLE_03,110,Kolkata,Hazardous,5709,58,17335,10,Incineration,4414,3,Kolkata Landfill,"16.068, 72.6096",80985,1970,3.2378569785527307,7.616705464576412,4.514002949546959,5.362394068598277,60.04706128837069
KAGGLE_03,111,Kolkata,Plastic,3627,67,17335,6,Incineration,4952,16,Kolkata Landfill,"16.068, 72.6096",80985,1970,7.061429167182936,7.603332112417879,7.578931271539814,6.535279050078296,67.35057355786785
KAGGLE_03,112,Kolkata,Organic,9186,35,17335,6,Landfill,4649,9,Kolkata Landfill,"16.068, 72.6096",80985,1970,4.460984675550696,2.5037535036425,6.236806205298317,3.06701653775121,32.32654912224814
KAGGLE_03,113,Kolkata,E-Waste,2735,54,17335,8,Composting,2923,1,Kolkata Landfill,"16.068, 72.6096",80985,1970,2.2553541908521466,9.060140302943957,3.572390146553285,5.8753431334790704,53.17635326207269
KAGGLE_03,114,Kolkata,Construction,1989,45,17335,7,Recycling,2795,8,Kolkata Landfill,"16.068, 72.6096",80985,1970,4.645227580313941,7.450627224172115,5.784462667686875,4.816973907271837,45.26385593354392
KAGGLE_03,115,Kolkata,Hazardous,2740,34,17335,8,Recycling,1795,7,Kolkata Landfill,"16.068, 72.6096",80985,1970,4.438120105950766,6.822722847545418,5.464401589629553,3.7525474212459695,33.09090456251311
KAGGLE_03,116,Kolkata,Plastic,1267,51,17335,7,Incineration,4565,9,Kolkata Landfill,"16.068, 72.6096",80985,1970,5.059146658958683,8.774446045558916,5.6519509449486645,5.537965231433894,50.56269344512993
KAGGLE_03,117,Kolkata,Organic,545,61,17335,5,Landfill,4082,13,Kolkata Landfill,"16.068, 72.6096",80985,1970,6.042660564780473,4.26466063491695,6.493250371028003,5.685103486119785,60.81720088498177
KAGGLE_03,118,Kolkata,E-Waste,1714,81,17335,7,Composting,2394,11,Kolkata Landfill,"16.068, 72.6096",80985,1970,5.430065260961457,8.7591975781241,6.5082892278541085,7.985597592513334,80.83824300426907
KAGGLE_03,119,Kolkata,Construction,7568,65,17335,5,Incineration,3770,0,Kolkata Landfill,"16.068, 72.6096",80985,1970,1.0917009260557573,8.015268113724199,3.845246925509161,6.071034889044002,65.10451698099497
KAGGLE_03,120,Kolkata,Hazardous,8057,32,17335,5,Composting,2400,3,Kolkata Landfill,"16.068, 72.6096",80985,1970,2.163772581857605,8.665177579794374,4.172276811140181,2.9107931015500284,29.8787898672068
KAGGLE_03,121,Kolkata,Plastic,6343,80,17335,7,Recycling,1064,17,Kolkata Landfill,"16.068, 72.6096",80985,1970,8.081350665803345,8.403441971397745,8.001482071399144,7.729365777037673,78.56596770174413
KAGGLE_03,122,Kolkata,Organic,1654,71,17335,10,Incineration,2348,11,Kolkata Landfill,"16.068, 72.6096",80985,1970,6.612059915836528,3.7750988956530858,6.251780374988335,7.069107211047578,68.43083146860006
KAGGLE_03,123,Kolkata,E-Waste,9639,60,17335,10,Landfill,2743,11,Kolkata Landfill,"16.068, 72.6096",80985,1970,6.233735685099946,6.465737467158784,6.56985635065945,5.768562167453643,61.9556310993724
KAGGLE_03,124,Kolkata,Construction,4040,77,17335,6,Landfill,2119,16,Kolkata Landfill,"16.068, 72.6096",80985,1970,6.928294041395685,6.19549688935478,7.305864742270884,7.3009781068177615,72.78870611631935
KAGGLE_03,125,Kolkata,Hazardous,956,81,17335,9,Landfill,673,10,Kolkata Landfill,"16.068, 72.6096",80985,1970,5.574191575088704,7.45807867986699,6.496864470013004,7.767491089094108,83.30718068663386
KAGGLE_03,126,Hyderabad,Plastic,5089,66,7927,6,Recycling,1103,10,Hyderabad Landfill,"34.069, 82.1518",34239,1970,4.956765489950843,6.083830659831,3.936668917371039,6.247275563552091,68.77269879452568
KAGGLE_03,127,Hyderabad,Organic,588,32,7927,6,Incineration,3131,5,Hyderabad Landfill,"34.069, 82.1518",34239,1970,3.2484018872431712,5.33150993808549,2.767045308661612,3.673076797912299,31.39563882603476
KAGGLE_03,128,Hyderabad,E-Waste,6487,37,7927,9,Incineration,2065,0,Hyderabad Landfill,"34.069, 82.1518",34239,1970,2.1112401028941035,8.484618717158794,1.2073512729858091,3.959292506918474,31.7937258243454
KAGGLE_03,129,Hyderabad,Construction,2163,52,7927,5,Incineration,2206,7,Hyderabad Landfill,"34.069, 82.1518",34239,1970,3.447563239967161,7.329364532412067,3.0107715332267357,5.667761465269562,51.27737887606542
KAGGLE_03,130,Hyderabad,Hazardous,1887,48,7927,7,Composting,3526,17,Hyderabad Landfill,"34.069, 82.1518",34239,1970,7.843220230397965,8.152357760501232,5.915121223617788,4.739740486507908,47.87163167742237
KAGGLE_03,131,Hyderabad,Plastic,3899,59,7927,7,Incineration,2812,5,Hyderabad Landfill,"34.069, 82.1518",34239,1970,3.3597620245578588,8.296739946808515,2.666851997633431,5.678368481662657,56.978803560142175
KAGGLE_03,132,Hyderabad,Organic,7422,73,7927,9,Landfill,3646,19,Hyderabad Landfill,"34.069, 82.1518",34239,1970,8.812033465068456,3.166827267361283,6.734739546647654,7.598293197209186,71.96956321238352
KAGGLE_03,133,Hyderabad,E-Waste,2765,39,7927,7,Recycling,1602,15,Hyderabad Landfill,"34.069, 82.1518",34239,1970,6.816779080839784,7.499706012362922,4.913952709560413,3.7262539180411465,42.0603903977267
KAGGLE_03,134,Hyderabad,Construction,5337,72,7927,7,Composting,4205,2,Hyderabad Landfill,"34.069, 82.1518",34239,1970,2.237919494506035,7.333921374823646,2.0283533695773954,6.999383373705348,73.32985432460349
KAGGLE_03,135,Hyderabad,Hazardous,1713,85,7927,5,Incineration,4307,17,Hyderabad Landfill,"34.069, 82.1518",34239,1970,7.674287059345385,7.149115049048922,5.7366048676745525,8.23250599220783,83.1508717712438
KAGGLE_03,136,Hyderabad,Plastic,7858,79,7927,7,Composting,3494,8,Hyderabad Landfill,"34.069, 82.1518",34239,1970,4.417693805249803,9.519495737836683,3.1685869518230603,7.5296789782242355,75.80480166080913
KAGGLE_03,137,Hyderabad,Organic,6905,46,7927,5,Incineration,1624,2,Hyderabad Landfill,"34.069, 82.1518",34239,1970,1.787816711374818,4.545498926521231,1.7736277199059696,4.356463061016767,45.34596536478045
KAGGLE_03,138,Hyderabad,E-Waste,1285,72,7927,9,Incineration,1411,19,Hyderabad Landfill,"34.069, 82.1518",34239,1970,9.25740306907499,7.580983312526205,6.312901995824094,7.055319748473887,71.57308644129913
KAGGLE_03,139,Hyderabad,Construction,805,34,7927,6,Recycling,1077,11,Hyderabad Landfill,"34.069, 82.1518",34239,1970,5.289231331740383,5.6002134928049285,4.392123905352906,3.57399420814573,34.99239837472663
KAGGLE_03,140,Hyderabad,Hazardous,742,83,7927,5,Composting,2985,12,Hyderabad Landfill,"34.069, 82.1518",34239,1970,5.756460585076849,7.071819334797268,4.553549068160328,7.862564842219451,81.92936657486469
KAGGLE_03,141,Hyderabad,Plastic,5774,48,7927,6,Incineration,3095,7,Hyderabad Landfill,"34.069, 82.1518",34239,1970,4.071692823550203,8.404136076144527,3.4301969993175527,4.510506939665342,49.02299915072372
KAGGLE_03,142,Hyderabad,Organic,1013,80,7927,8,Composting,823,3,Hyderabad Landfill,"34.069, 82.1518",34239,1970,2.81879436338074,1.292521849672755,2.4943909958111408,8.309023640291676,83.87030808012045
KAGGLE_03,143,Hyderabad,E-Waste,708,42,7927,6,Landfill,1987,0,Hyderabad Landfill,"34.069, 82.1518",34239,1970,1.2897790523895272,7.420707150469088,1.159183142033295,3.8469219235837695,43.631002044888525
KAGGLE_03,144,Hyderabad,Construction,2667,39,7927,6,Incineration,4911,4,Hyderabad Landfill,"34.069, 82.1518",34239,1970,2.7129295829799616,9.51316726916028,2.6133544803589634,3.742645146522521,38.90382298533846
KAGGLE_03,145,Hyderabad,Hazardous,8430,82,7927,7,Landfill,706,3,Hyderabad Landfill,"34.069, 82.1518",34239,1970,2.5873541571559127,6.816567516639462,2.862758561793048,8.56465892185814,81.63369905789341
KAGGLE_03,146,Hyderabad,Plastic,4495,51,7927,5,Composting,1787,10,Hyderabad Landfill,"34.069, 82.1518",34239,1970,4.51886993153464,8.036652105677641,4.168291601035008,4.754925311143443,50.28665373164026
KAGGLE_03,147,Hyderabad,Organic,1514,44,7927,7,Incineration,4521,3,Hyderabad Landfill,"34.069, 82.1518",34239,1970,2.6795765687612576,4.908180421672982,2.5768015883644124,3.98273683561819,46.36128182490429
KAGGLE_03,148,Hyderabad,E-Waste,1598,61,7927,8,Landfill,3658,4,Hyderabad Landfill,"34.069, 82.1518",34239,1970,3.266783201317024,7.642914796863423,2.4611231788223424,6.0845379950800105,59.7453731080974
KAGGLE_03,149,Hyderabad,Construction,4204,31,7927,8,Incineration,2208,8,Hyderabad Landfill,"34.069, 82.1518",34239,1970,4.526077079542695,8.43392989947921,3.923250699058222,2.9024195112785365,31.09044541799997
KAGGLE_03,150,Hyderabad,Hazardous,4592,69,7927,10,Composting,4701,12,Hyderabad Landfill,"34.069, 82.1518",34239,1970,6.570217235093578,9.79943938824253,4.922180802781575,6.963408364483854,69.10239580376216
KAGGLE_03,151,Pune,Plastic,8897,48,12547,6,Incineration,4355,15,Pune Landfill,"28.7237, 84.2278",49524,1970,7.134109978119168,9.204102258508776,6.381773744058933,5.103804890483476,46.99643161437694
KAGGLE_03,152,Pune,Organic,8028,68,12547,8,Composting,3502,19,Pune Landfill,"28.7237, 84.2278",49524,1970,8.587670581889956,4.673355156768152,7.836491519684007,6.437148488152744,65.25506890423179
KAGGLE_03,153,Pune,E-Waste,3125,36,12547,7,Recycling,969,14,Pune Landfill,"28.7237, 84.2278",49524,1970,6.477730073195314,7.496150774203194,5.736027911167447,3.680699084554285,36.64594900723534
KAGGLE_03,154,Pune,Construction,9857,62,12547,7,Landfill,2667,12,Pune Landfill,"28.7237, 84.2278",49524,1970,5.975891632905072,6.9234860750781495,5.127425361294375,6.205508760389864,61.87799205628923
KAGGLE_03,155,Pune,Hazardous,5547,46,12547,7,Composting,1229,11,Pune Landfill,"28.7237, 84.2278",49524,1970,5.893814061039678,7.636377866270255,5.6306359081618895,4.244078786013199,47.00048093887314
KAGGLE_03,156,Pune,Plastic,2280,52,12547,9,Landfill,2575,6,Pune Landfill,"28.7237, 84.2278",49524,1970,4.139028961536006,8.136320119167733,4.417633233769676,5.323998485528983,50.93279938712167
KAGGLE_03,157,Pune,Organic,1926,53,12547,9,Recycling,3238,19,Pune Landfill,"28.7237, 84.2278",49524,1970,9.228802083653,3.544064819069033,6.98068492552537,5.073640417860771,55.44164259762609
KAGGLE_03,158,Pune,E-Waste,8098,36,12547,9,Incineration,2009,5,Pune Landfill,"28.7237, 84.2278",49524,1970,3.9898591635241454,6.603846712263987,3.6260605293634,3.5878343185440125,34.24645243757631
KAGGLE_03,159,Pune,Construction,1089,85,12547,6,Composting,798,14,Pune Landfill,"28.7237, 84.2278",49524,1970,6.30138069640971,7.823070267634063,5.628030059771422,8.082272324277062,88.42408056803579
KAGGLE_03,160,Pune,Hazardous,8742,61,12547,5,Landfill,2713,13,Pune Landfill,"28.7237, 84.2278",49524,1970,5.9970061520701154,5.891395748325414,5.653786307185357,6.059584057213623,57.50472698034348
KAGGLE_03,161,Pune,Plastic,4485,66,12547,8,Landfill,3069,11,Pune Landfill,"28.7237, 84.2278",49524,1970,5.77892639634583,8.55956693315465,5.633619570323465,6.40646346804282,66.86954012911379
KAGGLE_03,162,Pune,Organic,6145,44,12547,5,Composting,1707,6,Pune Landfill,"28.7237, 84.2278",49524,1970,3.3116006697553213,3.3380441621141648,4.128438224117373,4.722381211185355,44.95086136505325
KAGGLE_03,163,Pune,E-Waste,8407,61,12547,6,Composting,3974,3,Pune Landfill,"28.7237, 84.2278",49524,1970,2.436126390233249,8.531602489014688,3.208573289573082,5.656978726997368,59.40888586411823
KAGGLE_03,164,Pune,Construction,511,33,12547,5,Recycling,1998,6,Pune Landfill,"28.7237, 84.2278",49524,1970,3.2782257706864306,7.74571682428039,3.982216991311124,3.218607274918329,33.848787875722024
KAGGLE_03,165,Pune,Hazardous,1623,57,12547,5,Composting,3589,20,Pune Landfill,"28.7237, 84.2278",49524,1970,8.097855832187982,8.759950286182194,7.111831322120262,5.658431424131438,59.55903733952032
KAGGLE_03,166,Pune,Plastic,3578,39,12547,7,Recycling,2681,11,Pune Landfill,"28.7237, 84.2278",49524,1970,5.806559154305422,8.80324817761567,5.16027822397003,4.125006076299119,34.56636232129187
KAGGLE_03,167,Pune,Organic,7921,69,12547,7,Incineration,3569,7,Pune Landfill,"28.7237, 84.2278",49524,1970,4.052757772479806,4.757493784911862,4.506936438042724,6.974287575090211,70.00548961498163
KAGGLE_03,168,Pune,E-Waste,9741,75,12547,10,Incineration,4988,1,Pune Landfill,"28.7237, 84.2278",49524,1970,2.559430459014933,7.73995767120849,3.334672140221151,7.667212337194181,70.01345835933985
KAGGLE_03,169,Pune,Construction,4804,36,12547,6,Composting,3338,13,Pune Landfill,"28.7237, 84.2278",49524,1970,5.816688352743757,7.966694226007612,6.207538523388692,3.877049285651757,34.068670392953585
KAGGLE_03,170,Pune,Hazardous,8508,55,12547,10,Incineration,3321,7,Pune Landfill,"28.7237, 84.2278",49524,1970,4.917104942458,7.439462789485731,3.8840726610503222,5.862202973658189,58.25833272980189
KAGGLE_03,171,Pune,Plastic,5594,76,12547,5,Landfill,4656,8,Pune Landfill,"28.7237, 84.2278",49524,1970,4.081280103593434,7.1466222645825885,5.009038301079633,7.41387549672247,74.8364359332159
KAGGLE_03,172,Pune,Organic,3851,83,12547,6,Recycling,3334,12,Pune Landfill,"28.7237, 84.2278",49524,1970,5.448925786811037,3.492164688626347,5.893676109703421,8.338022705363903,80.65224007118205
KAGGLE_03,173,Pune,E-Waste,8611,30,12547,9,Incineration,1359,5,Pune Landfill,"28.7237, 84.2278",49524,1970,3.888181588626463,6.052362907589915,4.140853819975774,3.3401080784392,29.60412454203064
KAGGLE_03,174,Pune,Construction,2012,45,12547,10,Landfill,2368,6,Pune Landfill,"28.7237, 84.2278",49524,1970,4.372316711521629,9.336544762817883,4.068473455408365,4.989451130965056,49.13581267632711
KAGGLE_03,175,Pune,Hazardous,9234,31,12547,7,Landfill,2438,15,Pune Landfill,"28.7237, 84.2278",49524,1970,7.199480448886452,7.854241735359405,6.258482989359297,3.4895193110437632,27.33663550558795
KAGGLE_03,176,Ahmedabad,Plastic,9807,67,9464,5,Landfill,4632,17,Ahmedabad Landfill,"19.3868, 72.7845",69399,1970,7.095401618715746,8.652176504245869,6.0219570071287984,6.571467262624377,64.89738017672131
KAGGLE_03,177,Ahmedabad,Organic,1302,56,9464,9,Recycling,673,19,Ahmedabad Landfill,"19.3868, 72.7845",69399,1970,9.246214706031228,1.159180873736533,6.284736137249972,5.29516651721865,58.994863366359255
KAGGLE_03,178,Ahmedabad,E-Waste,6409,76,9464,7,Incineration,2025,2,Ahmedabad Landfill,"19.3868, 72.7845",69399,1970,2.250050152689216,7.54633698902179,2.197276641789305,7.589392537406589,79.71540468707546
KAGGLE_03,179,Ahmedabad,Construction,5933,68,9464,8,Landfill,2882,7,Ahmedabad Landfill,"19.3868, 72.7845",69399,1970,4.576701893787972,8.148588836196263,3.4656449132736307,7.041641451836043,67.79313755141943
KAGGLE_03,180,Ahmedabad,Hazardous,2686,81,9464,9,Incineration,1638,9,Ahmedabad Landfill,"19.3868, 72.7845",69399,1970,5.163592418303174,6.9732044990027084,4.203118348005807,8.092569070753298,78.52189459494672
KAGGLE_03,181,Ahmedabad,Plastic,5578,55,9464,6,Recycling,2669,12,Ahmedabad Landfill,"19.3868, 72.7845",69399,1970,5.64124455023132,7.297530931037595,5.2164856848923,5.4831808633136685,59.19168700361832
KAGGLE_03,182,Ahmedabad,Organic,929,54,9464,6,Incineration,578,12,Ahmedabad Landfill,"19.3868, 72.7845",69399,1970,5.506350039167788,2.016881012324937,4.942851106693553,5.7382304210818,57.1888847834984
KAGGLE_03,183,Ahmedabad,E-Waste,2118,57,9464,5,Composting,3419,11,Ahmedabad Landfill,"19.3868, 72.7845",69399,1970,5.343543659643928,8.169416290133226,4.276885727742767,5.561403779067186,58.35789397552447
KAGGLE_03,184,Ahmedabad,Construction,1658,81,9464,7,Composting,2089,15,Ahmedabad Landfill,"19.3868, 72.7845",69399,1970,7.368620379831389,6.263242438922242,6.17683107928381,8.459794674811645,79.37519530212516
KAGGLE_03,185,Ahmedabad,Hazardous,3762,69,9464,7,Incineration,4671,11,Ahmedabad Landfill,"19.3868, 72.7845",69399,1970,5.471485973573113,8.605193169841614,5.161765597389718,6.806804800951724,68.90194131832392
KAGGLE_03,186,Ahmedabad,Plastic,4012,58,9464,7,Landfill,3619,19,Ahmedabad Landfill,"19.3868, 72.7845",69399,1970,8.715729192819072,8.95124857853213,7.004230821444015,5.628233105678339,57.679279837910336
KAGGLE_03,187,Ahmedabad,Organic,7895,78,9464,5,Landfill,4526,20,Ahmedabad Landfill,"19.3868, 72.7845",69399,1970,8.726184028862885,4.551020323295404,7.460369179859827,7.753989911199699,78.66170260923116
KAGGLE_03,188,Ahmedabad,E-Waste,7663,74,9464,5,Landfill,4370,4,Ahmedabad Landfill,"19.3868, 72.7845",69399,1970,2.539976184222626,8.145707898442453,3.0135236110958687,7.662446958674868,76.90200287626267
KAGGLE_03,189,Ahmedabad,Construction,4118,79,9464,10,Landfill,2440,19,Ahmedabad Landfill,"19.3868, 72.7845",69399,1970,9.34453843005273,6.942998396237053,7.181809628548812,7.526002027863994,80.7588340822748
KAGGLE_03,190,Ahmedabad,Hazardous,5791,43,9464,9,Incineration,4871,19,Ahmedabad Landfill,"19.3868, 72.7845",69399,1970,8.830318737637224,9.809666950194526,6.294646318912356,3.9964192158720175,40.84524784603048
KAGGLE_03,191,Ahmedabad,Plastic,1334,55,9464,8,Composting,1390,1,Ahmedabad Landfill,"19.3868, 72.7845",69399,1970,2.0590799659895334,7.968252216928489,2.084722026556977,5.951444825663092,57.75299290003908
KAGGLE_03,192,Ahmedabad,Organic,3467,42,9464,10,Composting,2845,19,Ahmedabad Landfill,"19.3868, 72.7845",69399,1970,9.694016197953731,2.308448194959761,6.444422546302372,3.875491627381357,42.62626428002631
KAGGLE_03,193,Ahmedabad,E-Waste,2458,58,9464,7,Landfill,1591,4,Ahmedabad Landfill,"19.3868, 72.7845",69399,1970,3.147450953820132,7.459926819851416,2.664874362429876,5.867727317931054,59.37413159171784
KAGGLE_03,194,Ahmedabad,Construction,690,30,9464,6,Composting,2807,8,Ahmedabad Landfill,"19.3868, 72.7845",69399,1970,4.312859077611192,8.689084656210468,3.609844227188282,3.0793144666619376,32.933081718557204
KAGGLE_03,195,Ahmedabad,Hazardous,4104,83,9464,9,Incineration,3750,5,Ahmedabad Landfill,"19.3868, 72.7845",69399,1970,3.817661426254196,9.090105799447286,3.3414549198616026,8.289624462050245,80.7768395009729
KAGGLE_03,196,Ahmedabad,Plastic,9593,38,9464,10,Recycling,3688,15,Ahmedabad Landfill,"19.3868, 72.7845",69399,1970,7.7135674626978625,9.357666356658571,6.000363134042911,3.944745248576819,37.92834884258708
KAGGLE_03,197,Ahmedabad,Organic,3814,69,9464,7,Recycling,3256,0,Ahmedabad Landfill,"19.3868, 72.7845",69399,1970,1.5762067462416636,4.959948762049044,2.0473396777159665,6.629826725797618,67.93709089728156
KAGGLE_03,198,Ahmedabad,E-Waste,2978,30,9464,5,Incineration,1070,10,Ahmedabad Landfill,"19.3868, 72.7845",69399,1970,4.943749321244933,7.837292294460412,4.116003987883816,3.052662267776748,26.86428114926909
KAGGLE_03,199,Ahmedabad,Construction,8892,54,9464,5,Composting,2781,20,Ahmedabad Landfill,"19.3868, 72.7845",69399,1970,8.786571569846988,6.038660812538415,7.280165048229077,5.272173255246897,54.69341995520984
KAGGLE_03,200,Ahmedabad,Hazardous,7540,78,9464,6,Recycling,3134,7,Ahmedabad Landfill,"19.3868, 72.7845",69399,1970,3.99729812619721,9.1327938579678,3.8549959854593343,7.961667259629189,83.02311310316885
KAGGLE_03,201,Jaipur,Plastic,5518,33,2335,5,Incineration,835,2,Jaipur Landfill,"11.6909, 94.4267",71127,1970,1.8121650732348744,7.705134224441078,1.0,2.941223543373149,29.319844510988496
KAGGLE_03,202,Jaipur,Organic,6249,44,2335,7,Composting,2634,8,Jaipur Landfill,"11.6909, 94.4267",71127,1970,4.305520280372674,2.030710359089733,2.6599408814215493,4.4708774168394765,43.93543877790106
KAGGLE_03,203,Jaipur,E-Waste,5899,68,2335,5,Incineration,1058,14,Jaipur Landfill,"11.6909, 94.4267",71127,1970,6.01209646981576,7.410201756586377,3.7457155651283194,6.485270355383324,69.28108587014955
KAGGLE_03,204,Jaipur,Construction,3452,48,2335,7,Recycling,4230,14,Jaipur Landfill,"11.6909, 94.4267",71127,1970,6.998873859951668,7.285168726842447,3.831002794379696,4.578643063115036,48.24615640331236
KAGGLE_03,205,Jaipur,Hazardous,4108,31,2335,9,Landfill,3132,2,Jaipur Landfill,"11.6909, 94.4267",71127,1970,2.8034797093605057,6.527398213139801,1.4032964290174763,2.818709800323583,30.77374389496852
KAGGLE_03,206,Jaipur,Plastic,9183,55,2335,6,Landfill,1898,12,Jaipur Landfill,"11.6909, 94.4267",71127,1970,5.444545265277863,6.863739313942481,3.2763150915569064,5.182837779868818,52.40156727310835
KAGGLE_03,207,Jaipur,Organic,6175,80,2335,9,Recycling,765,19,Jaipur Landfill,"11.6909, 94.4267",71127,1970,8.7003127721547,2.1923060258525227,5.2057988540434215,8.325710951560668,80.46557348588033
KAGGLE_03,208,Jaipur,E-Waste,9774,51,2335,10,Incineration,1909,7,Jaipur Landfill,"11.6909, 94.4267",71127,1970,4.953864285087299,5.370908507518861,2.6259517232815,4.88570756766089,49.48647204596815
KAGGLE_03,209,Jaipur,Construction,7448,81,2335,9,Landfill,3668,0,Jaipur Landfill,"11.6909, 94.4267",71127,1970,1.9210566323666411,7.624619503937178,1.0,8.52712378186445,76.6201565900429
KAGGLE_03,210,Jaipur,Hazardous,9780,63,2335,9,Composting,2809,3,Jaipur Landfill,"11.6909, 94.4267",71127,1970,3.0292928849806,7.715324223067214,1.0,6.769926525345191,65.38918444102747
KAGGLE_03,211,Jaipur,Plastic,6413,63,2335,10,Recycling,3165,20,Jaipur Landfill,"11.6909, 94.4267",71127,1970,9.73492602759061,8.711068055568832,5.133113630164456,6.371260469937097,64.91677163968409
KAGGLE_03,212,Jaipur,Organic,1018,70,2335,8,Recycling,4760,10,Jaipur Landfill,"11.6909, 94.4267",71127,1970,5.597483384353813,4.783171792028407,2.493652176657403,6.6430011226657255,70.10332195370216
KAGGLE_03,213,Jaipur,E-Waste,4152,65,2335,7,Recycling,657,5,Jaipur Landfill,"11.6909, 94.4267",71127,1970,3.4437521780790328,6.309251020191662,1.8667323761146493,6.374548243379581,65.4581493764114
KAGGLE_03,214,Jaipur,Construction,9976,59,2335,5,Incineration,2344,15,Jaipur Landfill,"11.6909, 94.4267",71127,1970,6.412541590266531,7.150397640854728,4.183484011295904,6.197732263348214,61.14863602543112
KAGGLE_03,215,Jaipur,Hazardous,5281,36,2335,9,Incineration,1944,10,Jaipur Landfill,"11.6909, 94.4267",71127,1970,5.8612035411626255,6.203974782155896,2.620085436787762,3.46739072869707,36.44867931355616
KAGGLE_03,216,Jaipur,Plastic,8379,55,2335,9,Landfill,2826,19,Jaipur Landfill,"11.6909, 94.4267",71127,1970,8.826055732124122,8.187332173498461,5.693744706942256,5.087017218302789,56.80803510952263
KAGGLE_03,217,Jaipur,Organic,8991,49,2335,9,Landfill,4032,15,Jaipur Landfill,"11.6909, 94.4267",71127,1970,7.451810407919154,3.801516897879926,4.265470309831105,4.956784910928188,48.4050355982523
KAGGLE_03,218,Jaipur,E-Waste,3448,85,2335,10,Landfill,1049,3,Jaipur Landfill,"11.6909, 94.4267",71127,1970,3.4776024989699263,6.416695568116687,1.0,8.845120851496034,87.62396747714789
KAGGLE_03,219,Jaipur,Construction,9043,54,2335,9,Composting,4211,19,Jaipur Landfill,"11.6909, 94.4267",71127,1970,9.207962484443394,6.798626428643681,5.236414157040192,5.695926387143503,54.64157145186537
KAGGLE_03,220,Jaipur,Hazardous,8600,60,2335,7,Incineration,3201,1,Jaipur Landfill,"11.6909, 94.4267",71127,1970,1.980890908950244,5.95858782352912,1.0,5.675123140130354,60.38810388721175
KAGGLE_03,221,Jaipur,Plastic,5068,53,2335,6,Composting,3801,11,Jaipur Landfill,"11.6909, 94.4267",71127,1970,5.452585275826267,7.343885582647848,2.8120498038590505,5.472764614412467,50.45987782257593
KAGGLE_03,222,Jaipur,Organic,6958,65,2335,5,Composting,1632,6,Jaipur Landfill,"11.6909, 94.4267",71127,1970,3.289474122237192,3.54488751392194,1.760514400933378,6.220504263435648,65.57391170860342
KAGGLE_03,223,Jaipur,E-Waste,2534,45,2335,5,Composting,1614,15,Jaipur Landfill,"11.6909, 94.4267",71127,1970,6.3238500534742,7.74751034157206,4.54277607676948,4.218207534552173,43.3360901650111
KAGGLE_03,224,Jaipur,Construction,5821,79,2335,9,Landfill,3734,1,Jaipur Landfill,"11.6909, 94.4267",71127,1970,2.3671990595691983,6.6006155871116095,1.0,8.274071773305185,77.72343454694301
KAGGLE_03,225,Jaipur,Hazardous,4527,67,2335,7,Composting,2453,9,Jaipur Landfill,"11.6909, 94.4267",71127,1970,4.75221904457282,8.096966475117812,2.7823877279177807,6.44966895274023,65.36924874336776
KAGGLE_03,226,Lucknow,Plastic,9719,47,23465,7,Incineration,1414,11,Lucknow Landfill,"10.3904, 81.8808",80251,1970,5.463388895940837,6.096570680720616,7.564848292489096,4.463247346518012,44.86753013620155
KAGGLE_03,227,Lucknow,Organic,3449,55,23465,6,Landfill,4823,12,Lucknow Landfill,"10.3904, 81.8808",80251,1970,6.015798548479546,3.1264101862554874,7.425932232922632,5.0006533907613,59.24954280603392
KAGGLE_03,228,Lucknow,E-Waste,9765,52,23465,10,Recycling,2068,15,Lucknow Landfill,"10.3904, 81.8808",80251,1970,7.7487927948567235,8.325350682098835,8.297782070099785,5.570669034125517,54.6626781239768
KAGGLE_03,229,Lucknow,Construction,4061,53,23465,8,Incineration,1863,17,Lucknow Landfill,"10.3904, 81.8808",80251,1970,8.405897825449745,8.189188879467075,9.077573929021518,5.592594813209135,56.840735004288526
KAGGLE_03,230,Lucknow,Hazardous,5427,49,23465,9,Landfill,1299,16,Lucknow Landfill,"10.3904, 81.8808",80251,1970,8.064946913635755,6.85277569137493,8.591217755687554,5.027328935090678,46.55420996088887
KAGGLE_03,231,Lucknow,Plastic,9676,30,23465,9,Recycling,527,16,Lucknow Landfill,"10.3904, 81.8808",80251,1970,8.198334246253506,5.845961195214553,8.432011318939306,3.2502657639388426,30.142507499821782
KAGGLE_03,232,Lucknow,Organic,974,33,23465,10,Landfill,1791,2,Lucknow Landfill,"10.3904, 81.8808",80251,1970,3.0197448047284268,3.6764748984237023,5.72568195433145,2.952048567424492,30.412984749591807
KAGGLE_03,233,Lucknow,E-Waste,8698,71,23465,5,Landfill,4353,10,Lucknow Landfill,"10.3904, 81.8808",80251,1970,4.785593773333712,8.241732548751425,7.863224819443744,7.058323594587575,69.60861024560587
KAGGLE_03,234,Lucknow,Construction,979,56,23465,5,Landfill,3187,8,Lucknow Landfill,"10.3904, 81.8808",80251,1970,4.003591976461401,8.085597504563673,7.175175164276366,5.451219387348781,54.16374603316685
KAGGLE_03,235,Lucknow,Hazardous,6425,52,23465,8,Incineration,2200,8,Lucknow Landfill,"10.3904, 81.8808",80251,1970,4.597084758818699,5.685242030082333,7.235817211984294,4.793776526257017,54.47916801288312
KAGGLE_03,236,Lucknow,Plastic,5485,69,23465,9,Recycling,1887,17,Lucknow Landfill,"10.3904, 81.8808",80251,1970,8.518042752614425,6.155654382143628,8.874009420596671,6.886130485214925,68.20754064379648
KAGGLE_03,237,Lucknow,Organic,4261,36,23465,6,Incineration,1107,19,Lucknow Landfill,"10.3904, 81.8808",80251,1970,8.141728170855565,3.777364687134649,10.0,4.020739650342636,38.13675866738803
KAGGLE_03,238,Lucknow,E-Waste,2281,45,23465,8,Landfill,4891,7,Lucknow Landfill,"10.3904, 81.8808",80251,1970,4.159843893967957,9.720891559228502,6.328957994733055,4.040059119050694,46.20824177917704
KAGGLE_03,239,Lucknow,Construction,4060,77,23465,6,Landfill,1363,20,Lucknow Landfill,"10.3904, 81.8808",80251,1970,8.82828235865173,6.381252254208578,10.0,7.4914609134937935,81.60727750420958
KAGGLE_03,240,Lucknow,Hazardous,6073,36,23465,7,Landfill,4873,6,Lucknow Landfill,"10.3904, 81.8808",80251,1970,3.6321899368666544,8.923519042955768,6.8768515842455775,3.307540936205704,33.041111553720555
KAGGLE_03,241,Lucknow,Plastic,8714,53,23465,9,Incineration,4265,11,Lucknow Landfill,"10.3904, 81.8808",80251,1970,6.3832593893579626,8.591292431085158,7.843755096025675,5.038146653665697,55.5184664795736
KAGGLE_03,242,Lucknow,Organic,9845,55,23465,9,Recycling,3000,7,Lucknow Landfill,"10.3904, 81.8808",80251,1970,4.842728415741029,3.3816981400506383,7.113176022071449,5.908434551879376,57.292881740801455
KAGGLE_03,243,Lucknow,E-Waste,9114,36,23465,5,Recycling,3126,2,Lucknow Landfill,"10.3904, 81.8808",80251,1970,1.866067825273393,9.325105172787287,5.451572069846731,3.5680690542342903,34.05324232394593
KAGGLE_03,244,Lucknow,Construction,5748,73,23465,7,Composting,3385,4,Lucknow Landfill,"10.3904, 81.8808",80251,1970,2.977213092762878,7.132855595218727,5.641574073455718,7.266299412939818,75.01426667294632
KAGGLE_03,245,Lucknow,Hazardous,3455,81,23465,10,Composting,2559,15,Lucknow Landfill,"10.3904, 81.8808",80251,1970,7.445691993054871,5.770847729143333,8.569028175945249,8.360575642455283,81.67228992605246
KAGGLE_03,246,Lucknow,Plastic,9404,75,23465,9,Composting,1263,9,Lucknow Landfill,"10.3904, 81.8808",80251,1970,5.603004841985052,6.240871622272957,7.225593225658414,7.154492204004926,74.54504748009319
KAGGLE_03,247,Lucknow,Organic,8622,42,23465,6,Recycling,2945,20,Lucknow Landfill,"10.3904, 81.8808",80251,1970,8.635101986140352,5.00998658599145,9.455113852306644,4.187265354100051,40.352129026056
KAGGLE_03,248,Lucknow,E-Waste,5529,50,23465,9,Composting,1973,16,Lucknow Landfill,"10.3904, 81.8808",80251,1970,8.338380517288911,7.942812898048018,9.004375554896873,4.92998521412106,48.56178109710163
KAGGLE_03,249,Lucknow,Construction,3693,67,23465,7,Incineration,3089,3,Lucknow Landfill,"10.3904, 81.8808",80251,1970,2.7801292885430997,7.144443740625492,6.1132101270419215,6.796910690546656,71.09962419157185
KAGGLE_03,250,Lucknow,Hazardous,6895,70,23465,5,Landfill,2047,18,Lucknow Landfill,"10.3904, 81.8808",80251,1970,7.990086989835175,8.321857882620655,9.072139940063355,7.499557703250439,70.00136563791497
KAGGLE_03,251,Surat,Plastic,8754,47,24032,7,Landfill,4074,11,Surat Landfill,"32.805, 89.0238",38471,1970,5.4926730783246285,9.30936989693974,8.042595116288384,4.969448894082047,48.56426000306292
KAGGLE_03,252,Surat,Organic,4071,45,24032,9,Landfill,1912,12,Surat Landfill,"32.805, 89.0238",38471,1970,6.399705479800224,3.305903917983908,8.40789879377962,4.397865703017428,43.41820123666489
KAGGLE_03,253,Surat,E-Waste,5878,40,24032,7,Recycling,4904,6,Surat Landfill,"32.805, 89.0238",38471,1970,3.8985205493784822,8.79503006235577,6.94370159282022,4.327553052274046,38.44029410755672
KAGGLE_03,254,Surat,Construction,2465,35,24032,5,Incineration,3305,11,Surat Landfill,"32.805, 89.0238",38471,1970,5.020840414560699,8.94582651890723,8.210135604405448,3.1707083633124804,37.16396961849989
KAGGLE_03,255,Surat,Hazardous,1873,70,24032,9,Recycling,3643,2,Surat Landfill,"32.805, 89.0238",38471,1970,2.6739934018310625,7.380033720298517,5.521459638721472,6.53046368630896,67.30084757689694
KAGGLE_03,256,Surat,Plastic,9318,66,24032,5,Incineration,3163,4,Surat Landfill,"32.805, 89.0238",38471,1970,2.540410954143209,8.71295222585574,6.477307907991504,6.3044483724642735,65.16957246418946
KAGGLE_03,257,Surat,Organic,4320,66,24032,8,Composting,4625,15,Surat Landfill,"32.805, 89.0238",38471,1970,7.669199082372029,4.850459970782969,9.007310207134438,6.440411556114259,66.06805482214446
KAGGLE_03,258,Surat,E-Waste,3662,76,24032,5,Landfill,2282,1,Surat Landfill,"32.805, 89.0238",38471,1970,1.4451334737750878,7.743706752373104,4.911671436236962,7.61058075745956,76.2227452036801
KAGGLE_03,259,Surat,Construction,711,60,24032,7,Landfill,4375,19,Surat Landfill,"32.805, 89.0238",38471,1970,8.636893479388755,9.306507414711906,9.72690010646797,6.1151291405412,59.64181342996769
KAGGLE_03,260,Surat,Hazardous,3540,51,24032,7,Landfill,4362,4,Surat Landfill,"32.805, 89.0238",38471,1970,2.8895731363279107,7.021392651534604,6.218331175372004,5.510605717214422,51.79163956219185
KAGGLE_03,261,Surat,Plastic,1690,55,24032,5,Incineration,799,9,Surat Landfill,"32.805, 89.0238",38471,1970,4.429715214713592,7.914762234834407,6.997340315819083,5.509854009550457,56.38571151163562
KAGGLE_03,262,Surat,Organic,7629,64,24032,9,Landfill,617,13,Surat Landfill,"32.805, 89.0238",38471,1970,7.191675005927428,3.802233136556772,8.390615183548887,6.40127564462573,65.46927509091866
KAGGLE_03,263,Surat,E-Waste,7181,75,24032,7,Composting,870,3,Surat Landfill,"32.805, 89.0238",38471,1970,2.5462429421055432,6.460443124482043,5.916600479046619,7.050243009822983,73.02839238266435
KAGGLE_03,264,Surat,Construction,2964,64,24032,6,Landfill,1093,10,Surat Landfill,"32.805, 89.0238",38471,1970,5.004074373221814,6.787933118937686,7.162699743808566,5.934911552656224,63.43168980414241
KAGGLE_03,265,Surat,Hazardous,7457,49,24032,8,Composting,1591,12,Surat Landfill,"32.805, 89.0238",38471,1970,6.471670777950081,6.807050959634224,8.065085312452757,4.951159961916372,51.38952572375388
KAGGLE_03,266,Surat,Plastic,8273,39,24032,5,Composting,2375,4,Surat Landfill,"32.805, 89.0238",38471,1970,2.5903865419644183,6.33165315440683,6.271626910978608,3.838178613248344,40.78929437514775
KAGGLE_03,267,Surat,Organic,3841,82,24032,6,Landfill,873,5,Surat Landfill,"32.805, 89.0238",38471,1970,3.208061496554197,4.01557039970699,6.248895664535942,8.5391803949803,79.25428109703788
KAGGLE_03,268,Surat,E-Waste,6680,31,24032,6,Composting,3367,14,Surat Landfill,"32.805, 89.0238",38471,1970,6.611335112076824,8.142200057848571,8.012103116776107,2.7606795847118453,31.7029598007044
KAGGLE_03,269,Surat,Construction,9396,61,24032,10,Landfill,3159,11,Surat Landfill,"32.805, 89.0238",38471,1970,6.260886911131813,8.214893037778152,7.259038469079292,5.62497166211705,57.04354950125038
KAGGLE_03,270,Surat,Hazardous,9819,71,24032,6,Recycling,3335,0,Surat Landfill,"32.805, 89.0238",38471,1970,1.2596021726762032,9.197252676619271,4.857029343970012,7.049038767930126,71.09386980412074
KAGGLE_03,271,Surat,Plastic,7045,36,24032,7,Incineration,4404,13,Surat Landfill,"32.805, 89.0238",38471,1970,6.555300174906911,7.043248137369404,8.676194068431782,3.337478556752257,39.795534033491954
KAGGLE_03,272,Surat,Organic,7984,36,24032,9,Composting,3024,2,Surat Landfill,"32.805, 89.0238",38471,1970,2.8638416698114257,2.73864766381864,5.228676779603608,3.1496143733388373,34.10421456546203
KAGGLE_03,273,Surat,E-Waste,4476,83,24032,5,Incineration,4780,9,Surat Landfill,"32.805, 89.0238",38471,1970,4.544877134036636,8.251892895176468,7.384363688871687,8.52459828684763,81.33135390901684
KAGGLE_03,274,Surat,Construction,8728,46,24032,10,Incineration,739,13,Surat Landfill,"32.805, 89.0238",38471,1970,7.394775422451061,6.336976843573048,7.97207587069332,4.211592999957247,47.52805956314572
KAGGLE_03,275,Surat,Hazardous,5131,52,24032,6,Incineration,4379,5,Surat Landfill,"32.805, 89.0238",38471,1970,3.1461590542268203,8.809812176697536,6.071669989659549,5.308319500007771,48.91439696958071
KAGGLE_03,276,Kanpur,Plastic,9164,46,18697,8,Incineration,3975,13,Kanpur Landfill,"13.0189, 89.182",22690,1970,6.600830173261014,6.758744939991168,7.488063727417729,4.3810497501668895,44.73448994022992
KAGGLE_03,277,Kanpur,Organic,7073,31,18697,8,Landfill,1308,15,Kanpur Landfill,"13.0189, 89.182",22690,1970,7.5653598905991135,1.8696162958662697,7.868883080086192,2.773496050355022,32.192882275163505
KAGGLE_03,278,Kanpur,E-Waste,3244,48,18697,10,Landfill,2550,15,Kanpur Landfill,"13.0189, 89.182",22690,1970,7.954957725925659,7.986044458615229,7.235420915129456,4.679751522919317,46.7314283046212
KAGGLE_03,279,Kanpur,Construction,1894,61,18697,5,Recycling,4219,9,Kanpur Landfill,"13.0189, 89.182",22690,1970,4.46944479482821,9.525781499857644,6.068723658802679,6.401445776222954,60.52806002557806
KAGGLE_03,280,Kanpur,Hazardous,765,76,18697,8,Recycling,3043,2,Kanpur Landfill,"13.0189, 89.182",22690,1970,2.6053340815574364,8.341534373703515,3.9191914014615095,7.492093576904573,77.48837142063007
KAGGLE_03,281,Kanpur,Plastic,7631,30,18697,10,Composting,1798,0,Kanpur Landfill,"13.0189, 89.182",22690,1970,2.3743370938957797,5.948643249508033,3.870911784419254,3.250769649211056,30.843092167073124
KAGGLE_03,282,Kanpur,Organic,5690,31,18697,7,Incineration,916,14,Kanpur Landfill,"13.0189, 89.182",22690,1970,6.611255940160809,1.732735690640284,7.552455649517312,2.7254862967991507,31.533636792590805
KAGGLE_03,283,Kanpur,E-Waste,1151,58,18697,8,Recycling,1324,5,Kanpur Landfill,"13.0189, 89.182",22690,1970,3.5886699947306715,7.559714276298058,4.758524261414396,6.072771419665079,57.32175544145992
KAGGLE_03,284,Kanpur,Construction,3512,33,18697,9,Landfill,600,13,Kanpur Landfill,"13.0189, 89.182",22690,1970,6.5609904672375485,4.980140536015556,6.928906576725411,3.0369333249066486,33.740122230537914
KAGGLE_03,285,Kanpur,Hazardous,3659,85,18697,10,Composting,967,19,Kanpur Landfill,"13.0189, 89.182",22690,1970,9.390774994201994,7.17727210237821,8.5378582633184,8.677393129888873,84.75253463980049
KAGGLE_03,286,Kanpur,Plastic,1685,32,18697,6,Composting,4424,12,Kanpur Landfill,"13.0189, 89.182",22690,1970,5.460397186765411,7.725303123618644,7.309552662472295,3.2657815548409963,32.91561121985157
KAGGLE_03,287,Kanpur,Organic,2380,51,18697,6,Landfill,3237,18,Kanpur Landfill,"13.0189, 89.182",22690,1970,7.930037285136403,2.067861778113265,8.883276653239209,5.529144717211688,50.00613594976405
KAGGLE_03,288,Kanpur,E-Waste,2425,67,18697,6,Recycling,2881,11,Kanpur Landfill,"13.0189, 89.182",22690,1970,5.388702330889145,9.577409065312583,6.184932936811861,6.587322517975314,66.63486205124092
KAGGLE_03,289,Kanpur,Construction,2175,49,18697,5,Landfill,4912,20,Kanpur Landfill,"13.0189, 89.182",22690,1970,8.267486921285704,7.4314317282264675,9.151029561311637,4.46616518883444,47.02008441489597
KAGGLE_03,290,Kanpur,Hazardous,9047,65,18697,6,Recycling,4499,12,Kanpur Landfill,"13.0189, 89.182",22690,1970,5.789281661802706,9.084878107966524,6.761745704218589,6.019155485551253,64.92998477998754
KAGGLE_03,291,Kanpur,Plastic,7509,84,18697,9,Incineration,2977,0,Kanpur Landfill,"13.0189, 89.182",22690,1970,1.926710703983656,7.570615595480828,3.782479824045725,8.726858560972753,82.3779982727423
KAGGLE_03,292,Kanpur,Organic,4907,35,18697,10,Landfill,1193,14,Kanpur Landfill,"13.0189, 89.182",22690,1970,7.109962746806279,3.1106039983168645,7.644286611163267,3.524735637661432,32.771907099676014
KAGGLE_03,293,Kanpur,E-Waste,8691,36,18697,9,Recycling,2462,14,Kanpur Landfill,"13.0189, 89.182",22690,1970,7.456204454700401,5.933727354141617,7.808448069961653,3.8752440518349496,36.51732229571078
KAGGLE_03,294,Kanpur,Construction,2431,64,18697,6,Recycling,4364,19,Kanpur Landfill,"13.0189, 89.182",22690,1970,8.209393161708999,7.87407058751022,9.090950232318791,6.1344256000115145,64.42547955171533
KAGGLE_03,295,Kanpur,Hazardous,9223,67,18697,5,Recycling,902,8,Kanpur Landfill,"13.0189, 89.182",22690,1970,3.8501621187121,6.139792789693763,5.967144223854566,6.545083745513233,68.56574746989715
KAGGLE_03,296,Kanpur,Plastic,4064,36,18697,10,Landfill,2196,4,Kanpur Landfill,"13.0189, 89.182",22690,1970,3.76856356737604,8.38203685411123,4.747142797116748,3.1301038722113192,35.137748860849804
KAGGLE_03,297,Kanpur,Organic,2382,80,18697,8,Landfill,716,2,Kanpur Landfill,"13.0189, 89.182",22690,1970,2.598325631595428,3.24795657397995,4.677570723675024,8.461492324574113,80.8161056936735
KAGGLE_03,298,Kanpur,E-Waste,3758,62,18697,6,Composting,2497,20,Kanpur Landfill,"13.0189, 89.182",22690,1970,8.446300216495677,8.2803765525799,8.641023021078546,6.3678679067008135,63.101595144547325
KAGGLE_03,299,Kanpur,Construction,9586,35,18697,7,Composting,2247,8,Kanpur Landfill,"13.0189, 89.182",22690,1970,4.558313695347641,8.314793146326604,5.954095666649763,3.933205087759306,35.88954761566319
KAGGLE_03,300,Kanpur,Hazardous,6429,52,18697,10,Incineration,1129,9,Kanpur Landfill,"13.0189, 89.182",22690,1970,5.371320412834939,8.468690686711716,5.998600099341118,4.965496407429073,50.34869263439572
KAGGLE_03,301,Nagpur,Plastic,3771,51,19087,10,Landfill,3717,5,Nagpur Landfill,"35.7049, 71.8706",49830,1970,3.936459427490661,8.096171532226496,5.377794522442896,5.2114636112256605,51.298726964542375
KAGGLE_03,302,Nagpur,Organic,3596,78,19087,6,Incineration,2010,6,Nagpur Landfill,"35.7049, 71.8706",49830,1970,3.52443067601934,4.4813247000749845,5.211562361628527,7.978499968292638,78.72828059210933
KAGGLE_03,303,Nagpur,E-Waste,3689,63,19087,9,Recycling,4676,19,Nagpur Landfill,"35.7049, 71.8706",49830,1970,9.107020143776522,7.392509874597489,8.412756394469845,6.117549700257588,63.01435693381588
KAGGLE_03,304,Nagpur,Construction,6771,63,19087,8,Composting,3379,13,Nagpur Landfill,"35.7049, 71.8706",49830,1970,6.693134082049034,8.59669363887193,7.639402535410457,6.64810923501563,58.82704468325783
KAGGLE_03,305,Nagpur,Hazardous,8145,57,19087,6,Recycling,4243,12,Nagpur Landfill,"35.7049, 71.8706",49830,1970,5.869449264888954,7.503110927425809,6.572967131684558,6.147161462900248,57.32097924794696
KAGGLE_03,306,Nagpur,Plastic,6612,31,19087,5,Recycling,1468,17,Nagpur Landfill,"35.7049, 71.8706",49830,1970,7.699100055839242,6.9200261940039685,8.22712135646995,3.4848551176960045,35.42506207879448
KAGGLE_03,307,Nagpur,Organic,1890,52,19087,5,Incineration,4587,1,Nagpur Landfill,"35.7049, 71.8706",49830,1970,1.4162827270022522,3.3124243955270085,3.942016231698029,5.439066975939372,51.27992146248604
KAGGLE_03,308,Nagpur,E-Waste,2774,57,19087,8,Composting,1765,9,Nagpur Landfill,"35.7049, 71.8706",49830,1970,5.024044483810585,8.252453216172555,5.760093412060687,5.477464679724954,55.54384580428936
KAGGLE_03,309,Nagpur,Construction,2848,37,19087,5,Composting,3397,9,Nagpur Landfill,"35.7049, 71.8706",49830,1970,4.512034252346673,9.197230513386822,5.757182267026446,3.481616042105632,37.7466971194228
KAGGLE_03,310,Nagpur,Hazardous,9161,52,19087,10,Composting,4277,0,Nagpur Landfill,"35.7049, 71.8706",49830,1970,2.221426866407456,9.605445835070052,3.646385220840848,5.663360320446038,52.624756420933146
KAGGLE_03,311,Nagpur,Plastic,2872,47,19087,5,Incineration,1084,16,Nagpur Landfill,"35.7049, 71.8706",49830,1970,6.926531088268514,7.37309799221133,8.33793380324102,4.210284495935692,49.38547033083283
KAGGLE_03,312,Nagpur,Organic,1799,32,19087,8,Recycling,994,19,Nagpur Landfill,"35.7049, 71.8706",49830,1970,8.442450152150315,3.937287005555077,8.503642192712046,3.4160499732421443,29.484263688182224
KAGGLE_03,313,Nagpur,E-Waste,1683,52,19087,8,Recycling,928,3,Nagpur Landfill,"35.7049, 71.8706",49830,1970,2.748895290089153,6.519892870253301,5.171622619310316,5.406246162555262,53.46276050514999
KAGGLE_03,314,Nagpur,Construction,1312,65,19087,8,Incineration,4213,6,Nagpur Landfill,"35.7049, 71.8706",49830,1970,4.200966917609495,9.37102296060039,5.552785741724214,6.622689540949797,66.18084412250293
KAGGLE_03,315,Nagpur,Hazardous,8479,57,19087,5,Incineration,3518,13,Nagpur Landfill,"35.7049, 71.8706",49830,1970,6.062208514160287,8.736224261388836,7.157777638503786,6.190108846086866,56.715706926118905
KAGGLE_03,316,Nagpur,Plastic,4929,39,19087,8,Composting,4371,14,Nagpur Landfill,"35.7049, 71.8706",49830,1970,7.110591457552875,8.822111703895674,7.551252283404474,3.7118794357637257,39.67737463584338
KAGGLE_03,317,Nagpur,Organic,8001,78,19087,7,Landfill,1652,11,Nagpur Landfill,"35.7049, 71.8706",49830,1970,5.559125862295155,2.8000259543806703,6.737861833961288,7.639971863793248,80.05891496319671
KAGGLE_03,318,Nagpur,E-Waste,4941,42,19087,7,Recycling,1341,13,Nagpur Landfill,"35.7049, 71.8706",49830,1970,6.13903211698199,6.376619024572209,7.479939702492345,3.778939402946556,43.7446307600569
KAGGLE_03,319,Nagpur,Construction,7157,54,19087,9,Landfill,3776,16,Nagpur Landfill,"35.7049, 71.8706",49830,1970,7.678082233841351,7.8943852815176285,7.753659514707873,5.342798136543737,51.71396137585254
KAGGLE_03,320,Nagpur,Hazardous,4487,70,19087,8,Landfill,753,6,Nagpur Landfill,"35.7049, 71.8706",49830,1970,3.901877769300997,6.415567926433568,5.3242138403353225,6.761048526234847,71.64031637351097
KAGGLE_03,321,Nagpur,Plastic,8211,56,19087,10,Incineration,3459,1,Nagpur Landfill,"35.7049, 71.8706",49830,1970,2.6624405143899925,6.969484184252321,4.615257751268271,5.443386702177644,55.87062278993496
KAGGLE_03,322,Nagpur,Organic,3087,44,19087,8,Composting,1673,11,Nagpur Landfill,"35.7049, 71.8706",49830,1970,5.988765127034869,1.9242048055578984,7.167619961885426,4.734571790255627,44.14574819603103
KAGGLE_03,323,Nagpur,E-Waste,2446,34,19087,7,Landfill,3797,19,Nagpur Landfill,"35.7049, 71.8706",49830,1970,8.715916220607696,8.497358578699151,9.113721676221497,3.835484513527496,34.14639398200339
KAGGLE_03,324,Nagpur,Construction,7276,84,19087,6,Composting,4414,3,Nagpur Landfill,"35.7049, 71.8706",49830,1970,2.3444366220378985,8.587565081829418,4.640611442692334,8.085733072005187,83.69951402240348
KAGGLE_03,325,Nagpur,Hazardous,2698,60,19087,6,Composting,4250,13,Nagpur Landfill,"35.7049, 71.8706",49830,1970,6.392331932515271,8.202690990109515,7.501528951741902,5.872508931553466,62.38341499421413
KAGGLE_03,326,Patna,Plastic,4649,46,16101,7,Landfill,4941,5,Patna Landfill,"18.5496, 94.8411",67316,1970,3.4745248966972087,8.512827233038385,4.576244188693908,5.028630562115394,45.83256408030157
KAGGLE_03,327,Patna,Organic,8814,55,16101,7,Incineration,1093,12,Patna Landfill,"18.5496, 94.8411",67316,1970,6.015961491847337,1.3553740250454631,6.347448307538912,5.061808460689223,52.76090774323366
KAGGLE_03,328,Patna,E-Waste,9674,61,16101,9,Composting,4410,6,Patna Landfill,"18.5496, 94.8411",67316,1970,4.303354800068053,7.803409637254472,4.554588564450094,5.6923605281113785,60.212940288060544
KAGGLE_03,329,Patna,Construction,2770,38,16101,7,Composting,4725,1,Patna Landfill,"18.5496, 94.8411",67316,1970,1.8907065418390032,8.664119654408877,3.6910387586513274,3.462790989206229,38.35738943362095
KAGGLE_03,330,Patna,Hazardous,8112,75,16101,8,Landfill,4847,14,Patna Landfill,"18.5496, 94.8411",67316,1970,6.78956843108779,9.027398539922462,6.536044353146157,7.595212834126874,77.4584295685941
KAGGLE_03,331,Patna,Plastic,2480,54,16101,6,Composting,2899,1,Patna Landfill,"18.5496, 94.8411",67316,1970,1.6339483090690807,8.816680292374773,3.4314731544600034,5.050472271005997,55.20618936989767
KAGGLE_03,332,Patna,Organic,9551,53,16101,10,Recycling,613,2,Patna Landfill,"18.5496, 94.8411",67316,1970,3.101678742662308,3.630003670541165,4.204938657012745,5.768076381450734,51.29892944250591
KAGGLE_03,333,Patna,E-Waste,8893,30,16101,9,Composting,2435,5,Patna Landfill,"18.5496, 94.8411",67316,1970,3.685377983775503,6.068896832028781,4.306984264603664,2.9467145272585205,34.97037983335778
KAGGLE_03,334,Patna,Construction,2294,60,16101,7,Composting,1318,12,Patna Landfill,"18.5496, 94.8411",67316,1970,5.745367891141175,7.8676546914137955,5.921066740566243,6.001517960350166,60.52955062195596
KAGGLE_03,335,Patna,Hazardous,5732,35,16101,10,Landfill,3828,5,Patna Landfill,"18.5496, 94.8411",67316,1970,3.934005055247015,7.688681434525204,4.1689160480056255,3.2466586158054063,37.55078147599803
KAGGLE_03,336,Patna,Plastic,7850,30,16101,9,Recycling,2453,0,Patna Landfill,"18.5496, 94.8411",67316,1970,1.928984131665886,6.596438197674197,3.790692975895917,2.9709602524347334,29.69657113284554
KAGGLE_03,337,Patna,Organic,8634,78,16101,6,Incineration,2042,15,Patna Landfill,"18.5496, 94.8411",67316,1970,7.09694389008223,2.47308889016812,7.106828893354644,7.961913632637011,79.0667184894109
KAGGLE_03,338,Patna,E-Waste,2971,34,16101,10,Recycling,3891,11,Patna Landfill,"18.5496, 94.8411",67316,1970,6.4861236303461824,7.770791845279485,6.0093205272098285,3.6511771369540416,35.67893700903681
KAGGLE_03,339,Patna,Construction,3937,60,16101,10,Recycling,2798,17,Patna Landfill,"18.5496, 94.8411",67316,1970,8.552828697681026,6.781108670812055,7.910787036400729,6.2538680827099125,62.43638942350852
KAGGLE_03,340,Patna,Hazardous,2450,81,16101,6,Composting,2554,9,Patna Landfill,"18.5496, 94.8411",67316,1970,4.430459361727704,8.469838970173246,5.935734383303325,8.177891112694088,83.11473661075645
KAGGLE_03,341,Patna,Plastic,5289,80,16101,6,Composting,4814,2,Patna Landfill,"18.5496, 94.8411",67316,1970,2.029199598604364,7.969856880778929,3.682099488508414,8.404359774993857,81.74439400014596
KAGGLE_03,342,Patna,Organic,2838,64,16101,8,Recycling,2341,9,Patna Landfill,"18.5496, 94.8411",67316,1970,5.103962291748162,3.857476023403114,5.793526512866604,6.7174078473061085,63.369826537611786
KAGGLE_03,343,Patna,E-Waste,4581,38,16101,10,Recycling,874,14,Patna Landfill,"18.5496, 94.8411",67316,1970,7.2139685483918115,6.212133397913002,7.121031271244696,4.057048114698626,36.85650791608788
KAGGLE_03,344,Patna,Construction,8770,85,16101,5,Landfill,4856,16,Patna Landfill,"18.5496, 94.8411",67316,1970,6.922864408058933,7.666965902569024,7.504559142258764,8.05560552168046,85.66521502064839
KAGGLE_03,345,Patna,Hazardous,9560,50,16101,9,Incineration,3551,12,Patna Landfill,"18.5496, 94.8411",67316,1970,6.408645119637537,6.989878426753941,6.00150353019291,4.506877962219649,51.86625614468214
KAGGLE_03,346,Patna,Plastic,9786,79,16101,8,Landfill,4591,12,Patna Landfill,"18.5496, 94.8411",67316,1970,6.303748755981228,8.570415708262042,6.725791538909867,7.612447277195473,78.55455859844679
KAGGLE_03,347,Patna,Organic,1934,32,16101,6,Recycling,3517,20,Patna Landfill,"18.5496, 94.8411",67316,1970,8.819055207805551,3.865299442588075,8.389003008128817,3.3635235939134525,34.130343931428776
KAGGLE_03,348,Patna,E-Waste,7176,61,16101,6,Incineration,4670,16,Patna Landfill,"18.5496, 94.8411",67316,1970,6.880323844407008,9.740326272432664,7.132380881762813,6.011197488882546,63.90523349097236
KAGGLE_03,349,Patna,Construction,3657,41,16101,6,Landfill,2447,15,Patna Landfill,"18.5496, 94.8411",67316,1970,6.75850745849929,8.447004191481735,7.025136640830503,4.002406259299312,39.16735816185316
KAGGLE_03,350,Patna,Hazardous,666,58,16101,6,Composting,2751,9,Patna Landfill,"18.5496, 94.8411",67316,1970,4.684740518544863,6.3637889741584805,5.137479545791717,6.184586888229614,56.32615859240744
KAGGLE_03,351,Bhopal,Plastic,4466,83,4071,8,Recycling,3118,17,Bhopal Landfill,"18.3203, 75.8314",83130,1970,8.084147711486139,9.203021846766305,4.724862473659168,8.69556284813184,82.71924988218933
KAGGLE_03,352,Bhopal,Organic,6799,51,4071,5,Composting,1735,7,Bhopal Landfill,"18.3203, 75.8314",83130,1970,3.7727544670986912,4.535773041628778,2.862542422952612,5.509175264053586,51.6152253363784
KAGGLE_03,353,Bhopal,E-Waste,7350,36,4071,9,Incineration,3424,5,Bhopal Landfill,"18.3203, 75.8314",83130,1970,3.947918680145724,6.765884155755025,1.5970073071921176,3.413878076515027,34.9508659724659
KAGGLE_03,354,Bhopal,Construction,9384,71,4071,5,Landfill,1922,18,Bhopal Landfill,"18.3203, 75.8314",83130,1970,7.444742723766573,7.51277143635968,5.263561500919042,7.291055812739262,73.70440535773429
KAGGLE_03,355,Bhopal,Hazardous,8117,44,4071,6,Composting,1207,14,Bhopal Landfill,"18.3203, 75.8314",83130,1970,6.189981112313718,8.402407031998171,4.36950585352234,4.17163318127437,44.8481337230369
KAGGLE_03,356,Bhopal,Plastic,7146,63,4071,10,Composting,2539,16,Bhopal Landfill,"18.3203, 75.8314",83130,1970,8.324616181856317,6.812734696882637,4.401630092437724,5.9906098330744495,63.07889409648148
KAGGLE_03,357,Bhopal,Organic,2797,74,4071,10,Landfill,2013,19,Bhopal Landfill,"18.3203, 75.8314",83130,1970,8.8661580011673,3.921582581279721,6.070073835409084,7.08463245734737,71.12818095226295
KAGGLE_03,358,Bhopal,E-Waste,9730,59,4071,8,Recycling,3752,10,Bhopal Landfill,"18.3203, 75.8314",83130,1970,5.53720689244735,8.892381209189798,3.073121003686423,5.742107620863594,56.36836836714499
KAGGLE_03,359,Bhopal,Construction,2396,42,4071,10,Composting,4938,13,Bhopal Landfill,"18.3203, 75.8314",83130,1970,7.414438176867598,8.57338501170908,3.901194392073032,4.129957619779821,42.56201850056361
KAGGLE_03,360,Bhopal,Hazardous,8644,36,4071,8,Recycling,4560,11,Bhopal Landfill,"18.3203, 75.8314",83130,1970,5.904589654882396,8.647345652766948,3.4009381846917788,3.930949171055069,31.734808747690327
KAGGLE_03,361,Bhopal,Plastic,3735,47,4071,10,Landfill,4938,14,Bhopal Landfill,"18.3203, 75.8314",83130,1970,7.378542116213933,8.403039597271288,4.077412334554102,4.319891093472712,49.02527481928814
KAGGLE_03,362,Bhopal,Organic,1025,48,4071,10,Composting,503,17,Bhopal Landfill,"18.3203, 75.8314",83130,1970,8.701091899853498,3.7746183123757753,4.598469494523062,5.034925847394894,47.68369231125536
KAGGLE_03,363,Bhopal,E-Waste,2177,52,4071,7,Composting,3857,10,Bhopal Landfill,"18.3203, 75.8314",83130,1970,5.218845550674111,6.788733955792488,3.576340466524748,5.231454914189305,58.48618593918947
KAGGLE_03,364,Bhopal,Construction,9006,30,4071,9,Recycling,4386,9,Bhopal Landfill,"18.3203, 75.8314",83130,1970,5.390353830121767,6.967287258582275,3.563841172236036,2.787945342675992,34.61583250123222
KAGGLE_03,365,Bhopal,Hazardous,9834,44,4071,6,Recycling,4541,6,Bhopal Landfill,"18.3203, 75.8314",83130,1970,3.676351136021766,8.68437952098041,2.071289155721796,4.392819584532825,43.637101861504966
KAGGLE_03,366,Bhopal,Plastic,2220,67,4071,9,Landfill,1402,8,Bhopal Landfill,"18.3203, 75.8314",83130,1970,4.935499668201205,6.1475472842534415,3.010042864240174,6.499942069777023,66.78732599493738
KAGGLE_03,367,Bhopal,Organic,1942,42,4071,9,Landfill,3010,17,Bhopal Landfill,"18.3203, 75.8314",83130,1970,8.721449766059763,3.984195864417688,5.338891999395465,4.296081955238305,43.99116302800406
KAGGLE_03,368,Bhopal,E-Waste,9089,53,4071,7,Landfill,3699,12,Bhopal Landfill,"18.3203, 75.8314",83130,1970,6.232665710579851,9.079396313201396,4.195421051527275,5.233843922855245,56.40634521983608
KAGGLE_03,369,Bhopal,Construction,7209,52,4071,5,Recycling,3052,2,Bhopal Landfill,"18.3203, 75.8314",83130,1970,1.724002665471178,8.210552430247073,1.26962486945036,4.864405529078878,48.72394188512797
KAGGLE_03,370,Bhopal,Hazardous,4153,74,4071,7,Incineration,4045,0,Bhopal Landfill,"18.3203, 75.8314",83130,1970,1.4627005263061443,8.120196610435022,1.0,7.016583074555697,70.42724906929062
KAGGLE_03,371,Bhopal,Plastic,9364,83,4071,10,Landfill,892,11,Bhopal Landfill,"18.3203, 75.8314",83130,1970,6.091574482862413,7.925364447675296,3.4222908064597823,8.34669568207213,81.75593038889124
KAGGLE_03,372,Bhopal,Organic,1667,72,4071,10,Landfill,1400,10,Bhopal Landfill,"18.3203, 75.8314",83130,1970,5.684955097902581,1.549292517746542,3.559617005535264,7.602413033286103,73.16547516634773
KAGGLE_03,373,Bhopal,E-Waste,4863,45,4071,9,Incineration,3429,14,Bhopal Landfill,"18.3203, 75.8314",83130,1970,6.916729729714826,8.62300336839263,4.663775138942388,4.343957686557685,45.9937471810152
KAGGLE_03,374,Bhopal,Construction,6131,50,4071,8,Composting,714,17,Bhopal Landfill,"18.3203, 75.8314",83130,1970,8.23295672773913,5.687501368668404,4.778609640193353,5.233000107222623,52.1395429099677
KAGGLE_03,375,Bhopal,Hazardous,7203,43,4071,9,Recycling,3001,19,Bhopal Landfill,"18.3203, 75.8314",83130,1970,8.672267922843407,6.85156562345341,5.467936680594517,4.458661354939767,40.60060494326938
KAGGLE_03,376,Thiruvananthapuram,Plastic,4709,49,18418,8,Landfill,3236,3,Thiruvananthapuram Landfill,"17.2935, 83.4447",30373,1970,2.839536842777825,6.693373536271749,4.983914231369656,5.331554914309481,44.36771227406225
KAGGLE_03,377,Thiruvananthapuram,Organic,8515,64,18418,7,Incineration,4289,5,Thiruvananthapuram Landfill,"17.2935, 83.4447",30373,1970,3.512832813721787,3.2505655125129014,5.388667554315245,6.720981017299141,65.7160283906043
KAGGLE_03,378,Thiruvananthapuram,E-Waste,8079,39,18418,6,Recycling,1230,7,Thiruvananthapuram Landfill,"17.2935, 83.4447",30373,1970,3.688995790959435,5.71933131914655,6.066832437382982,3.966605258905463,37.34360745406953
KAGGLE_03,379,Thiruvananthapuram,Construction,9230,73,18418,8,Recycling,957,4,Thiruvananthapuram Landfill,"17.2935, 83.4447",30373,1970,3.3745820011050016,5.885994198599006,5.086222294302587,7.457030498234107,68.96302427122272
KAGGLE_03,380,Thiruvananthapuram,Hazardous,8655,61,18418,7,Landfill,1124,0,Thiruvananthapuram Landfill,"17.2935, 83.4447",30373,1970,1.4994345158002431,6.19074816033581,3.725169235648429,6.4983864665840345,61.29012749191876
KAGGLE_03,381,Thiruvananthapuram,Plastic,4070,83,18418,7,Landfill,4747,1,Thiruvananthapuram Landfill,"17.2935, 83.4447",30373,1970,1.8274307771526328,9.689914631731568,4.172611868615144,8.199518784586935,84.58635137643735
KAGGLE_03,382,Thiruvananthapuram,Organic,4982,44,18418,10,Recycling,3279,6,Thiruvananthapuram Landfill,"17.2935, 83.4447",30373,1970,4.592964162418504,3.734807112769381,5.492988288867826,4.2267947058577775,43.755885735757445
KAGGLE_03,383,Thiruvananthapuram,E-Waste,2323,84,18418,8,Recycling,907,12,Thiruvananthapuram Landfill,"17.2935, 83.4447",30373,1970,6.312155515842122,6.531292694372784,6.41042985093763,7.910811083635197,83.08430322763502
KAGGLE_03,384,Thiruvananthapuram,Construction,917,35,18418,7,Incineration,1559,14,Thiruvananthapuram Landfill,"17.2935, 83.4447",30373,1970,6.98429586128175,8.767857273512883,7.376470993724371,3.826551074191464,34.68127553570819
KAGGLE_03,385,Thiruvananthapuram,Hazardous,8160,78,18418,5,Landfill,4193,16,Thiruvananthapuram Landfill,"17.2935, 83.4447",30373,1970,7.138591848194252,8.58120076234932,8.041294863093116,8.100980700403365,77.25883447519844
KAGGLE_03,386,Thiruvananthapuram,Plastic,7306,67,18418,5,Landfill,1198,3,Thiruvananthapuram Landfill,"17.2935, 83.4447",30373,1970,2.2257423802555847,6.434959179451939,4.249295338621566,6.304454518100151,64.30390577611966
KAGGLE_03,387,Thiruvananthapuram,Organic,3645,54,18418,10,Incineration,2113,18,Thiruvananthapuram Landfill,"17.2935, 83.4447",30373,1970,8.746743400608668,3.9897157321391097,8.612605752046063,5.4768573811327,52.570638646019134
KAGGLE_03,388,Thiruvananthapuram,E-Waste,8521,58,18418,5,Composting,2668,14,Thiruvananthapuram Landfill,"17.2935, 83.4447",30373,1970,6.022248489924672,6.783113717893645,7.415746815134617,5.763981698166887,59.042559810027626
KAGGLE_03,389,Thiruvananthapuram,Construction,4348,74,18418,10,Incineration,516,20,Thiruvananthapuram Landfill,"17.2935, 83.4447",30373,1970,9.934351127536257,5.845028750450251,9.2841958203181,7.018709095509111,74.643357082753
KAGGLE_03,390,Thiruvananthapuram,Hazardous,8086,37,18418,9,Composting,4283,0,Thiruvananthapuram Landfill,"17.2935, 83.4447",30373,1970,2.099261056482564,6.953600285198345,3.374396332827398,4.180568227060723,37.33611961193364
KAGGLE_03,391,Thiruvananthapuram,Plastic,3990,65,18418,10,Recycling,4017,7,Thiruvananthapuram Landfill,"17.2935, 83.4447",30373,1970,5.119414806980747,8.72286151092472,5.347300172175974,6.214695887463355,63.00970303629324
KAGGLE_03,392,Thiruvananthapuram,Organic,3262,70,18418,6,Incineration,2759,14,Thiruvananthapuram Landfill,"17.2935, 83.4447",30373,1970,6.418055470094996,4.393785134251384,7.433527913920329,6.567234180090561,69.63699367572866
KAGGLE_03,393,Thiruvananthapuram,E-Waste,4682,46,18418,9,Incineration,4895,1,Thiruvananthapuram Landfill,"17.2935, 83.4447",30373,1970,2.3683146703629907,9.47417554029381,3.878533946826437,4.69484737950191,41.64586990711429
KAGGLE_03,394,Thiruvananthapuram,Construction,5653,48,18418,9,Landfill,2017,7,Thiruvananthapuram Landfill,"17.2935, 83.4447",30373,1970,4.757242289689378,6.657163760758342,5.796398198691748,5.038866677133033,48.35695332777078
KAGGLE_03,395,Thiruvananthapuram,Hazardous,3598,84,18418,10,Landfill,2156,15,Thiruvananthapuram Landfill,"17.2935, 83.4447",30373,1970,7.7068206448873084,9.266851474399422,7.840979317142438,7.932443446047186,86.85771541562714
KAGGLE_03,396,Thiruvananthapuram,Plastic,3165,46,18418,9,Recycling,4394,2,Thiruvananthapuram Landfill,"17.2935, 83.4447",30373,1970,2.8995945625726725,8.7195046852181,3.934489998686981,4.758717638727022,43.05173573591579
KAGGLE_03,397,Thiruvananthapuram,Organic,8796,81,18418,9,Incineration,2365,1,Thiruvananthapuram Landfill,"17.2935, 83.4447",30373,1970,2.494440072415797,3.632459619818887,4.095828498827274,8.132291875951456,79.82814465336449
KAGGLE_03,398,Thiruvananthapuram,E-Waste,1484,57,18418,9,Recycling,1031,9,Thiruvananthapuram Landfill,"17.2935, 83.4447",30373,1970,5.325551547861596,5.9350437168448575,6.090864590211562,5.303265008875049,57.65821355742026
KAGGLE_03,399,Thiruvananthapuram,Construction,5645,48,18418,7,Landfill,3612,17,Thiruvananthapuram Landfill,"17.2935, 83.4447",30373,1970,8.035947410251085,7.154008081158233,7.951254804836047,4.472523876946362,50.50568526885497
KAGGLE_03,400,Thiruvananthapuram,Hazardous,684,34,18418,10,Composting,4166,20,Thiruvananthapuram Landfill,"17.2935, 83.4447",30373,1970,9.93823146475148,9.221228960754132,9.26489889719018,3.4679742973160805,33.1035507673997
KAGGLE_03,401,Indore,Plastic,8144,67,2929,9,Composting,3555,5,Indore Landfill,"24.6237, 95.1044",61142,1970,3.7215340145664433,6.333609497519614,2.1869021254657643,6.496357613513288,65.61549934146821
KAGGLE_03,402,Indore,Organic,9725,81,2929,7,Composting,3629,19,Indore Landfill,"24.6237, 95.1044",61142,1970,8.92839019797525,3.1010741172040475,5.55660518750218,8.538315728651316,77.06215371516784
KAGGLE_03,403,Indore,E-Waste,5037,38,2929,10,Recycling,553,2,Indore Landfill,"24.6237, 95.1044",61142,1970,3.0205844307634275,5.921086063322577,1.3237224413275408,4.118740229484051,38.20687625861621
KAGGLE_03,404,Indore,Construction,9377,54,2929,10,Composting,886,1,Indore Landfill,"24.6237, 95.1044",61142,1970,2.741174780121275,6.821331032795152,1.0,5.883567206513663,58.08415208028749
KAGGLE_03,405,Indore,Hazardous,5566,78,2929,5,Composting,1566,13,Indore Landfill,"24.6237, 95.1044",61142,1970,5.750045270879252,6.764547091727686,4.28039032668912,7.559670838950415,78.55471692392935
KAGGLE_03,406,Indore,Plastic,9082,78,2929,9,Incineration,4800,16,Indore Landfill,"24.6237, 95.1044",61142,1970,8.280410834930581,8.737462427778349,4.803991232845829,8.269723632797977,77.95544204163258
KAGGLE_03,407,Indore,Organic,6803,69,2929,7,Landfill,1646,8,Indore Landfill,"24.6237, 95.1044",61142,1970,4.448661847470745,4.413539402549082,2.8383768672483605,6.831233869791558,69.64416462153397
KAGGLE_03,408,Indore,E-Waste,9293,76,2929,7,Landfill,3839,10,Indore Landfill,"24.6237, 95.1044",61142,1970,4.975760688864864,9.863499002215034,3.4710867093798883,7.447518795313755,75.97781599210279
KAGGLE_03,409,Indore,Construction,4596,77,2929,6,Composting,2361,8,Indore Landfill,"24.6237, 95.1044",61142,1970,4.433894791476956,7.000526757715924,2.383467394934735,7.250349526969353,75.37397125547974
KAGGLE_03,410,Indore,Hazardous,1504,78,2929,5,Incineration,1458,2,Indore Landfill,"24.6237, 95.1044",61142,1970,1.7033560311899998,6.24974890214762,1.4164667094592462,7.352765257859602,79.6465598313554
KAGGLE_03,411,Indore,Plastic,5086,81,2929,10,Composting,3219,0,Indore Landfill,"24.6237, 95.1044",61142,1970,2.2333997701487425,7.80744420087481,1.0,8.292011255946655,81.45152304622351
KAGGLE_03,412,Indore,Organic,725,79,2929,9,Composting,4952,12,Indore Landfill,"24.6237, 95.1044",61142,1970,6.776417244511287,5.890895470439972,3.454737757837431,7.857928994434028,79.03522650386732
KAGGLE_03,413,Indore,E-Waste,6111,66,2929,10,Incineration,2516,0,Indore Landfill,"24.6237, 95.1044",61142,1970,2.389303241405173,8.181170448019223,1.0,6.326521626036106,64.0492679454435
KAGGLE_03,414,Indore,Construction,4593,55,2929,8,Landfill,3925,0,Indore Landfill,"24.6237, 95.1044",61142,1970,1.7986132089115854,6.715738027918918,1.0879212739816837,5.613970306325233,57.60701586386952
KAGGLE_03,415,Indore,Hazardous,783,58,2929,9,Recycling,3261,1,Indore Landfill,"24.6237, 95.1044",61142,1970,2.4356875139869087,7.019924633861988,1.2159330293404702,5.552858118250112,59.32940549066622
KAGGLE_03,416,Indore,Plastic,6251,77,2929,6,Composting,2147,6,Indore Landfill,"24.6237, 95.1044",61142,1970,3.493717977902417,7.372709380473271,2.3105656671828028,7.777631754344422,75.8941583252654
KAGGLE_03,417,Indore,Organic,2950,44,2929,8,Composting,1006,1,Indore Landfill,"24.6237, 95.1044",61142,1970,2.106027471979236,3.647796795670357,1.0864525672079337,4.25920874698269,46.00364970736388
KAGGLE_03,418,Indore,E-Waste,8734,30,2929,10,Incineration,3781,4,Indore Landfill,"24.6237, 95.1044",61142,1970,3.69207402801881,7.271988500498168,1.6714685999951144,3.323552226611819,29.004858323229584
KAGGLE_03,419,Indore,Construction,8915,80,2929,8,Recycling,624,4,Indore Landfill,"24.6237, 95.1044",61142,1970,3.3255038747332484,8.004933490359118,2.0564864727010628,8.32069616076678,78.43599301497792
KAGGLE_03,420,Indore,Hazardous,5025,36,2929,5,Landfill,3164,12,Indore Landfill,"24.6237, 95.1044",61142,1970,5.631835958113912,8.349168614155928,3.605654558474905,3.577350398122401,34.48059376503942
KAGGLE_03,421,Indore,Plastic,4551,56,2929,7,Incineration,2510,0,Indore Landfill,"24.6237, 95.1044",61142,1970,1.5875511322642095,6.53108195824468,1.0,5.450819109335016,52.457862893823815
KAGGLE_03,422,Indore,Organic,9201,70,2929,9,Recycling,2492,6,Indore Landfill,"24.6237, 95.1044",61142,1970,4.382434781460259,2.8391630754791883,1.772431142524134,6.862559796559094,70.94308476083641
KAGGLE_03,423,Indore,E-Waste,4466,74,2929,7,Landfill,4170,5,Indore Landfill,"24.6237, 95.1044",61142,1970,3.242951239250356,7.338775576260088,2.1456014578536013,7.705714525668218,70.3377102433233
KAGGLE_03,424,Indore,Construction,814,35,2929,6,Composting,2996,18,Indore Landfill,"24.6237, 95.1044",61142,1970,7.953526409791862,5.911002010003283,5.343839737668136,3.328179482797612,32.54311233746847
KAGGLE_03,425,Indore,Hazardous,7020,79,2929,6,Composting,3768,18,Indore Landfill,"24.6237, 95.1044",61142,1970,7.597499997545232,9.44607487066254,4.993750844116679,7.609059373706846,74.84882398184294
KAGGLE_03,426,Vadodara,Plastic,5125,37,21598,8,Landfill,3475,6,Vadodara Landfill,"31.3853, 71.6585",24927,1970,4.027526978954686,9.219964361789792,5.518785291455901,3.284688341875307,36.82786061441821
KAGGLE_03,427,Vadodara,Organic,8038,72,21598,7,Recycling,1843,19,Vadodara Landfill,"31.3853, 71.6585",24927,1970,8.524210173172891,2.678790262096023,9.58258920521468,7.166693120884409,71.69935907945626
KAGGLE_03,428,Vadodara,E-Waste,7388,32,21598,7,Recycling,4606,20,Vadodara Landfill,"31.3853, 71.6585",24927,1970,9.300172471364098,7.766599750160474,9.005009860950745,3.182132098919842,31.34660757362727
KAGGLE_03,429,Vadodara,Construction,6364,77,21598,6,Incineration,2720,3,Vadodara Landfill,"31.3853, 71.6585",24927,1970,2.362842501807674,7.7265171265802195,5.447291657125721,8.040908710402906,74.91484461065885
KAGGLE_03,430,Vadodara,Hazardous,5593,33,21598,6,Landfill,1520,5,Vadodara Landfill,"31.3853, 71.6585",24927,1970,3.0147098712605,7.616964957091642,6.213848987222728,3.021238696446064,30.65553249312672
KAGGLE_03,431,Vadodara,Plastic,1128,30,21598,7,Incineration,2941,0,Vadodara Landfill,"31.3853, 71.6585",24927,1970,1.475429094384063,6.193824186496613,4.431253205644874,2.8809912736684,30.92873972709315
KAGGLE_03,432,Vadodara,Organic,2600,50,21598,5,Incineration,609,8,Vadodara Landfill,"31.3853, 71.6585",24927,1970,4.116523259041649,3.545685181974639,6.228565282492624,5.308405738893692,48.89889613658303
KAGGLE_03,433,Vadodara,E-Waste,6120,47,21598,8,Landfill,1084,19,Vadodara Landfill,"31.3853, 71.6585",24927,1970,8.92899107642915,6.102957703686195,9.448462887540051,5.023623610748973,47.63271664307229
KAGGLE_03,434,Vadodara,Construction,8236,53,21598,5,Recycling,4879,15,Vadodara Landfill,"31.3853, 71.6585",24927,1970,6.328908200807831,7.319976911847653,8.560720019512257,5.1846110759787685,51.22950262775156
KAGGLE_03,435,Vadodara,Hazardous,4637,73,21598,8,Recycling,2427,5,Vadodara Landfill,"31.3853, 71.6585",24927,1970,3.477096977336659,8.661016880006168,5.790022193574519,7.259124023286681,73.36212548554217
KAGGLE_03,436,Vadodara,Plastic,7724,36,21598,8,Composting,509,11,Vadodara Landfill,"31.3853, 71.6585",24927,1970,5.980520250663607,5.251733045484017,7.710627152752817,3.4032858908492827,38.60655607463213
KAGGLE_03,437,Vadodara,Organic,9247,48,21598,8,Incineration,683,0,Vadodara Landfill,"31.3853, 71.6585",24927,1970,1.699696364836481,1.7840712537134331,4.045260599154632,5.232554878419312,49.17233160078557
KAGGLE_03,438,Vadodara,E-Waste,6645,81,21598,7,Composting,2420,17,Vadodara Landfill,"31.3853, 71.6585",24927,1970,8.092924311808506,7.606775823212458,8.748387475801197,7.7186437657415805,80.17517236356704
KAGGLE_03,439,Vadodara,Construction,8397,75,21598,6,Incineration,2919,16,Vadodara Landfill,"31.3853, 71.6585",24927,1970,7.369997320455429,8.192563238302345,8.71204582481922,7.93374942300147,75.51439794071186
KAGGLE_03,440,Vadodara,Hazardous,2986,33,21598,5,Composting,755,17,Vadodara Landfill,"31.3853, 71.6585",24927,1970,7.025338469226239,7.859130246749067,9.106232348645849,3.4838664518353437,32.51866965093957
KAGGLE_03,441,Vadodara,Plastic,7390,46,21598,5,Incineration,3675,9,Vadodara Landfill,"31.3853, 71.6585",24927,1970,4.1874946907069255,7.512656698651473,6.422847489404461,4.631572152686731,46.015760369389454
KAGGLE_03,442,Vadodara,Organic,3591,71,21598,5,Recycling,3317,12,Vadodara Landfill,"31.3853, 71.6585",24927,1970,5.76489971965314,3.8340077756253264,7.793595359260352,6.632659060784496,70.348777895703
KAGGLE_03,443,Vadodara,E-Waste,4487,46,21598,7,Composting,989,7,Vadodara Landfill,"31.3853, 71.6585",24927,1970,4.07587528176866,6.174335345461065,6.296298953215215,4.575596191822008,45.67132958822922
KAGGLE_03,444,Vadodara,Construction,5732,79,21598,6,Incineration,4010,6,Vadodara Landfill,"31.3853, 71.6585",24927,1970,3.4648966387521822,7.647976458284733,5.890145559486634,7.807748105002733,79.42418670614835
KAGGLE_03,445,Vadodara,Hazardous,2037,35,21598,8,Composting,3000,0,Vadodara Landfill,"31.3853, 71.6585",24927,1970,1.8459031824155223,7.217407805160796,4.125306906075765,3.1612188119751226,33.0132826008361
KAGGLE_03,446,Vadodara,Plastic,1325,60,21598,6,Recycling,3482,20,Vadodara Landfill,"31.3853, 71.6585",24927,1970,9.096577040701328,9.109028067262024,9.858887636405584,6.1564096035006575,57.96824234602004
KAGGLE_03,447,Vadodara,Organic,2028,85,21598,5,Landfill,2092,8,Vadodara Landfill,"31.3853, 71.6585",24927,1970,4.210771058343404,3.655745945352667,6.1508650856763865,8.971150907368287,82.22291489233758
KAGGLE_03,448,Vadodara,E-Waste,9199,35,21598,10,Composting,4382,18,Vadodara Landfill,"31.3853, 71.6585",24927,1970,9.177432431705489,7.982606146174608,8.80337973670577,3.562188811064525,31.79945779099258
KAGGLE_03,449,Vadodara,Construction,5872,38,21598,8,Incineration,2663,0,Vadodara Landfill,"31.3853, 71.6585",24927,1970,1.7596572793790388,5.882590039214204,4.283637409459108,4.014753276443946,35.56543461555904
KAGGLE_03,450,Vadodara,Hazardous,6592,45,21598,5,Incineration,4874,20,Vadodara Landfill,"31.3853, 71.6585",24927,1970,8.09198767515545,8.867579175095404,9.865005911687524,4.068450452566017,45.31892501360826
KAGGLE_03,451,Guwahati,Plastic,2374,37,22866,5,Recycling,1243,13,Guwahati Landfill,"19.7894, 85.8429",60935,1970,6.026611542742021,6.8183322663750126,8.180109785154304,3.6176669958169945,35.214424969016235
KAGGLE_03,452,Guwahati,Organic,8355,47,22866,10,Landfill,4050,6,Guwahati Landfill,"19.7894, 85.8429",60935,1970,4.528055360584325,2.3975637815312214,6.554088188136778,4.316358485164495,48.02722892846219
KAGGLE_03,453,Guwahati,E-Waste,9369,37,22866,9,Landfill,1382,12,Guwahati Landfill,"19.7894, 85.8429",60935,1970,6.425793107656658,8.78195837661315,7.507874689737904,3.81279583553651,37.06942749750512
KAGGLE_03,454,Guwahati,Construction,8457,79,22866,6,Incineration,1687,7,Guwahati Landfill,"19.7894, 85.8429",60935,1970,4.048835973721738,8.541383976889461,6.632280890552405,8.338482158214154,75.0629915731239
KAGGLE_03,455,Guwahati,Hazardous,4891,56,22866,5,Recycling,3499,11,Guwahati Landfill,"19.7894, 85.8429",60935,1970,4.911608641171544,6.776768085006204,7.579152774089154,5.761777732471638,57.309951168443376
KAGGLE_03,456,Guwahati,Plastic,822,80,22866,6,Landfill,4966,13,Guwahati Landfill,"19.7894, 85.8429",60935,1970,6.101238550739249,8.6938890864195,8.340237167733678,7.576803048314422,81.62159729118342
KAGGLE_03,457,Guwahati,Organic,4079,73,22866,8,Incineration,2246,18,Guwahati Landfill,"19.7894, 85.8429",60935,1970,8.02962694158248,2.1808888793745123,9.663493851426669,7.154666204985082,71.0122746503303
KAGGLE_03,458,Guwahati,E-Waste,4047,58,22866,6,Recycling,4462,3,Guwahati Landfill,"19.7894, 85.8429",60935,1970,2.393374733943224,7.059621920972012,5.0195635624227934,5.850663379440851,58.84038308578998
KAGGLE_03,459,Guwahati,Construction,3438,63,22866,8,Incineration,1247,1,Guwahati Landfill,"19.7894, 85.8429",60935,1970,2.050446406395169,7.686889361532166,5.181426710004199,6.203207756133252,61.2870035251816
KAGGLE_03,460,Guwahati,Hazardous,3115,46,22866,6,Composting,4252,17,Guwahati Landfill,"19.7894, 85.8429",60935,1970,7.291106279462769,7.722941134007343,8.559242590065136,4.933644010475172,46.19534075349667
KAGGLE_03,461,Guwahati,Plastic,1484,78,22866,6,Composting,4003,3,Guwahati Landfill,"19.7894, 85.8429",60935,1970,2.3023232281137123,8.264556849055015,5.5562654560227625,8.114671004709988,75.47100318609007
KAGGLE_03,462,Guwahati,Organic,4543,79,22866,7,Recycling,3813,13,Guwahati Landfill,"19.7894, 85.8429",60935,1970,6.45049093003962,5.656788753324632,7.795039519989085,8.011831020103221,75.41378709493085
KAGGLE_03,463,Guwahati,E-Waste,7401,82,22866,9,Incineration,4307,3,Guwahati Landfill,"19.7894, 85.8429",60935,1970,3.224407534004923,8.898917054513896,5.314183390467548,8.073457945132706,81.23436562077406
KAGGLE_03,464,Guwahati,Construction,9218,84,22866,9,Composting,1433,7,Guwahati Landfill,"19.7894, 85.8429",60935,1970,4.66427807172329,7.575207242315018,6.360365294397762,8.155336373763244,83.75254210745032
KAGGLE_03,465,Guwahati,Hazardous,7562,74,22866,6,Incineration,3410,18,Guwahati Landfill,"19.7894, 85.8429",60935,1970,8.334727628338491,7.468883445564075,9.378699239995017,7.005874318213129,73.20464061277079
KAGGLE_03,466,Guwahati,Plastic,6340,47,22866,9,Incineration,2172,3,Guwahati Landfill,"19.7894, 85.8429",60935,1970,3.1006601213766567,6.385841039022399,5.341456756614176,4.554897683486554,44.63193888355488
KAGGLE_03,467,Guwahati,Organic,1976,39,22866,5,Composting,930,8,Guwahati Landfill,"19.7894, 85.8429",60935,1970,3.9167687955764623,2.893633870682483,6.990105841535687,3.81317251720772,38.200201875737726
KAGGLE_03,468,Guwahati,E-Waste,9002,39,22866,8,Recycling,2298,17,Guwahati Landfill,"19.7894, 85.8429",60935,1970,8.386499490225809,8.292379507323885,8.911934176519276,4.075822925104074,39.53858950516147
KAGGLE_03,469,Guwahati,Construction,9229,69,22866,8,Landfill,728,0,Guwahati Landfill,"19.7894, 85.8429",60935,1970,1.7294959579123068,7.315142631261684,4.325759991255365,7.058159824297573,68.91021393975493
KAGGLE_03,470,Guwahati,Hazardous,3522,70,22866,9,Composting,1428,16,Guwahati Landfill,"19.7894, 85.8429",60935,1970,8.33558333312892,5.789564143627274,9.041166633429514,6.570108139641258,70.36500206119842
KAGGLE_03,471,Guwahati,Plastic,5833,70,22866,5,Incineration,1084,18,Guwahati Landfill,"19.7894, 85.8429",60935,1970,7.32558614065243,6.121540771172611,9.043165115538113,6.895259315431157,68.65976959909153
KAGGLE_03,472,Guwahati,Organic,7866,47,22866,7,Incineration,2757,18,Guwahati Landfill,"19.7894, 85.8429",60935,1970,8.599570811478177,3.8196935416463766,9.190173670544668,4.381778867217362,49.34343582943232
KAGGLE_03,473,Guwahati,E-Waste,4726,55,22866,7,Recycling,702,1,Guwahati Landfill,"19.7894, 85.8429",60935,1970,1.8116861234217028,4.990610717852956,5.192850674167307,5.156812705316805,52.64765332689044
KAGGLE_03,474,Guwahati,Construction,1243,47,22866,10,Composting,3422,10,Guwahati Landfill,"19.7894, 85.8429",60935,1970,6.223894026170781,8.08985450018672,7.089862948094119,5.027302149737246,47.97512059417344
KAGGLE_03,475,Guwahati,Hazardous,9261,66,22866,6,Landfill,2036,1,Guwahati Landfill,"19.7894, 85.8429",60935,1970,1.6657556910813665,5.540278658530664,4.563992447092121,6.141915216716258,68.36378218591992
KAGGLE_03,476,Coimbatore,Plastic,8029,41,12073,8,Recycling,1562,13,Coimbatore Landfill,"31.9729, 76.5516",98572,1970,6.934590851934465,8.731812554357447,5.635780234762481,4.019182875902121,41.96181618549779
KAGGLE_03,477,Coimbatore,Organic,3277,45,12073,8,Incineration,4870,15,Coimbatore Landfill,"31.9729, 76.5516",98572,1970,7.019649956977802,3.804289806793847,6.706307770443971,4.168203655766519,44.59495154587034
KAGGLE_03,478,Coimbatore,E-Waste,9389,45,12073,8,Incineration,1177,14,Coimbatore Landfill,"31.9729, 76.5516",98572,1970,7.008807948748233,6.79456322041873,6.153593585048224,4.879330215678474,43.943405906674045
KAGGLE_03,479,Coimbatore,Construction,1031,36,12073,8,Composting,4921,17,Coimbatore Landfill,"31.9729, 76.5516",98572,1970,8.469812616930145,8.63770740107871,6.933338336416874,3.657040513275035,38.07217530209251
KAGGLE_03,480,Coimbatore,Hazardous,5816,67,12073,5,Recycling,4556,15,Coimbatore Landfill,"31.9729, 76.5516",98572,1970,6.615486994029137,6.943123655715651,6.394141341387307,6.431380636376848,64.15405014947666
KAGGLE_03,481,Coimbatore,Plastic,6548,55,12073,7,Landfill,4731,15,Coimbatore Landfill,"31.9729, 76.5516",98572,1970,7.187988531220866,9.137680821325752,5.960851326709104,5.502427287166376,53.05975147924071
KAGGLE_03,482,Coimbatore,Organic,5804,68,12073,5,Incineration,4100,8,Coimbatore Landfill,"31.9729, 76.5516",98572,1970,4.088914428134016,2.9560842460059247,4.430193051851948,7.031486359703116,67.20488446901656
KAGGLE_03,483,Coimbatore,E-Waste,7649,53,12073,10,Landfill,2381,4,Coimbatore Landfill,"31.9729, 76.5516",98572,1970,3.741812125517321,6.666775037274313,3.762798986112986,5.758118008919434,55.475307515024
KAGGLE_03,484,Coimbatore,Construction,953,66,12073,8,Landfill,2355,1,Coimbatore Landfill,"31.9729, 76.5516",98572,1970,2.1844689733574167,7.097557480270395,2.363232085302826,6.320446004245419,66.75953527208179
KAGGLE_03,485,Coimbatore,Hazardous,747,59,12073,7,Recycling,4295,4,Coimbatore Landfill,"31.9729, 76.5516",98572,1970,3.045966982324213,8.473930346215687,3.28971196383938,6.2861817721293445,57.06390848297951
KAGGLE_03,486,Coimbatore,Plastic,6863,75,12073,7,Landfill,2635,13,Coimbatore Landfill,"31.9729, 76.5516",98572,1970,6.6153757777092,6.292448204746073,5.538178296215522,7.934304114167491,74.3793845892302
KAGGLE_03,487,Coimbatore,Organic,8447,42,12073,5,Composting,2764,17,Coimbatore Landfill,"31.9729, 76.5516",98572,1970,6.998295910275888,4.225272684754388,6.693878115344173,4.616420544532066,40.77135371180741
KAGGLE_03,488,Coimbatore,E-Waste,4259,81,12073,7,Composting,4070,11,Coimbatore Landfill,"31.9729, 76.5516",98572,1970,5.484846608823612,8.59001489387255,5.742227928691852,8.23541435686191,79.58042201553293
KAGGLE_03,489,Coimbatore,Construction,8174,57,12073,9,Recycling,862,9,Coimbatore Landfill,"31.9729, 76.5516",98572,1970,5.6152809338083305,5.939142447889292,4.32936173443349,5.829820654434707,58.95777911711356
KAGGLE_03,490,Coimbatore,Hazardous,4274,60,12073,6,Incineration,1901,10,Coimbatore Landfill,"31.9729, 76.5516",98572,1970,5.196964407386713,7.94936461166469,5.030560182130262,5.903210633183823,57.256513741472986
KAGGLE_03,491,Coimbatore,Plastic,3522,75,12073,10,Landfill,925,11,Coimbatore Landfill,"31.9729, 76.5516",98572,1970,6.32382159971275,8.411792577712873,4.9412238697618776,7.752397882303788,78.21756171146875
KAGGLE_03,492,Coimbatore,Organic,5021,78,12073,9,Composting,2258,19,Coimbatore Landfill,"31.9729, 76.5516",98572,1970,9.180642391060436,3.898541154051272,7.73253573315941,7.831294018350931,79.65645938036924
KAGGLE_03,493,Coimbatore,E-Waste,6743,52,12073,6,Landfill,4958,10,Coimbatore Landfill,"31.9729, 76.5516",98572,1970,4.879115262047058,9.574987971601916,4.625162692477132,5.377438071228295,54.1817233412074
KAGGLE_03,494,Coimbatore,Construction,2139,54,12073,6,Recycling,3884,6,Coimbatore Landfill,"31.9729, 76.5516",98572,1970,3.397283899790144,6.776154745093098,3.915460190111258,5.328457903848795,53.07412097594949
KAGGLE_03,495,Coimbatore,Hazardous,580,31,12073,8,Landfill,1968,5,Coimbatore Landfill,"31.9729, 76.5516",98572,1970,3.6223993650732007,8.296066532822001,3.999744172584273,3.331496464043139,30.70011856184178
KAGGLE_03,496,Coimbatore,Plastic,963,38,12073,8,Recycling,2999,0,Coimbatore Landfill,"31.9729, 76.5516",98572,1970,1.755131541034587,7.248177954456736,2.7164136157771126,4.124471517604549,35.133696370950574
KAGGLE_03,497,Coimbatore,Organic,8565,52,12073,7,Landfill,3047,20,Coimbatore Landfill,"31.9729, 76.5516",98572,1970,9.022349317424894,3.649954551577882,7.4345878246436,4.846436256602816,50.9506751858664
KAGGLE_03,498,Coimbatore,E-Waste,8883,43,12073,7,Landfill,3454,20,Coimbatore Landfill,"31.9729, 76.5516",98572,1970,8.560064852409607,8.951520225066629,7.358383355702386,4.632929715574228,43.9873096952863
KAGGLE_03,499,Coimbatore,Construction,9121,40,12073,9,Landfill,4566,11,Coimbatore Landfill,"31.9729, 76.5516",98572,1970,6.404630552043319,6.888374618762692,5.159471566302537,4.040296531790308,42.59212612356279
KAGGLE_03,500,Coimbatore,Hazardous,6047,82,12073,9,Incineration,3133,20,Coimbatore Landfill,"31.9729, 76.5516",98572,1970,9.908114942777203,9.059785513283014,7.276135450908307,8.544665909090224,79.7856863663951
KAGGLE_03,501,Ranchi,Plastic,9222,76,17422,8,Recycling,4212,14,Ranchi Landfill,"13.4978, 84.8338",98646,1970,7.112158107953464,7.858467306686097,6.83008327159628,7.531301706341014,75.26898812602947
KAGGLE_03,502,Ranchi,Organic,2865,82,17422,9,Landfill,3272,14,Ranchi Landfill,"13.4978, 84.8338",98646,1970,7.243940280768793,5.239424327780586,7.1077900304483705,8.079040485383036,81.69740155953495
KAGGLE_03,503,Ranchi,E-Waste,7540,60,17422,5,Incineration,1776,2,Ranchi Landfill,"13.4978, 84.8338",98646,1970,1.746473243117025,8.219420621092025,3.893284088957088,6.4150607325172215,57.20842159561503
KAGGLE_03,504,Ranchi,Construction,8974,41,17422,8,Recycling,4536,15,Ranchi Landfill,"13.4978, 84.8338",98646,1970,7.577034746693124,9.040065283512975,7.1622119977867325,3.851169267548401,42.1826984835168
KAGGLE_03,505,Ranchi,Hazardous,6183,43,17422,5,Recycling,1377,12,Ranchi Landfill,"13.4978, 84.8338",98646,1970,5.593414180959867,8.305286335831799,6.781506396364038,4.644212325286143,41.55201933651478
KAGGLE_03,506,Ranchi,Plastic,1270,34,17422,7,Landfill,1071,11,Ranchi Landfill,"13.4978, 84.8338",98646,1970,5.416163993314647,7.913904177180245,6.843287664589372,3.384020572509404,33.60921929764595
KAGGLE_03,507,Ranchi,Organic,6090,44,17422,7,Landfill,2447,0,Ranchi Landfill,"13.4978, 84.8338",98646,1970,1.6081829816508473,2.556113227306059,3.728387533448856,4.414095442551259,43.09610125617625
KAGGLE_03,508,Ranchi,E-Waste,9848,79,17422,10,Landfill,675,11,Ranchi Landfill,"13.4978, 84.8338",98646,1970,6.563923143479263,8.661397285070644,5.951729799954446,7.708468281489485,77.42132298856065
KAGGLE_03,509,Ranchi,Construction,3883,38,17422,7,Recycling,2577,5,Ranchi Landfill,"13.4978, 84.8338",98646,1970,3.55040528792927,5.825136023120471,4.450333946743548,3.873042200619016,37.98591002903889
KAGGLE_03,510,Ranchi,Hazardous,7762,68,17422,6,Incineration,1158,0,Ranchi Landfill,"13.4978, 84.8338",98646,1970,1.3236328036255207,6.084366230348981,4.076173553735047,6.625211196276212,67.56878084286396
KAGGLE_03,511,Ranchi,Plastic,9164,69,17422,5,Composting,4385,14,Ranchi Landfill,"13.4978, 84.8338",98646,1970,6.302185322831831,8.920867355881507,6.922041123196814,6.439269414241653,68.25628423544266
KAGGLE_03,512,Ranchi,Organic,4838,61,17422,8,Composting,2006,10,Ranchi Landfill,"13.4978, 84.8338",98646,1970,5.4420475389510665,3.660661106866687,5.716817318971957,5.8719986053443565,59.54307675663932
KAGGLE_03,513,Ranchi,E-Waste,9929,85,17422,9,Recycling,1475,14,Ranchi Landfill,"13.4978, 84.8338",98646,1970,7.537795625096241,7.830641839790601,7.223794920039862,8.006379043406591,85.63904934156591
KAGGLE_03,514,Ranchi,Construction,4213,65,17422,7,Recycling,794,15,Ranchi Landfill,"13.4978, 84.8338",98646,1970,7.360405884351409,7.097003618292598,7.498399111179748,6.9783547870568565,68.30723453698457
KAGGLE_03,515,Ranchi,Hazardous,4130,65,17422,8,Incineration,3340,17,Ranchi Landfill,"13.4978, 84.8338",98646,1970,7.705307044199615,7.293667346815478,8.023255153008169,6.965747209819748,65.27977446567826
KAGGLE_03,516,Ranchi,Plastic,9721,30,17422,8,Composting,1126,7,Ranchi Landfill,"13.4978, 84.8338",98646,1970,4.160780945678061,7.89037882201108,5.142152360747023,2.895155297472305,31.992236429822256
KAGGLE_03,517,Ranchi,Organic,8205,40,17422,7,Recycling,1464,19,Ranchi Landfill,"13.4978, 84.8338",98646,1970,8.46716557895914,3.7555955989809022,7.889861017103955,4.228370854339646,37.21955614969308
KAGGLE_03,518,Ranchi,E-Waste,5473,73,17422,7,Recycling,3439,0,Ranchi Landfill,"13.4978, 84.8338",98646,1970,1.5908312389356567,6.817372379283508,4.089765702343953,7.145806098410425,73.31552287858754
KAGGLE_03,519,Ranchi,Construction,9588,36,17422,8,Landfill,4717,10,Ranchi Landfill,"13.4978, 84.8338",98646,1970,5.765261283813179,6.661473724002903,5.875643378580584,3.771093157085976,33.805263362057865
KAGGLE_03,520,Ranchi,Hazardous,1182,82,17422,9,Incineration,1502,1,Ranchi Landfill,"13.4978, 84.8338",98646,1970,2.3108519929810014,8.271995096688379,4.050776620942028,8.50543004304598,79.04615014493619
KAGGLE_03,521,Ranchi,Plastic,4020,57,17422,7,Recycling,2248,13,Ranchi Landfill,"13.4978, 84.8338",98646,1970,6.4144446038719725,6.098228614622936,7.081380202768191,6.146756244692241,55.52125718508193
KAGGLE_03,522,Ranchi,Organic,7916,53,17422,6,Recycling,2047,11,Ranchi Landfill,"13.4978, 84.8338",98646,1970,5.2988226726721965,3.923048540726378,6.484757749968966,5.200212275849672,55.38379866882715
KAGGLE_03,523,Ranchi,E-Waste,1670,77,17422,5,Recycling,2924,3,Ranchi Landfill,"13.4978, 84.8338",98646,1970,2.264789475109701,8.067926143936534,4.1876577271031294,7.983297982956047,78.9000316573393
KAGGLE_03,524,Ranchi,Construction,2654,53,17422,8,Landfill,2074,16,Ranchi Landfill,"13.4978, 84.8338",98646,1970,7.981480549785617,7.365581085395953,7.395846586653546,5.065928450632119,53.4860094441088
KAGGLE_03,525,Ranchi,Hazardous,6090,44,17422,9,Composting,1406,20,Ranchi Landfill,"13.4978, 84.8338",98646,1970,9.765683950409024,6.912345490542616,8.722418615592185,4.890332303793648,40.934598880220136
KAGGLE_03,526,Amritsar,Plastic,6035,64,12612,9,Incineration,4276,11,Amritsar Landfill,"22.6059, 88.4682",31477,1970,6.086167531360411,7.878309155938961,5.740096965169614,5.925769598764352,63.607438697224126
KAGGLE_03,527,Amritsar,Organic,1371,68,12612,5,Recycling,3410,19,Amritsar Landfill,"22.6059, 88.4682",31477,1970,8.011082208632306,4.182283635024521,7.820735060481318,6.9035288065011216,68.60340001780347
KAGGLE_03,528,Amritsar,E-Waste,2239,71,12612,10,Landfill,1403,0,Amritsar Landfill,"22.6059, 88.4682",31477,1970,2.222062740963679,7.500881908358934,2.229907135961681,7.259505981651327,71.3510724591572
KAGGLE_03,529,Amritsar,Construction,9144,39,12612,8,Landfill,4250,13,Amritsar Landfill,"22.6059, 88.4682",31477,1970,6.2985187521764265,9.442161191660224,5.5288299441556426,4.088045557074129,35.31241283303851
KAGGLE_03,530,Amritsar,Hazardous,4718,42,12612,9,Recycling,3452,20,Amritsar Landfill,"22.6059, 88.4682",31477,1970,9.79110473062091,7.010482899346681,8.068737590341003,3.820387578789089,40.219364303960255
KAGGLE_03,531,Amritsar,Plastic,3121,38,12612,5,Composting,3385,4,Amritsar Landfill,"22.6059, 88.4682",31477,1970,2.609981641617624,7.647463408298845,3.860536559892716,4.238529783473131,37.871844471702566
KAGGLE_03,532,Amritsar,Organic,6093,75,12612,5,Incineration,934,11,Amritsar Landfill,"22.6059, 88.4682",31477,1970,5.383378534270384,4.23091254338859,5.756995156387696,7.181183279050083,76.07258181903438
KAGGLE_03,533,Amritsar,E-Waste,2840,63,12612,5,Composting,3675,6,Amritsar Landfill,"22.6059, 88.4682",31477,1970,3.437565304046464,8.037902831066365,3.8266339656932655,6.422753403239841,58.60774435780011
KAGGLE_03,534,Amritsar,Construction,1796,34,12612,6,Composting,2113,15,Amritsar Landfill,"22.6059, 88.4682",31477,1970,6.885773812541231,8.596831675582008,6.461587202667326,3.1226760791230848,33.675752049040284
KAGGLE_03,535,Amritsar,Hazardous,2868,39,12612,9,Landfill,4327,12,Amritsar Landfill,"22.6059, 88.4682",31477,1970,6.655678781194381,7.817998935382112,5.825140925975397,3.707216417021271,39.286097539757904
KAGGLE_03,536,Amritsar,Plastic,7820,41,12612,10,Incineration,2138,5,Amritsar Landfill,"22.6059, 88.4682",31477,1970,4.322430558645879,7.445272703094699,4.054113217004896,4.146458541728125,42.699223977032425
KAGGLE_03,537,Amritsar,Organic,9954,47,12612,5,Incineration,2864,8,Amritsar Landfill,"22.6059, 88.4682",31477,1970,4.153525707171214,3.859861022820879,4.532153022424621,4.617193418564577,48.38571516847488
KAGGLE_03,538,Amritsar,E-Waste,7007,62,12612,10,Landfill,1571,18,Amritsar Landfill,"22.6059, 88.4682",31477,1970,8.715048725830023,7.603982633654384,6.639396223249232,5.860225600976507,63.16514263761761
KAGGLE_03,539,Amritsar,Construction,6718,69,12612,5,Recycling,635,1,Amritsar Landfill,"22.6059, 88.4682",31477,1970,1.4057273290587746,6.999579690731295,2.9569273883621863,6.570936402420848,67.40011898659613
KAGGLE_03,540,Amritsar,Hazardous,3672,33,12612,9,Composting,3888,4,Amritsar Landfill,"22.6059, 88.4682",31477,1970,3.37544221953988,8.047030172198651,3.377102870737532,3.2181447881628,29.183995725753384
KAGGLE_03,541,Amritsar,Plastic,7276,76,12612,9,Incineration,1041,4,Amritsar Landfill,"22.6059, 88.4682",31477,1970,3.681013551654858,7.217835950243918,3.5742555777008134,7.857282978275501,75.2138944858772
KAGGLE_03,542,Amritsar,Organic,7339,39,12612,5,Recycling,1129,18,Amritsar Landfill,"22.6059, 88.4682",31477,1970,7.795021310350646,3.237067949844968,7.58158234664174,4.297964646847788,41.00326365041712
KAGGLE_03,543,Amritsar,E-Waste,3827,77,12612,9,Composting,1254,5,Amritsar Landfill,"22.6059, 88.4682",31477,1970,3.772680719093709,7.835992811359857,3.7730366492003578,7.284127662259382,79.78690905504887
KAGGLE_03,544,Amritsar,Construction,9444,77,12612,5,Incineration,1916,5,Amritsar Landfill,"22.6059, 88.4682",31477,1970,2.9484225265385726,6.9009115705647055,4.21380293822235,7.593103907559401,78.42109820459557
KAGGLE_03,545,Amritsar,Hazardous,5082,55,12612,7,Recycling,2865,3,Amritsar Landfill,"22.6059, 88.4682",31477,1970,2.682008740384785,7.217825325924692,3.0625419373071745,5.1002455637228765,55.85868164560347
KAGGLE_03,546,Amritsar,Plastic,9094,46,12612,9,Incineration,4893,19,Amritsar Landfill,"22.6059, 88.4682",31477,1970,8.938033289573674,6.967091106427999,7.546461829582951,4.1165924806325975,46.75927929677193
KAGGLE_03,547,Amritsar,Organic,4936,57,12612,5,Composting,550,2,Amritsar Landfill,"22.6059, 88.4682",31477,1970,1.7077560295674423,3.7823718660753194,3.6010082859968664,5.861718682643956,55.88776250647844
KAGGLE_03,548,Amritsar,E-Waste,1725,54,12612,8,Landfill,4152,3,Amritsar Landfill,"22.6059, 88.4682",31477,1970,2.948383170937319,9.04391395045883,2.97589443243086,5.502449441966588,53.73987941289276
KAGGLE_03,549,Amritsar,Construction,8689,37,12612,6,Recycling,1965,17,Amritsar Landfill,"22.6059, 88.4682",31477,1970,7.60343326848065,6.754049520572756,6.382321273785115,3.363019113814886,40.33813905165266
KAGGLE_03,550,Amritsar,Hazardous,2184,36,12612,8,Composting,1069,14,Amritsar Landfill,"22.6059, 88.4682",31477,1970,7.16526767042252,6.34619762700181,6.057584124190536,3.3338128330930643,34.114883988416246
KAGGLE_03,551,Jodhpur,Plastic,4585,76,6465,6,Recycling,3294,10,Jodhpur Landfill,"8.9824, 77.0472",45318,1970,5.005025431803751,6.304013241750063,3.4377070409741366,7.123707753644519,79.2295575814197
KAGGLE_03,552,Jodhpur,Organic,8728,33,6465,7,Composting,4367,8,Jodhpur Landfill,"8.9824, 77.0472",45318,1970,4.665902013023109,4.777138996430406,3.593465907599001,3.634947205694404,32.35594369101588
KAGGLE_03,553,Jodhpur,E-Waste,1527,57,6465,8,Recycling,2550,16,Jodhpur Landfill,"8.9824, 77.0472",45318,1970,7.752135203786952,9.448155865522406,5.759630221771329,6.174690596048551,59.65086421819016
KAGGLE_03,554,Jodhpur,Construction,7646,43,6465,7,Recycling,2784,6,Jodhpur Landfill,"8.9824, 77.0472",45318,1970,3.7838531650031775,7.962543651899647,2.7791025306315285,3.9354595367946903,40.18636998100492
KAGGLE_03,555,Jodhpur,Hazardous,5064,42,6465,6,Landfill,3973,14,Jodhpur Landfill,"8.9824, 77.0472",45318,1970,6.727469377349359,8.78338371220493,4.60379320007821,3.931475213765298,43.1718084023293
KAGGLE_03,556,Jodhpur,Plastic,8803,59,6465,7,Composting,2822,11,Jodhpur Landfill,"8.9824, 77.0472",45318,1970,5.555951285346938,6.39371346246645,4.02948487692938,6.268409523946934,57.526459728104754
KAGGLE_03,557,Jodhpur,Organic,5168,58,6465,10,Incineration,2637,14,Jodhpur Landfill,"8.9824, 77.0472",45318,1970,7.183968345073044,4.458039808839896,5.06852937577277,6.2264637979561845,55.169465616151626
KAGGLE_03,558,Jodhpur,E-Waste,5159,80,6465,6,Landfill,1313,2,Jodhpur Landfill,"8.9824, 77.0472",45318,1970,1.9263289510941048,7.328586174543759,1.3541357195031407,7.91962738280681,80.43706808482189
KAGGLE_03,559,Jodhpur,Construction,6671,33,6465,5,Landfill,4664,0,Jodhpur Landfill,"8.9824, 77.0472",45318,1970,1.0747321734755706,7.281264201053206,1.4345355474074668,2.850622472269074,35.01894357719194
KAGGLE_03,560,Jodhpur,Hazardous,4228,37,6465,8,Composting,1756,17,Jodhpur Landfill,"8.9824, 77.0472",45318,1970,8.181086570223504,6.232130574757861,5.708373242810149,3.23939183369282,35.310117122813004
KAGGLE_03,561,Jodhpur,Plastic,2807,34,6465,8,Incineration,4034,11,Jodhpur Landfill,"8.9824, 77.0472",45318,1970,5.982402338242414,7.017872335349839,4.232769804818705,3.4739498660690105,31.0019680790832
KAGGLE_03,562,Jodhpur,Organic,9348,64,6465,5,Incineration,4209,2,Jodhpur Landfill,"8.9824, 77.0472",45318,1970,1.7273954891741634,3.520891196157253,1.587103637903647,6.292895108893179,63.81631047133009
KAGGLE_03,563,Jodhpur,E-Waste,2294,51,6465,9,Recycling,1560,12,Jodhpur Landfill,"8.9824, 77.0472",45318,1970,6.233857627269666,6.96085596588166,4.559134281300897,4.628652427577654,50.82512934244564
KAGGLE_03,564,Jodhpur,Construction,3487,38,6465,10,Composting,4208,8,Jodhpur Landfill,"8.9824, 77.0472",45318,1970,4.977774744160579,7.390747089336257,2.936473044254546,3.883252392312557,39.096639255109
KAGGLE_03,565,Jodhpur,Hazardous,5907,68,6465,9,Incineration,4668,16,Jodhpur Landfill,"8.9824, 77.0472",45318,1970,7.836307906337312,9.827324318245616,5.04435189438957,6.311302536589023,69.89918914272897
KAGGLE_03,566,Jodhpur,Plastic,5409,62,6465,10,Recycling,2956,14,Jodhpur Landfill,"8.9824, 77.0472",45318,1970,7.5329945932098035,7.043347563334542,5.222551604577251,6.487371958149273,61.88116963745501
KAGGLE_03,567,Jodhpur,Organic,549,59,6465,5,Recycling,1345,1,Jodhpur Landfill,"8.9824, 77.0472",45318,1970,1.39636881182795,2.895529532299033,1.833804708649336,5.706432822703372,62.711006629588525
KAGGLE_03,568,Jodhpur,E-Waste,7810,61,6465,7,Recycling,2751,7,Jodhpur Landfill,"8.9824, 77.0472",45318,1970,4.103190705481508,6.081441431004955,2.608827111934115,5.640258003009232,61.44846948907058
KAGGLE_03,569,Jodhpur,Construction,2243,45,6465,5,Recycling,2903,10,Jodhpur Landfill,"8.9824, 77.0472",45318,1970,4.947230666754183,8.341479073276597,3.5934578182925696,4.588352220983153,44.3071469879862
KAGGLE_03,570,Jodhpur,Hazardous,2721,58,6465,9,Incineration,3965,17,Jodhpur Landfill,"8.9824, 77.0472",45318,1970,8.199224300380532,8.126060336497936,5.309488040915935,5.697684414433055,54.77686528179434
KAGGLE_03,571,Jodhpur,Plastic,5660,76,6465,5,Composting,4168,4,Jodhpur Landfill,"8.9824, 77.0472",45318,1970,2.528780936780498,8.622646864642682,2.1158878859597423,8.07380041335715,75.47468095936766
KAGGLE_03,572,Jodhpur,Organic,1908,66,6465,9,Recycling,2321,6,Jodhpur Landfill,"8.9824, 77.0472",45318,1970,4.379783127289107,3.3944295307106094,2.592641328202656,6.644198662503702,65.32722610917773
KAGGLE_03,573,Jodhpur,E-Waste,2888,51,6465,5,Composting,3432,1,Jodhpur Landfill,"8.9824, 77.0472",45318,1970,1.397058858896718,8.783880414354277,1.1576078536656151,4.875239181037008,52.92060959256294
KAGGLE_03,574,Jodhpur,Construction,1852,50,6465,5,Landfill,3720,4,Jodhpur Landfill,"8.9824, 77.0472",45318,1970,2.558146046999493,8.926801879606794,2.3040220745195903,5.209438864633975,50.92496724813371
KAGGLE_03,575,Jodhpur,Hazardous,1919,41,6465,7,Incineration,3313,3,Jodhpur Landfill,"8.9824, 77.0472",45318,1970,2.751372246041578,6.278551238146963,2.3278150327089344,3.8714920025427113,38.64126175673477
KAGGLE_03,576,Varanasi,Plastic,8397,75,7976,8,Landfill,1994,0,Varanasi Landfill,"35.156, 83.0516",79314,1970,1.8729147540170383,6.329695850279718,1.7661857859691008,7.904243291407565,75.34450877282208
KAGGLE_03,577,Varanasi,Organic,8173,80,7976,10,Composting,4646,17,Varanasi Landfill,"35.156, 83.0516",79314,1970,8.266058629003625,5.326709941412616,6.082325729849744,7.874721970507376,81.3430623434581
KAGGLE_03,578,Varanasi,E-Waste,837,81,7976,5,Recycling,740,15,Varanasi Landfill,"35.156, 83.0516",79314,1970,6.889511683796313,6.371247440803857,4.990603239787903,8.149868562776206,84.05606271877566
KAGGLE_03,579,Varanasi,Construction,5671,55,7976,7,Incineration,550,14,Varanasi Landfill,"35.156, 83.0516",79314,1970,6.717828327447006,6.845930084306801,5.610944771428453,5.050573103824229,56.77500793482812
KAGGLE_03,580,Varanasi,Hazardous,8242,76,7976,6,Landfill,2504,4,Varanasi Landfill,"35.156, 83.0516",79314,1970,2.700294997780868,6.18526966636654,2.9979458950946896,7.52612123795223,77.52169330862296
KAGGLE_03,581,Varanasi,Plastic,3849,45,7976,10,Recycling,2749,20,Varanasi Landfill,"35.156, 83.0516",79314,1970,9.646417945846508,5.763094004005202,6.964544379747326,4.832363539660995,45.12017198923033
KAGGLE_03,582,Varanasi,Organic,7387,42,7976,9,Recycling,3131,10,Varanasi Landfill,"35.156, 83.0516",79314,1970,6.01996050748007,4.610957731150828,4.482437866293432,4.505648805363341,42.7766240108469
KAGGLE_03,583,Varanasi,E-Waste,1864,61,7976,6,Incineration,878,12,Varanasi Landfill,"35.156, 83.0516",79314,1970,5.731069428643203,6.859557649426359,5.092164569384426,5.824318558853526,63.49900980141232
KAGGLE_03,584,Varanasi,Construction,1153,52,7976,9,Composting,2917,13,Varanasi Landfill,"35.156, 83.0516",79314,1970,6.726228992860444,7.608663324463801,4.953708027365362,4.926079071010562,49.3344452050407
KAGGLE_03,585,Varanasi,Hazardous,4781,36,7976,10,Composting,3637,2,Varanasi Landfill,"35.156, 83.0516",79314,1970,3.061726040368028,6.684059876502058,1.8597360791192905,3.917305312213237,35.30112134556609
KAGGLE_03,586,Varanasi,Plastic,7531,75,7976,5,Recycling,4035,5,Varanasi Landfill,"35.156, 83.0516",79314,1970,2.8152021390059394,9.564351486102494,3.026237669104205,7.930398420169325,73.45486250248752
KAGGLE_03,587,Varanasi,Organic,619,75,7976,8,Recycling,2547,7,Varanasi Landfill,"35.156, 83.0516",79314,1970,4.183394529490272,4.3815252653852985,3.652335554919604,7.095360921273003,75.75830623745225
KAGGLE_03,588,Varanasi,E-Waste,2201,67,7976,8,Incineration,4068,13,Varanasi Landfill,"35.156, 83.0516",79314,1970,6.347759027319927,7.643737748184535,5.14737145460569,6.650058639426225,69.46044435130158
KAGGLE_03,589,Varanasi,Construction,8601,62,7976,7,Incineration,3571,13,Varanasi Landfill,"35.156, 83.0516",79314,1970,6.109419666986984,9.102159985439435,4.930903085418544,6.037454278964229,60.80605142655785
KAGGLE_03,590,Varanasi,Hazardous,7991,68,7976,6,Composting,2290,2,Varanasi Landfill,"35.156, 83.0516",79314,1970,1.9536939627732008,6.839764788806818,1.7279127805852426,7.17068845545744,63.21939126506113
KAGGLE_03,591,Varanasi,Plastic,9980,61,7976,6,Incineration,2451,16,Varanasi Landfill,"35.156, 83.0516",79314,1970,6.949612941409798,6.64002315285083,5.530566999681793,5.683524914680019,60.17555850995106
KAGGLE_03,592,Varanasi,Organic,9254,60,7976,7,Composting,2642,9,Varanasi Landfill,"35.156, 83.0516",79314,1970,4.942409003603727,3.9206027896965456,4.330220669715022,5.711125942558037,61.82694746403482
KAGGLE_03,593,Varanasi,E-Waste,1352,59,7976,6,Incineration,1699,11,Varanasi Landfill,"35.156, 83.0516",79314,1970,5.188240895835884,7.354688190176218,4.49390297100909,6.152468337586495,60.07525980589976
KAGGLE_03,594,Varanasi,Construction,525,73,7976,10,Composting,1044,16,Varanasi Landfill,"35.156, 83.0516",79314,1970,8.075445451560377,5.411134183398735,5.697786004507378,6.851293848981216,73.85637249562116
KAGGLE_03,595,Varanasi,Hazardous,9283,30,7976,8,Landfill,2811,5,Varanasi Landfill,"35.156, 83.0516",79314,1970,3.788180199056856,6.551317451194004,2.678307575633858,2.992535380714289,29.44001339625104
KAGGLE_03,596,Varanasi,Plastic,3202,67,7976,6,Landfill,934,18,Varanasi Landfill,"35.156, 83.0516",79314,1970,7.936853335705967,7.986670961805938,6.027902981168244,6.64210703467972,64.44193852756042
KAGGLE_03,597,Varanasi,Organic,805,69,7976,9,Landfill,3000,18,Varanasi Landfill,"35.156, 83.0516",79314,1970,8.84791745646331,3.384941605992317,6.554800150404834,6.734401178988749,70.03058864324893
KAGGLE_03,598,Varanasi,E-Waste,862,64,7976,5,Incineration,4718,2,Varanasi Landfill,"35.156, 83.0516",79314,1970,1.7193655178827274,9.690433383256789,2.3259171087785,6.294572315318924,62.33143637993075
KAGGLE_03,599,Varanasi,Construction,526,63,7976,6,Landfill,2877,9,Varanasi Landfill,"35.156, 83.0516",79314,1970,4.475945950912083,6.561640182929773,4.196841088003998,6.329940586930233,67.36819346676091
KAGGLE_03,600,Varanasi,Hazardous,6410,52,7976,6,Incineration,1372,13,Varanasi Landfill,"35.156, 83.0516",79314,1970,5.816747217964339,6.761139997774717,4.863799484319319,4.861367358388383,53.14101441670904
KAGGLE_03,601,Ludhiana,Plastic,2972,74,8678,5,Landfill,2681,4,Ludhiana Landfill,"10.3062, 77.427",69241,1970,2.435045296855098,7.431998211716017,2.9357565403616173,7.471995878283593,72.8387033948921
KAGGLE_03,602,Ludhiana,Organic,8621,38,8678,9,Landfill,583,5,Ludhiana Landfill,"10.3062, 77.427",69241,1970,3.7930334388272606,2.1762217674901096,2.8038929296486668,4.105432329299986,36.77722950522274
KAGGLE_03,603,Ludhiana,E-Waste,7345,63,8678,9,Recycling,4668,11,Ludhiana Landfill,"10.3062, 77.427",69241,1970,5.9024818615243815,9.586148451771097,4.760970151188945,6.560160929790159,62.814111586772825
KAGGLE_03,604,Ludhiana,Construction,1412,62,8678,9,Landfill,3885,18,Ludhiana Landfill,"10.3062, 77.427",69241,1970,8.333285317863975,7.852652224586331,6.233110654608796,5.853899904693774,61.5209961559565
KAGGLE_03,605,Ludhiana,Hazardous,8937,81,8678,10,Landfill,3296,7,Ludhiana Landfill,"10.3062, 77.427",69241,1970,4.679030016748413,8.31675227085977,3.4980548357202044,7.749249469741474,83.23366755105991
KAGGLE_03,606,Ludhiana,Plastic,9041,43,8678,6,Composting,4975,1,Ludhiana Landfill,"10.3062, 77.427",69241,1970,1.6533603965942794,7.189321966415989,2.204831645482341,4.068174367744914,43.37283233948809
KAGGLE_03,607,Ludhiana,Organic,3139,43,8678,5,Composting,876,7,Ludhiana Landfill,"10.3062, 77.427",69241,1970,3.523883740417014,3.728850729295477,3.9917899423743854,4.161074726341037,41.53673652218294
KAGGLE_03,608,Ludhiana,E-Waste,3515,38,8678,10,Recycling,1984,15,Ludhiana Landfill,"10.3062, 77.427",69241,1970,7.725655089800875,6.235747932046838,5.11951566751408,3.708455581408482,41.78088137031156
KAGGLE_03,609,Ludhiana,Construction,5767,31,8678,8,Recycling,2861,3,Ludhiana Landfill,"10.3062, 77.427",69241,1970,2.8964736946184275,6.5071121812959625,2.880252558252467,3.2796972168333456,31.098616663040445
KAGGLE_03,610,Ludhiana,Hazardous,7678,63,8678,9,Recycling,859,3,Ludhiana Landfill,"10.3062, 77.427",69241,1970,3.205854121811148,5.667934125168386,2.347892431317653,5.8566804321658354,64.5376793519378
KAGGLE_03,611,Ludhiana,Plastic,6762,72,8678,10,Composting,1588,10,Ludhiana Landfill,"10.3062, 77.427",69241,1970,5.697976193254249,7.924840376569842,4.249428775411837,6.734672704226067,70.78354698511048
KAGGLE_03,612,Ludhiana,Organic,5285,39,8678,10,Incineration,4781,13,Ludhiana Landfill,"10.3062, 77.427",69241,1970,7.311846924561645,3.904873900604178,4.577422649680468,3.791910562943909,39.72623125548905
KAGGLE_03,613,Ludhiana,E-Waste,8336,49,8678,8,Landfill,3267,13,Ludhiana Landfill,"10.3062, 77.427",69241,1970,6.686662241386758,9.316123989900596,4.856555398739772,5.097163692137981,49.62221998228639
KAGGLE_03,614,Ludhiana,Construction,5808,68,8678,5,Incineration,1939,19,Ludhiana Landfill,"10.3062, 77.427",69241,1970,7.735537320152779,6.443227978325606,6.55814056353559,6.493435342956483,64.2207014158077
KAGGLE_03,615,Ludhiana,Hazardous,4330,42,8678,9,Composting,1341,10,Ludhiana Landfill,"10.3062, 77.427",69241,1970,5.956865137968471,8.763381444732616,3.861685398252898,4.341504481256251,46.03055022092128
KAGGLE_03,616,Ludhiana,Plastic,3119,75,8678,10,Incineration,2130,6,Ludhiana Landfill,"10.3062, 77.427",69241,1970,4.698133272008017,5.498706854937171,3.2966050502886244,7.259828137940299,77.5812889218451
KAGGLE_03,617,Ludhiana,Organic,6898,53,8678,9,Landfill,4725,10,Ludhiana Landfill,"10.3062, 77.427",69241,1970,5.475295134490268,4.691014336298558,4.732619949763887,5.686086108813517,52.20560936770802
KAGGLE_03,618,Ludhiana,E-Waste,8336,78,8678,9,Landfill,4294,14,Ludhiana Landfill,"10.3062, 77.427",69241,1970,7.051891270047921,8.331517901892433,4.910902539013264,8.195689944266617,75.7954605190883
KAGGLE_03,619,Ludhiana,Construction,6754,85,8678,5,Recycling,4132,0,Ludhiana Landfill,"10.3062, 77.427",69241,1970,1.081037527877817,7.126001204594186,2.069950048980964,8.297287204281327,85.6951232276071
KAGGLE_03,620,Ludhiana,Hazardous,1636,66,8678,9,Recycling,1708,4,Ludhiana Landfill,"10.3062, 77.427",69241,1970,3.604780587197873,8.029929489308238,2.715180374281452,6.32999375396324,66.17339539882879
KAGGLE_03,621,Ludhiana,Plastic,8158,68,8678,9,Composting,2719,13,Ludhiana Landfill,"10.3062, 77.427",69241,1970,6.624714814517735,8.878912206676794,5.210683035429797,6.711303972066231,68.71133789712646
KAGGLE_03,622,Ludhiana,Organic,8781,42,8678,10,Recycling,3510,18,Ludhiana Landfill,"10.3062, 77.427",69241,1970,8.68032743839932,3.0386290085778085,6.065745918890689,3.940531585180149,42.383154792388176
KAGGLE_03,623,Ludhiana,E-Waste,528,58,8678,6,Recycling,4978,11,Ludhiana Landfill,"10.3062, 77.427",69241,1970,5.29303341664808,8.145468293287566,4.215001583446818,5.972383843291704,59.01248197861185
KAGGLE_03,624,Ludhiana,Construction,4118,42,8678,9,Composting,4647,13,Ludhiana Landfill,"10.3062, 77.427",69241,1970,6.835865950114501,8.726162515193776,4.715971935176686,4.5260646845482855,44.89461139878361
KAGGLE_03,625,Ludhiana,Hazardous,1096,85,8678,7,Recycling,3839,8,Ludhiana Landfill,"10.3062, 77.427",69241,1970,4.556138522434741,8.825312951510137,3.376001266548604,8.673092130911218,86.13620641025729
KAGGLE_03,626,Agra,Plastic,3173,73,4629,6,Landfill,2350,2,Agra Landfill,"32.4069, 92.1176",82082,1970,2.0019274442854567,8.71829907246727,1.148737583729472,7.62435044724935,70.90068900218012
KAGGLE_03,627,Agra,Organic,9052,51,4629,5,Incineration,3074,8,Agra Landfill,"32.4069, 92.1176",82082,1970,3.9910042254517455,2.8993635866748466,3.127310263817197,4.996992162207475,53.7251257054249
KAGGLE_03,628,Agra,E-Waste,8371,48,4629,6,Incineration,3392,16,Agra Landfill,"32.4069, 92.1176",82082,1970,7.400542696235217,8.55334572838229,5.344781490671737,4.45631697070886,51.28122912697658
KAGGLE_03,629,Agra,Construction,8300,38,4629,9,Incineration,2900,14,Agra Landfill,"32.4069, 92.1176",82082,1970,6.8739368927057045,9.137681025762024,4.777216564419391,4.037950947397592,44.30411346902417
KAGGLE_03,630,Agra,Hazardous,5567,34,4629,10,Incineration,1466,10,Agra Landfill,"32.4069, 92.1176",82082,1970,5.829558794456723,6.900634934848649,3.648225188702713,3.2604745051415542,31.753011933520803
KAGGLE_03,631,Agra,Plastic,3622,65,4629,5,Incineration,794,1,Agra Landfill,"32.4069, 92.1176",82082,1970,1.4479137018187709,5.441750252548765,1.0,6.671270825229132,65.48576402630054
KAGGLE_03,632,Agra,Organic,1942,45,4629,7,Recycling,4606,15,Agra Landfill,"32.4069, 92.1176",82082,1970,7.381637349299487,3.7890642277219486,4.502278325124179,4.270643941981765,40.83580259362203
KAGGLE_03,633,Agra,E-Waste,5575,75,4629,7,Landfill,4423,19,Agra Landfill,"32.4069, 92.1176",82082,1970,8.58570825205736,8.38418194019716,5.522897754150698,7.081229634806673,76.10629831275841
KAGGLE_03,634,Agra,Construction,6444,80,4629,9,Composting,2562,6,Agra Landfill,"32.4069, 92.1176",82082,1970,4.26796731920638,7.46106828017485,2.2130478252258503,8.492581795487762,78.90359940366645
KAGGLE_03,635,Agra,Hazardous,6628,64,4629,6,Recycling,687,5,Agra Landfill,"32.4069, 92.1176",82082,1970,3.011410932518204,5.907608623375488,2.2280965385379523,6.0562015079306,67.8468915896499
KAGGLE_03,636,Agra,Plastic,9624,33,4629,8,Recycling,2599,6,Agra Landfill,"32.4069, 92.1176",82082,1970,3.984655410808093,8.455617379901245,2.498644693707901,3.7884209939634816,31.450770059962835
KAGGLE_03,637,Agra,Organic,8838,46,4629,5,Composting,4626,12,Agra Landfill,"32.4069, 92.1176",82082,1970,5.507012694229967,5.669540825052611,3.819976853999339,5.077279932566447,42.62163392406548
KAGGLE_03,638,Agra,E-Waste,5525,56,4629,8,Recycling,3618,4,Agra Landfill,"32.4069, 92.1176",82082,1970,3.1768181134515623,9.567450955913122,1.816880037564665,5.89381810390804,55.05747251859496
KAGGLE_03,639,Agra,Construction,3884,79,4629,7,Recycling,2966,4,Agra Landfill,"32.4069, 92.1176",82082,1970,2.944814543980197,7.75636871505761,2.2916464767343103,8.059422962081998,75.04902445756572
KAGGLE_03,640,Agra,Hazardous,9466,35,4629,6,Incineration,1261,10,Agra Landfill,"32.4069, 92.1176",82082,1970,4.930926288827715,8.077672962834548,3.752383727147915,3.577807050251084,36.50219890901462
KAGGLE_03,641,Agra,Plastic,5109,81,4629,8,Landfill,4121,2,Agra Landfill,"32.4069, 92.1176",82082,1970,2.39460573538256,6.647707737323197,1.2708867105089747,8.466101545377835,76.86983390748736
KAGGLE_03,642,Agra,Organic,692,64,4629,6,Landfill,4055,15,Agra Landfill,"32.4069, 92.1176",82082,1970,6.72153270937908,4.328666673037824,5.126879322701488,6.189439521619488,64.05691516236632
KAGGLE_03,643,Agra,E-Waste,3467,69,4629,5,Recycling,2682,18,Agra Landfill,"32.4069, 92.1176",82082,1970,7.48308145730262,8.621118920125278,5.915905895830735,6.867681212484877,64.84437636028761
KAGGLE_03,644,Agra,Construction,4511,58,4629,8,Incineration,1093,12,Agra Landfill,"32.4069, 92.1176",82082,1970,6.118599530236761,5.906916244269451,3.789833420858269,5.9193899693665015,57.35940439092671
KAGGLE_03,645,Agra,Hazardous,1924,58,4629,7,Incineration,2386,8,Agra Landfill,"32.4069, 92.1176",82082,1970,4.322234973016818,6.874812885449911,2.817515827621284,5.711190475869492,61.28675631160907
KAGGLE_03,646,Agra,Plastic,6020,56,4629,5,Incineration,4148,0,Agra Landfill,"32.4069, 92.1176",82082,1970,1.091450050793172,9.157184296570511,1.0,5.527486454090268,56.72129578287159
KAGGLE_03,647,Agra,Organic,915,35,4629,9,Incineration,1199,3,Agra Landfill,"32.4069, 92.1176",82082,1970,3.173580757356289,3.424678509053683,2.1542116913619025,3.3302846675020845,33.27301279007013
KAGGLE_03,648,Agra,E-Waste,7460,70,4629,7,Incineration,3020,14,Agra Landfill,"32.4069, 92.1176",82082,1970,6.8471262788806175,7.9431405945089155,4.839410311970541,7.064231816684536,69.93759302212183
KAGGLE_03,649,Agra,Construction,1500,33,4629,10,Recycling,3125,17,Agra Landfill,"32.4069, 92.1176",82082,1970,8.82898807589589,7.485593856845083,4.815658841411819,3.650574528015116,33.03603374408889
KAGGLE_03,650,Agra,Hazardous,7256,85,4629,8,Landfill,2170,3,Agra Landfill,"32.4069, 92.1176",82082,1970,2.894937897537715,7.678886594188119,1.6058216220996453,8.201528378006312,85.94526069168681
KAGGLE_03,651,Meerut,Plastic,9131,49,7178,9,Composting,3049,1,Meerut Landfill,"14.3552, 72.9863",56989,1970,2.2943868975690247,6.8989857352483615,1.7967966225060965,5.334433038753441,46.26628327343835
KAGGLE_03,652,Meerut,Organic,6719,54,7178,9,Recycling,3521,5,Meerut Landfill,"14.3552, 72.9863",56989,1970,3.8983741323551135,4.870420273700424,2.7465579053078644,5.58908765374823,55.18513454769466
KAGGLE_03,653,Meerut,E-Waste,3618,77,7178,9,Landfill,3695,0,Meerut Landfill,"14.3552, 72.9863",56989,1970,2.050364636942549,6.519786548326544,1.1872885006932177,8.02327321268003,71.59121673679445
KAGGLE_03,654,Meerut,Construction,3999,76,7178,10,Landfill,2118,3,Meerut Landfill,"14.3552, 72.9863",56989,1970,3.477225812787664,6.121057380865148,2.6022422039244795,7.656190692630011,74.74023089527238
KAGGLE_03,655,Meerut,Hazardous,7972,83,7178,9,Incineration,3749,4,Meerut Landfill,"14.3552, 72.9863",56989,1970,3.4874998119093616,8.099479273679545,2.670366215753162,8.579516701424064,82.0234523150969
KAGGLE_03,656,Meerut,Plastic,3668,52,7178,9,Incineration,2987,2,Meerut Landfill,"14.3552, 72.9863",56989,1970,2.6615726269085425,8.269171322123455,2.3313338076081287,4.716200397339468,53.26665365214248
KAGGLE_03,657,Meerut,Organic,1404,54,7178,10,Recycling,2848,10,Meerut Landfill,"14.3552, 72.9863",56989,1970,5.84890737322404,3.5377723929137237,4.352189712105797,5.718380424779535,54.04526170535374
KAGGLE_03,658,Meerut,E-Waste,3264,38,7178,7,Composting,3661,10,Meerut Landfill,"14.3552, 72.9863",56989,1970,5.167138481499403,8.357366440209649,4.241781286422064,3.3401388590853665,35.188873892287425
KAGGLE_03,659,Meerut,Construction,9061,38,7178,10,Landfill,2436,18,Meerut Landfill,"14.3552, 72.9863",56989,1970,9.079240266637392,7.503091156451714,5.932636034006043,4.189913376362862,36.03001374836597
KAGGLE_03,660,Meerut,Hazardous,1623,66,7178,10,Landfill,3495,6,Meerut Landfill,"14.3552, 72.9863",56989,1970,4.533861535317866,8.251636701658,3.103972187771749,7.091962747238644,66.39736001909482
KAGGLE_03,661,Meerut,Plastic,4686,69,7178,7,Composting,3910,8,Meerut Landfill,"14.3552, 72.9863",56989,1970,4.43312828618042,8.192622738220697,3.1537908388760685,6.694067462176778,68.84186531627088
KAGGLE_03,662,Meerut,Organic,6212,68,7178,10,Incineration,3901,3,Meerut Landfill,"14.3552, 72.9863",56989,1970,3.56355269059364,3.440781570433664,2.4170708502312324,6.510318556285793,66.8417517807285
KAGGLE_03,663,Meerut,E-Waste,936,55,7178,8,Composting,1580,2,Meerut Landfill,"14.3552, 72.9863",56989,1970,2.5537148486834327,6.650579796313484,1.6726786884956055,5.765363363858041,54.03833242097604
KAGGLE_03,664,Meerut,Construction,4476,36,7178,5,Recycling,3950,12,Meerut Landfill,"14.3552, 72.9863",56989,1970,5.339229374242191,7.560710175421939,4.687375023266482,3.353026340920253,37.39233599431858
KAGGLE_03,665,Meerut,Hazardous,3060,56,7178,9,Landfill,807,1,Meerut Landfill,"14.3552, 72.9863",56989,1970,2.298240761787617,7.417906473674545,1.473023593510293,5.965562383172204,54.96461485426157
KAGGLE_03,666,Meerut,Plastic,7018,77,7178,6,Incineration,1216,16,Meerut Landfill,"14.3552, 72.9863",56989,1970,6.96000889317688,6.11497640646129,5.110976732906545,7.302842592157477,76.82381751194185
KAGGLE_03,667,Meerut,Organic,5497,75,7178,5,Recycling,3723,14,Meerut Landfill,"14.3552, 72.9863",56989,1970,6.066243523821531,2.3927144649280025,4.658709922899281,7.125955196379358,79.33987317616109
KAGGLE_03,668,Meerut,E-Waste,1919,82,7178,6,Landfill,3446,0,Meerut Landfill,"14.3552, 72.9863",56989,1970,1.2399081284740767,8.776193190042331,1.0,8.679151555100615,79.15263472623215
KAGGLE_03,669,Meerut,Construction,7834,52,7178,9,Composting,2512,20,Meerut Landfill,"14.3552, 72.9863",56989,1970,9.137946713965206,8.884478223324457,6.712165050609855,5.373838898270004,48.29631453685068
KAGGLE_03,670,Meerut,Hazardous,1168,69,7178,7,Incineration,2332,11,Meerut Landfill,"14.3552, 72.9863",56989,1970,5.487244615784832,8.463126933235891,4.475826481814704,7.246887224428953,70.56717932959721
KAGGLE_03,671,Meerut,Plastic,2925,47,7178,6,Recycling,4347,13,Meerut Landfill,"14.3552, 72.9863",56989,1970,5.900191549329495,7.926855603403838,4.758358782669585,4.524329377351518,45.64271387741179
KAGGLE_03,672,Meerut,Organic,5457,78,7178,10,Recycling,4807,12,Meerut Landfill,"14.3552, 72.9863",56989,1970,6.997636957318778,4.995437566697942,4.154788233811709,7.976483749520604,77.36352494451477
KAGGLE_03,673,Meerut,E-Waste,1978,52,7178,9,Incineration,4091,6,Meerut Landfill,"14.3552, 72.9863",56989,1970,4.067095119329753,6.916423951446869,2.5769797702670143,5.294241827308597,50.43768724373777
KAGGLE_03,674,Meerut,Construction,4495,56,7178,9,Incineration,510,5,Meerut Landfill,"14.3552, 72.9863",56989,1970,3.893241834810037,6.949638423128449,2.2625543991936112,5.703150120122947,55.48039971846497
KAGGLE_03,675,Meerut,Hazardous,6404,46,7178,8,Landfill,4365,20,Meerut Landfill,"14.3552, 72.9863",56989,1970,9.108780030413168,8.266345209533776,6.159173609721545,4.782532459537721,49.197076224192685
KAGGLE_03,676,Nashik,Plastic,4584,34,2929,10,Recycling,1334,16,Nashik Landfill,"14.6177, 91.4568",63245,1970,8.610066383223717,8.074721578858293,5.00025134057569,3.4753591731290983,35.60425691723624
KAGGLE_03,677,Nashik,Organic,9096,36,2929,7,Recycling,2013,0,Nashik Landfill,"14.6177, 91.4568",63245,1970,1.470078251978214,2.61486996010724,1.0,3.529062369302666,37.72444702377396
KAGGLE_03,678,Nashik,E-Waste,5832,37,2929,8,Incineration,2774,8,Nashik Landfill,"14.6177, 91.4568",63245,1970,4.69715868305883,8.747388914499943,2.46366713280976,3.4759226943805466,34.16754588841471
KAGGLE_03,679,Nashik,Construction,5695,71,2929,5,Composting,4042,0,Nashik Landfill,"14.6177, 91.4568",63245,1970,1.101197902885723,7.815253665450589,1.0,7.3685813309132016,68.69769252689426
KAGGLE_03,680,Nashik,Hazardous,8192,67,2929,10,Composting,896,1,Nashik Landfill,"14.6177, 91.4568",63245,1970,2.7522649846540395,6.645824853029608,1.0,6.426272430003186,61.321842681029146
KAGGLE_03,681,Nashik,Plastic,4415,84,2929,10,Recycling,2881,20,Nashik Landfill,"14.6177, 91.4568",63245,1970,10.0,8.71919248763179,5.628620376372748,8.592354306154414,82.38123835783449
KAGGLE_03,682,Nashik,Organic,1400,69,2929,6,Composting,4894,10,Nashik Landfill,"14.6177, 91.4568",63245,1970,4.869013525143856,3.4744300238753896,3.217148488688196,6.633332822649327,70.91340637277132
KAGGLE_03,683,Nashik,E-Waste,4872,30,2929,8,Composting,4052,17,Nashik Landfill,"14.6177, 91.4568",63245,1970,7.809274434139065,8.605564071597104,4.604748119758754,3.125330169954454,31.033893031496746
KAGGLE_03,684,Nashik,Construction,2776,33,2929,10,Incineration,3767,17,Nashik Landfill,"14.6177, 91.4568",63245,1970,8.723320722162219,8.776505192991472,4.41712796481766,3.5470782671290286,32.55697347409576
KAGGLE_03,685,Nashik,Hazardous,3134,84,2929,10,Recycling,2582,11,Nashik Landfill,"14.6177, 91.4568",63245,1970,6.633842772860886,8.263641909110321,3.2504286747199416,8.118713888906539,83.9553994325639
KAGGLE_03,686,Nashik,Plastic,4744,55,2929,8,Landfill,516,0,Nashik Landfill,"14.6177, 91.4568",63245,1970,1.7953187798294032,7.3581564090272975,1.0,5.059943300861308,53.62222891484919
KAGGLE_03,687,Nashik,Organic,9216,69,2929,7,Incineration,4245,7,Nashik Landfill,"14.6177, 91.4568",63245,1970,4.161162078081041,2.7294972388451613,2.078949728822345,6.530973742994175,69.40951776480357
KAGGLE_03,688,Nashik,E-Waste,1598,82,2929,9,Recycling,911,18,Nashik Landfill,"14.6177, 91.4568",63245,1970,8.503340047054948,5.370380074296451,5.569258608305999,8.305996967271025,83.53175655896123
KAGGLE_03,689,Nashik,Construction,5393,64,2929,10,Incineration,1361,16,Nashik Landfill,"14.6177, 91.4568",63245,1970,8.43131482570767,6.54655326657776,4.725696291518267,6.749446406225735,60.76822642517905
KAGGLE_03,690,Nashik,Hazardous,9699,73,2929,6,Incineration,1196,7,Nashik Landfill,"14.6177, 91.4568",63245,1970,3.7557298531071495,6.170032534632837,2.4162742487646387,6.844996821235425,73.5992953756747
KAGGLE_03,691,Nashik,Plastic,7882,32,2929,7,Recycling,4400,4,Nashik Landfill,"14.6177, 91.4568",63245,1970,2.962291027916616,8.537722432173164,1.5251709091158654,3.4341512590416463,33.86486974190933
KAGGLE_03,692,Nashik,Organic,6136,37,2929,6,Landfill,2258,9,Nashik Landfill,"14.6177, 91.4568",63245,1970,4.588222662889039,4.964148859967144,2.788340139022688,3.541318645950052,36.16979942207326
KAGGLE_03,693,Nashik,E-Waste,6465,84,2929,7,Composting,3257,17,Nashik Landfill,"14.6177, 91.4568",63245,1970,7.840702485039465,8.399435619786605,4.900300809430624,8.378528369919522,85.40140122424117
KAGGLE_03,694,Nashik,Construction,6834,47,2929,8,Recycling,3071,11,Nashik Landfill,"14.6177, 91.4568",63245,1970,5.703069346254188,8.590637673947672,3.5558256126286505,5.128859549845566,52.629308888945104
KAGGLE_03,695,Nashik,Hazardous,9685,39,2929,10,Incineration,2012,16,Nashik Landfill,"14.6177, 91.4568",63245,1970,7.881626387385699,5.781217656482024,4.811541901774373,3.7319715047358457,38.79131441402622
KAGGLE_03,696,Nashik,Plastic,3659,77,2929,9,Composting,1759,17,Nashik Landfill,"14.6177, 91.4568",63245,1970,8.422760957509078,7.622005102827053,4.531089713297993,7.665336933939486,77.78661410001065
KAGGLE_03,697,Nashik,Organic,9946,72,2929,10,Composting,3566,15,Nashik Landfill,"14.6177, 91.4568",63245,1970,7.6649457698930545,4.670258021441779,4.35950855766917,6.713682414760681,70.52388583267722
KAGGLE_03,698,Nashik,E-Waste,3729,45,2929,8,Composting,1187,20,Nashik Landfill,"14.6177, 91.4568",63245,1970,9.269104999578362,8.063333970556208,5.521353900626645,4.081598720004839,45.3625023252041
KAGGLE_03,699,Nashik,Construction,613,40,2929,6,Landfill,2691,11,Nashik Landfill,"14.6177, 91.4568",63245,1970,5.172950670399487,6.598696242245637,3.729922771861928,3.758591591134784,40.92054324996461
KAGGLE_03,700,Nashik,Hazardous,9869,53,2929,10,Landfill,3250,11,Nashik Landfill,"14.6177, 91.4568",63245,1970,6.340498941834541,7.711868521591199,3.4908147268109198,4.827852240821075,53.38968468054028
KAGGLE_03,701,Rajkot,Plastic,3388,64,23232,7,Recycling,3849,12,Rajkot Landfill,"30.6193, 68.7432",62818,1970,6.002524082179443,7.230798673906661,7.866059326069776,6.531375326048251,61.96060936058229
KAGGLE_03,702,Rajkot,Organic,4416,40,23232,5,Recycling,1296,13,Rajkot Landfill,"30.6193, 68.7432",62818,1970,5.587755359788384,3.855287588130991,7.698949901832713,3.926398356801623,40.4127235426509
KAGGLE_03,703,Rajkot,E-Waste,5512,65,23232,8,Recycling,2052,18,Rajkot Landfill,"30.6193, 68.7432",62818,1970,8.31075918371807,8.529509052895124,9.439193148977209,6.548145202728023,67.92439187743527
KAGGLE_03,704,Rajkot,Construction,1618,66,23232,6,Incineration,3335,14,Rajkot Landfill,"30.6193, 68.7432",62818,1970,6.232552856061811,7.816766465586114,7.950759165334029,6.274647185896329,66.89727152902906
KAGGLE_03,705,Rajkot,Hazardous,5601,44,23232,10,Composting,549,13,Rajkot Landfill,"30.6193, 68.7432",62818,1970,6.775624223302098,6.105035724232069,7.9207618352195475,4.195932029436616,45.92397437814368
KAGGLE_03,706,Rajkot,Plastic,2457,59,23232,8,Recycling,1467,16,Rajkot Landfill,"30.6193, 68.7432",62818,1970,8.098314817036893,8.0103623982056,8.476397224468128,6.063824474852725,58.525976059974745
KAGGLE_03,707,Rajkot,Organic,3427,41,23232,8,Recycling,2693,17,Rajkot Landfill,"30.6193, 68.7432",62818,1970,7.934584270535609,4.698149884243726,9.275628906678165,4.5653027236304,42.49980047884742
KAGGLE_03,708,Rajkot,E-Waste,581,64,23232,10,Recycling,1245,12,Rajkot Landfill,"30.6193, 68.7432",62818,1970,6.93755318640987,7.450576289248251,7.539807373489948,5.950416773602209,64.55853567643305
KAGGLE_03,709,Rajkot,Construction,3412,69,23232,8,Incineration,2332,12,Rajkot Landfill,"30.6193, 68.7432",62818,1970,6.071818768445753,7.910525260004492,7.7254146328418205,7.290384320855265,67.09817854062554
KAGGLE_03,710,Rajkot,Hazardous,4374,47,23232,6,Recycling,1541,7,Rajkot Landfill,"30.6193, 68.7432",62818,1970,3.957212973490471,6.341064182670209,6.979230037272574,4.776881201311208,47.63704200959775
KAGGLE_03,711,Rajkot,Plastic,8303,77,23232,6,Composting,778,11,Rajkot Landfill,"30.6193, 68.7432",62818,1970,5.50960402570986,5.508385736069855,7.287871643052766,7.763919566755623,75.01660667311938
KAGGLE_03,712,Rajkot,Organic,1800,67,23232,7,Recycling,1361,10,Rajkot Landfill,"30.6193, 68.7432",62818,1970,5.293488561189084,3.159625465409266,7.341360323612573,6.700278535207761,65.73423945023042
KAGGLE_03,713,Rajkot,E-Waste,959,83,23232,10,Recycling,4555,1,Rajkot Landfill,"30.6193, 68.7432",62818,1970,2.640387578017431,9.774244224306964,5.002826920819817,7.869394085904183,83.37865661458474
KAGGLE_03,714,Rajkot,Construction,7305,44,23232,5,Recycling,2973,8,Rajkot Landfill,"30.6193, 68.7432",62818,1970,3.969721450811423,8.426247808024883,6.351679300699525,3.989876851736161,44.594488546760246
KAGGLE_03,715,Rajkot,Hazardous,2669,85,23232,10,Incineration,2793,17,Rajkot Landfill,"30.6193, 68.7432",62818,1970,8.442972853812865,7.590444310262766,9.376313373226608,8.600912005659087,82.62153506984575
KAGGLE_03,716,Rajkot,Plastic,3136,37,23232,8,Incineration,4999,1,Rajkot Landfill,"30.6193, 68.7432",62818,1970,2.255314657027244,7.62462783573068,4.652601165968394,3.5409585714355587,39.10797154236575
KAGGLE_03,717,Rajkot,Organic,8212,59,23232,5,Landfill,4516,5,Rajkot Landfill,"30.6193, 68.7432",62818,1970,2.9974804929520413,3.769528810521925,6.057810280630748,6.317268066577681,60.14401255660095
KAGGLE_03,718,Rajkot,E-Waste,9144,38,23232,10,Landfill,1079,11,Rajkot Landfill,"30.6193, 68.7432",62818,1970,6.657174188753261,5.62848660045126,7.644233554592746,3.706590537359472,36.59054312877823
KAGGLE_03,719,Rajkot,Construction,3077,71,23232,8,Incineration,2851,13,Rajkot Landfill,"30.6193, 68.7432",62818,1970,6.344646884786322,8.886345079806203,8.211981716268383,6.743281458702642,67.92483040710165
KAGGLE_03,720,Rajkot,Hazardous,3626,38,23232,7,Incineration,2629,3,Rajkot Landfill,"30.6193, 68.7432",62818,1970,2.7140269750900767,7.19382088707464,5.77218688896167,4.014718833502036,37.71019084183714
KAGGLE_03,721,Rajkot,Plastic,9686,69,23232,9,Landfill,3744,15,Rajkot Landfill,"30.6193, 68.7432",62818,1970,7.928629368015139,8.11062342874328,8.336827643176509,6.69335342144101,68.10811257227768
KAGGLE_03,722,Rajkot,Organic,5600,55,23232,8,Composting,1074,7,Rajkot Landfill,"30.6193, 68.7432",62818,1970,4.231535194993221,2.067150363761259,6.093534036312244,5.525470307355893,55.22628091410605
KAGGLE_03,723,Rajkot,E-Waste,6532,77,23232,5,Landfill,3045,10,Rajkot Landfill,"30.6193, 68.7432",62818,1970,4.533494494287472,5.742181430130488,7.556998922008706,7.89783278550517,76.27376667768887
KAGGLE_03,724,Rajkot,Construction,7574,41,23232,8,Composting,691,20,Rajkot Landfill,"30.6193, 68.7432",62818,1970,9.419145599533572,5.470327789806395,9.869211859001371,4.50026411120207,36.98508627850998
KAGGLE_03,725,Rajkot,Hazardous,2256,61,23232,9,Incineration,1350,3,Rajkot Landfill,"30.6193, 68.7432",62818,1970,3.167206477391041,5.702937911730826,5.919672962861044,6.3921911948016765,60.22330612339768
KAGGLE_03,726,Madurai,Plastic,8741,53,19454,9,Landfill,1385,12,Madurai Landfill,"13.1884, 95.8263",51929,1970,6.704248577292012,8.03380568210874,7.368908336269535,5.476361067872724,52.38876177786337
KAGGLE_03,727,Madurai,Organic,6764,40,19454,8,Composting,4083,6,Madurai Landfill,"13.1884, 95.8263",51929,1970,3.855498939499404,3.964692001077371,5.890846141156725,4.179633182395143,41.26732204954812
KAGGLE_03,728,Madurai,E-Waste,8320,53,19454,10,Incineration,2290,14,Madurai Landfill,"13.1884, 95.8263",51929,1970,7.690204557426237,8.60827619953564,7.532614633348381,5.745924644032087,51.6036006507779
KAGGLE_03,729,Madurai,Construction,8475,33,19454,5,Landfill,4852,2,Madurai Landfill,"13.1884, 95.8263",51929,1970,1.7251557031973268,7.319144816505116,4.381148369205707,3.095824097496536,36.35734934674513
KAGGLE_03,730,Madurai,Hazardous,8167,55,19454,6,Incineration,3261,15,Madurai Landfill,"13.1884, 95.8263",51929,1970,6.610029295431013,6.491138323231496,8.089078175960212,5.001112094196188,51.176718898696485
KAGGLE_03,731,Madurai,Plastic,8700,79,19454,5,Recycling,2505,2,Madurai Landfill,"13.1884, 95.8263",51929,1970,1.7177742986326583,7.898458340838602,4.498814086398097,7.671954559398199,81.62233499560524
KAGGLE_03,732,Madurai,Organic,5760,60,19454,8,Composting,3266,4,Madurai Landfill,"13.1884, 95.8263",51929,1970,3.374618731950141,3.9892985070520206,4.730962169772275,5.717891379626744,59.55136205824379
KAGGLE_03,733,Madurai,E-Waste,7043,50,19454,7,Landfill,4625,3,Madurai Landfill,"13.1884, 95.8263",51929,1970,2.6953764526990254,9.459939636895191,5.152493992930316,5.161834585113998,51.71916974468712
KAGGLE_03,734,Madurai,Construction,7206,74,19454,9,Landfill,3529,4,Madurai Landfill,"13.1884, 95.8263",51929,1970,3.521360037493527,7.130370652156205,5.430079850141189,7.533711599765529,74.15960296811747
KAGGLE_03,735,Madurai,Hazardous,9740,55,19454,5,Incineration,3197,2,Madurai Landfill,"13.1884, 95.8263",51929,1970,1.7562138637632425,7.45530561088204,4.513829729509012,5.593461382704724,57.27911107205094
KAGGLE_03,736,Madurai,Plastic,6503,79,19454,8,Landfill,2647,16,Madurai Landfill,"13.1884, 95.8263",51929,1970,8.009204432345937,8.995665652136521,7.62321970067863,7.416243443209455,78.22527607089438
KAGGLE_03,737,Madurai,Organic,9455,66,19454,7,Landfill,2762,13,Madurai Landfill,"13.1884, 95.8263",51929,1970,6.282453323002232,3.737888360134893,7.185346063285774,6.828778054450647,63.80275914964437
KAGGLE_03,738,Madurai,E-Waste,4955,31,19454,6,Landfill,4887,15,Madurai Landfill,"13.1884, 95.8263",51929,1970,7.0695921533119,9.881231664148874,8.101057632831445,2.9235304124854915,33.84100857454213
KAGGLE_03,739,Madurai,Construction,7446,57,19454,6,Incineration,1248,15,Madurai Landfill,"13.1884, 95.8263",51929,1970,6.803920346376966,7.464359952842152,8.19929400191507,5.865055989006631,56.77303870823572
KAGGLE_03,740,Madurai,Hazardous,8006,46,19454,9,Recycling,1181,19,Madurai Landfill,"13.1884, 95.8263",51929,1970,8.95542694616212,6.932739491992322,8.500992715866436,4.656578428502153,46.44311694724842
KAGGLE_03,741,Madurai,Plastic,6678,66,19454,9,Incineration,4434,3,Madurai Landfill,"13.1884, 95.8263",51929,1970,3.1299352141647585,7.105946361348937,4.364493585394113,6.442730925427907,68.46950382808959
KAGGLE_03,742,Madurai,Organic,4686,51,19454,5,Recycling,762,12,Madurai Landfill,"13.1884, 95.8263",51929,1970,5.375667521412787,3.30277627234077,7.42487042650168,4.734576267104108,48.93608951581113
KAGGLE_03,743,Madurai,E-Waste,2979,73,19454,5,Incineration,4480,7,Madurai Landfill,"13.1884, 95.8263",51929,1970,3.7310765400531984,7.019301797242695,5.686924912347716,6.894418897660481,74.19098179527852
KAGGLE_03,744,Madurai,Construction,6526,38,19454,7,Recycling,1149,20,Madurai Landfill,"13.1884, 95.8263",51929,1970,8.948394506864334,6.697362548627543,9.089280937636405,4.131518333112224,36.82021048707422
KAGGLE_03,745,Madurai,Hazardous,577,83,19454,7,Recycling,4530,18,Madurai Landfill,"13.1884, 95.8263",51929,1970,7.98018219106335,7.094022791643055,9.0155857854196,8.718397542081558,82.73566128871126
KAGGLE_03,746,Madurai,Plastic,558,63,19454,9,Recycling,614,0,Madurai Landfill,"13.1884, 95.8263",51929,1970,2.1198736806395786,7.070141807958509,3.6140847012830646,6.4497880467643,63.14455793076858
KAGGLE_03,747,Madurai,Organic,2461,33,19454,6,Landfill,3223,4,Madurai Landfill,"13.1884, 95.8263",51929,1970,2.737530503241226,2.3845113340816946,5.1958379808209365,2.903434114860484,29.999556277106127
KAGGLE_03,748,Madurai,E-Waste,586,48,19454,9,Landfill,1161,13,Madurai Landfill,"13.1884, 95.8263",51929,1970,6.877413095649344,8.458149781579689,6.87162539594371,4.702027216888241,46.44232591435913
KAGGLE_03,749,Madurai,Construction,2023,44,19454,9,Landfill,4545,16,Madurai Landfill,"13.1884, 95.8263",51929,1970,8.289333779489866,8.71592986085556,7.922988901835343,4.628939200105157,46.70214578482628
KAGGLE_03,750,Madurai,Hazardous,1905,74,19454,9,Composting,2265,18,Madurai Landfill,"13.1884, 95.8263",51929,1970,8.809403970538067,7.197113557653359,8.85133451856229,7.679820884010068,75.77238237716959
KAGGLE_03,751,Jabalpur,Plastic,3200,58,7118,9,Recycling,602,13,Jabalpur Landfill,"20.0639, 89.516",63720,1970,6.577119563952497,7.562375086804863,4.664414309985994,5.418218622291088,57.87472084534553
KAGGLE_03,752,Jabalpur,Organic,1169,71,7118,6,Incineration,3046,16,Jabalpur Landfill,"20.0639, 89.516",63720,1970,7.543058543969678,4.429818998500803,5.97812443113331,6.600030718845384,71.48624691702578
KAGGLE_03,753,Jabalpur,E-Waste,7795,72,7118,10,Landfill,4026,7,Jabalpur Landfill,"20.0639, 89.516",63720,1970,4.93574316199932,8.402877582801972,3.290001362176961,7.412137045880605,71.41151498872709
KAGGLE_03,754,Jabalpur,Construction,5367,32,7118,5,Composting,4155,4,Jabalpur Landfill,"20.0639, 89.516",63720,1970,2.480131969233074,8.9358037662133,2.302104229866313,3.056596175986205,34.71316677165596
KAGGLE_03,755,Jabalpur,Hazardous,6122,76,7118,8,Recycling,3926,10,Jabalpur Landfill,"20.0639, 89.516",63720,1970,5.283590586328989,7.814439541436748,3.7010534031351128,7.35448133161826,75.59929484441167
KAGGLE_03,756,Jabalpur,Plastic,2337,69,7118,9,Landfill,3011,15,Jabalpur Landfill,"20.0639, 89.516",63720,1970,7.816363615041301,6.161554092320351,5.081462611516521,6.412897469789526,69.4636841842697
KAGGLE_03,757,Jabalpur,Organic,891,74,7118,5,Recycling,2819,16,Jabalpur Landfill,"20.0639, 89.516",63720,1970,7.056232323174125,2.998722616760072,5.353475350989911,7.4402994067615,76.29206028828413
KAGGLE_03,758,Jabalpur,E-Waste,2321,60,7118,10,Landfill,3441,0,Jabalpur Landfill,"20.0639, 89.516",63720,1970,2.286285362991314,7.651738732512601,1.0496557549543204,6.351150735425982,58.44525703030818
KAGGLE_03,759,Jabalpur,Construction,2536,72,7118,8,Composting,3991,13,Jabalpur Landfill,"20.0639, 89.516",63720,1970,6.867307283106778,7.024052281821662,4.600516276657133,7.657631646272589,75.11757836899379
KAGGLE_03,760,Jabalpur,Hazardous,4315,39,7118,5,Incineration,3444,4,Jabalpur Landfill,"20.0639, 89.516",63720,1970,2.603379401863379,7.636275547067423,2.445180596969585,3.96574495061329,35.939077180513245
KAGGLE_03,761,Jabalpur,Plastic,3957,40,7118,6,Composting,872,15,Jabalpur Landfill,"20.0639, 89.516",63720,1970,6.601596633734475,7.6512793087657265,5.453679829469165,4.014461327739894,43.2592842622256
KAGGLE_03,762,Jabalpur,Organic,6528,48,7118,9,Landfill,1862,9,Jabalpur Landfill,"20.0639, 89.516",63720,1970,5.260388534232041,3.752209557397825,3.8876715619519673,4.385056385489241,47.25464883209605
KAGGLE_03,763,Jabalpur,E-Waste,9148,65,7118,5,Incineration,3322,4,Jabalpur Landfill,"20.0639, 89.516",63720,1970,2.4566565318613103,8.123081041438715,2.689707732459514,6.548872801542599,64.51460250434944
KAGGLE_03,764,Jabalpur,Construction,2988,53,7118,6,Composting,3631,20,Jabalpur Landfill,"20.0639, 89.516",63720,1970,8.915830821692776,7.660325656255432,5.989305759107217,5.179979078965395,49.21997965763411
KAGGLE_03,765,Jabalpur,Hazardous,5235,33,7118,6,Recycling,2870,16,Jabalpur Landfill,"20.0639, 89.516",63720,1970,6.871602563181384,7.785638889723099,5.198609476810896,3.407135280883577,32.09041056524462
KAGGLE_03,766,Jabalpur,Plastic,7833,72,7118,10,Incineration,997,1,Jabalpur Landfill,"20.0639, 89.516",63720,1970,2.668308865641989,8.22362945866612,1.892626365630216,7.0887263478765465,69.92038693794623
KAGGLE_03,767,Jabalpur,Organic,5713,85,7118,5,Recycling,3842,15,Jabalpur Landfill,"20.0639, 89.516",63720,1970,6.778045709128751,5.217690928036918,5.214931445410107,8.240299123450367,83.78470730925305
KAGGLE_03,768,Jabalpur,E-Waste,5990,37,7118,6,Incineration,3278,2,Jabalpur Landfill,"20.0639, 89.516",63720,1970,2.114804100336869,7.349999201557529,1.4862555528987051,3.294965275228377,36.72537806842224
KAGGLE_03,769,Jabalpur,Construction,9076,37,7118,10,Landfill,1340,15,Jabalpur Landfill,"20.0639, 89.516",63720,1970,7.707846555471784,6.750591437113116,5.535436719662182,3.514918444588896,38.91558322894581
KAGGLE_03,770,Jabalpur,Hazardous,1907,74,7118,5,Incineration,557,6,Jabalpur Landfill,"20.0639, 89.516",63720,1970,3.3769291839572757,7.527962606423611,3.253751650520697,6.9966448342877525,74.41520670280126
KAGGLE_03,771,Jabalpur,Plastic,4114,42,7118,6,Recycling,2176,1,Jabalpur Landfill,"20.0639, 89.516",63720,1970,1.5885064853942747,6.660918862759117,1.779361240223922,3.876896950823984,42.61535330680223
KAGGLE_03,772,Jabalpur,Organic,2259,75,7118,10,Recycling,1100,5,Jabalpur Landfill,"20.0639, 89.516",63720,1970,4.279941667836653,2.374182159468531,2.297405403006632,7.987336158579547,72.80896122230888
KAGGLE_03,773,Jabalpur,E-Waste,9698,79,7118,8,Incineration,3131,15,Jabalpur Landfill,"20.0639, 89.516",63720,1970,7.060092147535344,8.768568566289282,5.497457126762944,7.844103556906619,77.23849182079454
KAGGLE_03,774,Jabalpur,Construction,2595,81,7118,7,Composting,993,14,Jabalpur Landfill,"20.0639, 89.516",63720,1970,6.652255535617298,5.386027001575721,5.064655664961723,8.131871766505018,84.59745003670263
KAGGLE_03,775,Jabalpur,Hazardous,8135,79,7118,6,Composting,2933,3,Jabalpur Landfill,"20.0639, 89.516",63720,1970,2.47859192393122,8.247569476314196,2.5129020543883187,8.273618528737215,77.5295979304735
KAGGLE_03,776,Allahabad,Plastic,6010,71,19181,5,Incineration,915,0,Allahabad Landfill,"35.9642, 87.6951",35432,1970,1.0,5.959524388591526,4.242467698121539,7.595568900490687,74.3124165041146
KAGGLE_03,777,Allahabad,Organic,2008,54,19181,5,Recycling,1878,5,Allahabad Landfill,"35.9642, 87.6951",35432,1970,2.811839108889505,2.791304179749089,5.543722777683536,5.482714449344682,53.51387760223827
KAGGLE_03,778,Allahabad,E-Waste,7959,71,19181,7,Incineration,4898,8,Allahabad Landfill,"35.9642, 87.6951",35432,1970,4.604936542465581,9.096341168657718,6.008728772130323,7.412473821044172,71.004575872287
KAGGLE_03,779,Allahabad,Construction,3618,73,19181,5,Recycling,1318,12,Allahabad Landfill,"35.9642, 87.6951",35432,1970,5.6134678106160765,6.33887373884761,6.631045223919215,7.126941024336675,75.14073032045987
KAGGLE_03,780,Allahabad,Hazardous,5820,34,19181,7,Composting,4725,6,Allahabad Landfill,"35.9642, 87.6951",35432,1970,3.815546732442352,9.80810951966289,5.661878179105387,3.205743957447291,36.54378484387731
KAGGLE_03,781,Allahabad,Plastic,4462,55,19181,5,Recycling,4317,16,Allahabad Landfill,"35.9642, 87.6951",35432,1970,7.109140646689051,8.43217567491907,8.11119449077767,5.402703720994561,54.77837487944183
KAGGLE_03,782,Allahabad,Organic,5920,54,19181,6,Recycling,2492,6,Allahabad Landfill,"35.9642, 87.6951",35432,1970,3.5286424881899925,2.9811058188476585,5.732973892924786,5.572507262673649,53.22351389295692
KAGGLE_03,783,Allahabad,E-Waste,9769,38,19181,6,Composting,1976,6,Allahabad Landfill,"35.9642, 87.6951",35432,1970,3.4208726236831946,7.770782760849053,5.160601711776434,3.9821916892550986,37.888159102955576
KAGGLE_03,784,Allahabad,Construction,4796,78,19181,8,Landfill,3524,4,Allahabad Landfill,"35.9642, 87.6951",35432,1970,3.212507530079896,7.101216151532313,4.685695905625988,7.61523943464945,78.67591505646423
KAGGLE_03,785,Allahabad,Hazardous,2461,39,19181,9,Incineration,1811,8,Allahabad Landfill,"35.9642, 87.6951",35432,1970,4.8294406705058766,5.7052541327049004,6.381130222945027,3.533209924136629,40.78260737373951
KAGGLE_03,786,Allahabad,Plastic,9096,76,19181,5,Composting,3310,17,Allahabad Landfill,"35.9642, 87.6951",35432,1970,7.648331597126421,6.327426905717768,8.49069850417777,7.732396256465509,76.0084597179883
KAGGLE_03,787,Allahabad,Organic,1944,53,19181,10,Landfill,3544,17,Allahabad Landfill,"35.9642, 87.6951",35432,1970,8.648580486680524,4.644763850732421,8.648949194426022,4.928325862188765,54.23777259604631
KAGGLE_03,788,Allahabad,E-Waste,3083,58,19181,5,Composting,2181,9,Allahabad Landfill,"35.9642, 87.6951",35432,1970,4.331873050523692,7.140217498934444,6.49943602688962,5.87849250822933,61.27671946454189
KAGGLE_03,789,Allahabad,Construction,9041,33,19181,9,Landfill,1487,2,Allahabad Landfill,"35.9642, 87.6951",35432,1970,2.760679801027057,6.399135709556896,4.587876011716,3.4934221280563094,33.76261922452957
KAGGLE_03,790,Allahabad,Hazardous,2075,53,19181,9,Composting,1218,16,Allahabad Landfill,"35.9642, 87.6951",35432,1970,8.322593459796837,6.817503824440739,8.144853442753572,5.500611496394452,53.623305712009554
KAGGLE_03,791,Allahabad,Plastic,9603,36,19181,6,Recycling,1145,17,Allahabad Landfill,"35.9642, 87.6951",35432,1970,7.317970574347166,7.593535989179871,8.629848629665709,3.8534721106595966,32.962178349819865
KAGGLE_03,792,Allahabad,Organic,4604,38,19181,6,Landfill,2987,13,Allahabad Landfill,"35.9642, 87.6951",35432,1970,6.160185648236934,4.935244927450139,7.319527460237638,4.172859421565664,32.73853972634187
KAGGLE_03,793,Allahabad,E-Waste,5732,32,19181,7,Incineration,3137,19,Allahabad Landfill,"35.9642, 87.6951",35432,1970,8.580633222211887,9.0276883511252,8.873112030054084,3.1999589919647886,32.77675145846034
KAGGLE_03,794,Allahabad,Construction,9883,50,19181,6,Composting,4134,15,Allahabad Landfill,"35.9642, 87.6951",35432,1970,6.925204290138684,7.650522818465273,7.3971974217293,5.230249189529571,49.81035153743826
KAGGLE_03,795,Allahabad,Hazardous,1331,74,19181,6,Composting,3021,4,Allahabad Landfill,"35.9642, 87.6951",35432,1970,2.6291310992305594,7.486767865221243,4.964641925841802,7.519172735365837,72.97043465017052
KAGGLE_03,796,Allahabad,Plastic,6209,47,19181,10,Landfill,2392,5,Allahabad Landfill,"35.9642, 87.6951",35432,1970,4.29103637229481,7.659639268484038,5.457117817683798,4.386639939797683,47.48706040837269
KAGGLE_03,797,Allahabad,Organic,7713,63,19181,5,Composting,1504,6,Allahabad Landfill,"35.9642, 87.6951",35432,1970,3.415258511625824,4.220955399752196,5.261663404042064,5.825689644869408,62.87919254160618
KAGGLE_03,798,Allahabad,E-Waste,4700,78,19181,6,Composting,4043,15,Allahabad Landfill,"35.9642, 87.6951",35432,1970,6.892602028110202,7.740857300288765,7.442974886250234,7.584541385676934,80.2555605012678
KAGGLE_03,799,Allahabad,Construction,9415,69,19181,8,Recycling,3994,17,Allahabad Landfill,"35.9642, 87.6951",35432,1970,8.244244612963602,7.070228528656155,8.054547513950116,6.84303370633762,69.17222173651795
KAGGLE_03,800,Allahabad,Hazardous,2712,54,19181,7,Landfill,3778,17,Allahabad Landfill,"35.9642, 87.6951",35432,1970,8.173699043423763,6.526590725431789,7.982221333718533,5.517105944428656,52.50615342985967
KAGGLE_03,801,Visakhapatnam,Plastic,5770,75,12359,10,Recycling,849,12,Visakhapatnam Landfill,"12.4235, 85.6407",48016,1970,6.866582106616998,6.616760462258757,5.286275819459831,7.849959330503205,76.98033247791858
KAGGLE_03,802,Visakhapatnam,Organic,3716,63,12359,9,Recycling,2761,9,Visakhapatnam Landfill,"12.4235, 85.6407",48016,1970,5.171937333645562,3.62480351778064,4.746214025291523,5.996245716706166,62.5657378501076
KAGGLE_03,803,Visakhapatnam,E-Waste,1507,85,12359,7,Recycling,1357,8,Visakhapatnam Landfill,"12.4235, 85.6407",48016,1970,4.536446972766242,6.923399504326783,4.97920169630697,8.125549789898477,86.05307336734461
KAGGLE_03,804,Visakhapatnam,Construction,6216,61,12359,5,Recycling,4944,1,Visakhapatnam Landfill,"12.4235, 85.6407",48016,1970,1.4307963839599676,8.435965569027672,2.828422829162154,6.563479947474328,60.0451785876144
KAGGLE_03,805,Visakhapatnam,Hazardous,5910,39,12359,5,Landfill,3743,15,Visakhapatnam Landfill,"12.4235, 85.6407",48016,1970,6.548274761849199,7.865672296031679,6.00928356323876,3.508044559376407,37.70034622900513
KAGGLE_03,806,Visakhapatnam,Plastic,4884,56,12359,5,Recycling,895,11,Visakhapatnam Landfill,"12.4235, 85.6407",48016,1970,5.243590510540391,8.719859928848022,4.898334851804309,5.578491070107189,56.16833646037139
KAGGLE_03,807,Visakhapatnam,Organic,7111,54,12359,5,Composting,1267,11,Visakhapatnam Landfill,"12.4235, 85.6407",48016,1970,5.348679859445049,3.446395235660603,5.51751932756136,5.485563728793302,54.02565728708737
KAGGLE_03,808,Visakhapatnam,E-Waste,4042,78,12359,6,Landfill,1250,17,Visakhapatnam Landfill,"12.4235, 85.6407",48016,1970,7.918693815631743,7.063293547296185,6.704161946859824,7.841374420907438,78.95965407073366
KAGGLE_03,809,Visakhapatnam,Construction,3381,48,12359,5,Landfill,4978,17,Visakhapatnam Landfill,"12.4235, 85.6407",48016,1970,7.303647746563467,7.716072762683855,7.143194129008794,4.386032157032943,47.46270849338052
KAGGLE_03,810,Visakhapatnam,Hazardous,588,76,12359,8,Incineration,3832,15,Visakhapatnam Landfill,"12.4235, 85.6407",48016,1970,7.0493582374536246,8.002462696418144,6.480873951064206,7.157026914003619,72.3272804324592
KAGGLE_03,811,Visakhapatnam,Plastic,9354,73,12359,6,Landfill,1758,16,Visakhapatnam Landfill,"12.4235, 85.6407",48016,1970,7.5764047022036785,6.850478055475143,6.867604632964804,6.905483427461036,72.13445223282322
KAGGLE_03,812,Visakhapatnam,Organic,7018,53,12359,6,Recycling,4005,5,Visakhapatnam Landfill,"12.4235, 85.6407",48016,1970,3.255364268215293,5.552507068267632,3.5933092218418845,5.385587683872613,54.58763693428763
KAGGLE_03,813,Visakhapatnam,E-Waste,7321,31,12359,8,Composting,4193,11,Visakhapatnam Landfill,"12.4235, 85.6407",48016,1970,5.631826611030867,8.647329045943772,5.5137221048844935,3.144344887634321,30.405247841513788
KAGGLE_03,814,Visakhapatnam,Construction,9575,65,12359,6,Composting,3043,0,Visakhapatnam Landfill,"12.4235, 85.6407",48016,1970,1.3525451130458022,6.899666825745274,2.335425167117154,6.233740792036744,64.50723319497091
KAGGLE_03,815,Visakhapatnam,Hazardous,2751,30,12359,7,Composting,1396,17,Visakhapatnam Landfill,"12.4235, 85.6407",48016,1970,8.131479017776599,6.22707310444995,7.260431661873727,3.137774141845592,31.972753011811875
KAGGLE_03,816,Visakhapatnam,Plastic,3074,77,12359,10,Composting,4735,14,Visakhapatnam Landfill,"12.4235, 85.6407",48016,1970,7.478578004692253,8.098393285772259,6.207737463956809,8.02006750205565,75.57605354548215
KAGGLE_03,817,Visakhapatnam,Organic,4528,78,12359,8,Recycling,2938,18,Visakhapatnam Landfill,"12.4235, 85.6407",48016,1970,8.530885652882223,4.656122250881309,6.895874982598778,7.3415789598465935,74.9143935635142
KAGGLE_03,818,Visakhapatnam,E-Waste,545,68,12359,5,Incineration,4818,10,Visakhapatnam Landfill,"12.4235, 85.6407",48016,1970,4.697725258261549,8.796214193358866,4.840875044715709,6.798129943548043,67.678737760949
KAGGLE_03,819,Visakhapatnam,Construction,4931,58,12359,6,Composting,2921,0,Visakhapatnam Landfill,"12.4235, 85.6407",48016,1970,1.2242134438031254,7.982169830433984,2.262289767495079,5.98931041210269,57.03165209750252
KAGGLE_03,820,Visakhapatnam,Hazardous,7605,31,12359,8,Composting,1191,16,Visakhapatnam Landfill,"12.4235, 85.6407",48016,1970,7.580876527070981,7.117924474313561,6.766004141317163,2.852311927069687,29.067507360493494
KAGGLE_03,821,Visakhapatnam,Plastic,7054,62,12359,6,Composting,1978,10,Visakhapatnam Landfill,"12.4235, 85.6407",48016,1970,5.1516322339403455,6.351773757663698,4.790078795421364,6.007770905293149,61.64924308820262
KAGGLE_03,822,Visakhapatnam,Organic,7615,39,12359,5,Recycling,3030,11,Visakhapatnam Landfill,"12.4235, 85.6407",48016,1970,4.855026499478994,4.383935080956119,5.416666448350925,4.013637902989384,39.983011294493565
KAGGLE_03,823,Visakhapatnam,E-Waste,6752,48,12359,5,Composting,986,1,Visakhapatnam Landfill,"12.4235, 85.6407",48016,1970,1.3869388965733909,6.920551866603436,2.585998209348793,5.197935293443737,47.98142287686437
KAGGLE_03,824,Visakhapatnam,Construction,8160,58,12359,6,Incineration,3943,0,Visakhapatnam Landfill,"12.4235, 85.6407",48016,1970,1.2750978749905657,8.674614233323945,2.733332127217304,6.1099244203029,58.61396214537248
KAGGLE_03,825,Visakhapatnam,Hazardous,2622,85,12359,9,Recycling,1879,15,Visakhapatnam Landfill,"12.4235, 85.6407",48016,1970,7.616726291604,8.601402239324106,6.636302910963975,8.583130219099584,88.62681539703084
KAGGLE_03,826,Gwalior,Plastic,5559,49,11280,6,Recycling,735,5,Gwalior Landfill,"10.9566, 91.6565",54460,1970,3.2823550509099504,8.041084560973626,3.8748960820261447,5.13022171775725,48.31424227688487
KAGGLE_03,827,Gwalior,Organic,549,32,11280,8,Composting,4300,7,Gwalior Landfill,"10.9566, 91.6565",54460,1970,4.306970954759497,4.896633997978652,4.3577221698122734,3.0648224702077984,32.55669726928934
KAGGLE_03,828,Gwalior,E-Waste,6318,66,11280,9,Composting,3620,3,Gwalior Landfill,"10.9566, 91.6565",54460,1970,3.0913526255420307,6.65868775689483,2.784593244573744,6.740965528098758,64.98157327480173
KAGGLE_03,829,Gwalior,Construction,7388,74,11280,8,Landfill,3177,6,Gwalior Landfill,"10.9566, 91.6565",54460,1970,4.106443401533259,8.771835717500014,3.4352557858660098,7.366181591127557,72.30728056022605
KAGGLE_03,830,Gwalior,Hazardous,3629,34,11280,8,Incineration,4718,14,Gwalior Landfill,"10.9566, 91.6565",54460,1970,6.936017986992783,9.821196767816597,6.045819667368876,3.0899361364575606,32.83018469316446
KAGGLE_03,831,Gwalior,Plastic,4765,62,11280,10,Landfill,4218,3,Gwalior Landfill,"10.9566, 91.6565",54460,1970,3.29072001655792,7.258037543843275,2.9652180526758425,6.401738273877257,61.042482856956624
KAGGLE_03,832,Gwalior,Organic,9036,47,11280,5,Composting,3454,6,Gwalior Landfill,"10.9566, 91.6565",54460,1970,3.249413279389509,3.736989655112499,3.779217065284838,4.756464637348822,47.71895159509425
KAGGLE_03,833,Gwalior,E-Waste,1600,85,11280,6,Composting,4572,6,Gwalior Landfill,"10.9566, 91.6565",54460,1970,3.379775458913035,9.134960140009715,3.3780199316748822,8.35862158195359,89.69815157340152
KAGGLE_03,834,Gwalior,Construction,5094,34,11280,5,Composting,3993,17,Gwalior Landfill,"10.9566, 91.6565",54460,1970,7.096923551647316,6.631391751607109,6.356447288156541,3.8113391900786313,32.56791312744832
KAGGLE_03,835,Gwalior,Hazardous,1827,49,11280,7,Incineration,1661,9,Gwalior Landfill,"10.9566, 91.6565",54460,1970,4.870262641962516,7.95027308498991,4.130547242755956,4.420934117826733,48.16674938876908
KAGGLE_03,836,Gwalior,Plastic,2782,51,11280,9,Recycling,4711,14,Gwalior Landfill,"10.9566, 91.6565",54460,1970,7.157131122769626,8.596432424019445,6.226056611482738,4.915773151249496,50.873753973777504
KAGGLE_03,837,Gwalior,Organic,9542,61,11280,7,Incineration,4239,2,Gwalior Landfill,"10.9566, 91.6565",54460,1970,2.3804716879598216,3.452502290532057,2.5902675221000218,5.656881397777647,61.7915976974195
KAGGLE_03,838,Gwalior,E-Waste,5503,61,11280,8,Composting,1671,20,Gwalior Landfill,"10.9566, 91.6565",54460,1970,9.06373200234815,7.860471495453068,7.4042080084545,6.366527316221627,61.52710162390957
KAGGLE_03,839,Gwalior,Construction,8284,45,11280,5,Landfill,3055,6,Gwalior Landfill,"10.9566, 91.6565",54460,1970,3.2937197499913378,7.311562910639705,3.3858501595426214,4.702107454113793,47.56819158789624
KAGGLE_03,840,Gwalior,Hazardous,1014,51,11280,9,Recycling,1873,10,Gwalior Landfill,"10.9566, 91.6565",54460,1970,5.813837875555055,6.2736107110223855,5.013718230187149,4.931352218736317,46.147215858929584
KAGGLE_03,841,Gwalior,Plastic,3556,41,11280,10,Incineration,4042,2,Gwalior Landfill,"10.9566, 91.6565",54460,1970,2.8625789004378674,8.975733196021302,2.6698981846355854,4.275662902207073,36.226140259608655
KAGGLE_03,842,Gwalior,Organic,9726,50,11280,10,Recycling,4444,7,Gwalior Landfill,"10.9566, 91.6565",54460,1970,4.953882309611195,3.1757734667056394,4.4947900258391575,4.89593722619595,49.008243655979705
KAGGLE_03,843,Gwalior,E-Waste,5300,60,11280,5,Composting,669,15,Gwalior Landfill,"10.9566, 91.6565",54460,1970,6.381142833824128,7.815353152685266,6.484989027815527,6.256253791422434,62.19460037508742
KAGGLE_03,844,Gwalior,Construction,7561,47,11280,8,Composting,3024,18,Gwalior Landfill,"10.9566, 91.6565",54460,1970,8.85051997037533,8.073878683161396,6.672161457243239,4.654183662736706,43.868703936788805
KAGGLE_03,845,Gwalior,Hazardous,4272,41,11280,6,Incineration,4123,9,Gwalior Landfill,"10.9566, 91.6565",54460,1970,4.454936854952511,9.178406548878549,4.997831734571959,4.0122797278316655,34.98473532061249
KAGGLE_03,846,Gwalior,Plastic,6842,42,11280,8,Recycling,3546,15,Gwalior Landfill,"10.9566, 91.6565",54460,1970,7.276369543378881,8.660137479805751,6.59302851238027,4.634729915488301,43.14235881243842
KAGGLE_03,847,Gwalior,Organic,5233,38,11280,10,Recycling,1146,5,Gwalior Landfill,"10.9566, 91.6565",54460,1970,3.9510099685660247,4.109768433270655,3.92228650300544,3.5508790998907003,38.48731444740543
KAGGLE_03,848,Gwalior,E-Waste,9903,41,11280,7,Landfill,3260,4,Gwalior Landfill,"10.9566, 91.6565",54460,1970,3.178417868509283,6.557441951576248,3.69174218663672,3.7204473399965656,38.81958318640114
KAGGLE_03,849,Gwalior,Construction,7540,77,11280,6,Composting,4220,7,Gwalior Landfill,"10.9566, 91.6565",54460,1970,3.884148312467035,6.828491035047247,3.845879574990581,7.784543113259458,75.02892079855815
KAGGLE_03,850,Gwalior,Hazardous,2480,58,11280,6,Composting,1081,19,Gwalior Landfill,"10.9566, 91.6565",54460,1970,8.409780597711958,6.219729311517125,7.173573237739247,6.269321812284178,56.06051256073065
