material,condition,contamination,unit,quantity,broken_percentage,condition_score,contamination_score,has_cracks,structural_compromised,has_rust,has_rot,is_moist,has_hazardous_coating,is_separable,recommended_pathway
Concrete,Excellent,None,units,6964.1,4.0,4.0,0.0,0.0,0.0,0.0,0.0,0.0,0.0,1.0,REUSE
Gypsum,Damaged,Low,tonnes,5623.8,66.7,1.0,1.0,0.0,1.0,0.0,0.0,0.0,0.0,1.0,RECYCLE
Ceramic / Tiles,Damaged,None,cubic metres,4903.4,7.9,1.0,0.0,1.0,0.0,0.0,0.0,0.0,0.0,1.0,REPAIR
Asphalt,Severely Damaged,Low,tonnes,6816.2,52.9,0.0,1.0,0.0,0.0,0.0,0.0,0.0,0.0,1.0,RECOVER
Ceramic / Tiles,Excellent,None,kg,6441.0,0.8,4.0,0.0,0.0,0.0,0.0,0.0,0.0,0.0,1.0,REUSE
Mixed Construction Waste,Excellent,High,tonnes,7458.8,84.6,4.0,3.0,1.0,1.0,0.0,0.0,0.0,1.0,0.0,DISPOSAL / SPECIALIZED HANDLING
Ceramic / Tiles,Excellent,High,units,6465.6,43.7,4.0,3.0,0.0,1.0,0.0,0.0,0.0,1.0,0.0,DISPOSAL / SPECIALIZED HANDLING
Wood,Moderate,None,tonnes,5900.6,10.4,2.0,0.0,1.0,0.0,0.0,0.0,0.0,0.0,1.0,REPAIR
Concrete,Damaged,Moderate,tonnes,5016.2,30.9,1.0,2.0,0.0,1.0,0.0,0.0,0.0,0.0,1.0,RECYCLE
Brick,Good,Low,kg,4050.2,20.2,3.0,1.0,1.0,0.0,0.0,0.0,0.0,0.0,1.0,REPAIR
Ceramic / Tiles,Good,Low,cubic metres,4792.4,10.0,3.0,1.0,1.0,0.0,0.0,0.0,0.0,0.0,1.0,REPAIR
Asphalt,Moderate,Moderate,cubic metres,5394.4,60.8,2.0,2.0,1.0,0.0,0.0,0.0,0.0,0.0,1.0,RECYCLE
Glass,Moderate,Low,cubic metres,2452.1,12.6,2.0,1.0,1.0,0.0,0.0,0.0,0.0,0.0,1.0,REPAIR
Wood,Moderate,Low,units,1503.1,15.6,2.0,1.0,1.0,0.0,0.0,0.0,0.0,0.0,1.0,REPAIR
Glass,Severely Damaged,None,units,7677.8,66.5,0.0,0.0,1.0,1.0,0.0,0.0,0.0,0.0,1.0,RECYCLE
Asphalt,Moderate,Low,units,655.0,73.4,2.0,1.0,0.0,0.0,0.0,0.0,0.0,0.0,1.0,RECOVER
Asphalt,Damaged,Moderate,tonnes,2595.2,40.4,1.0,2.0,0.0,0.0,0.0,0.0,0.0,0.0,1.0,RECOVER
Mixed Construction Waste,Damaged,High,units,6775.4,57.9,1.0,3.0,0.0,0.0,0.0,0.0,0.0,1.0,0.0,DISPOSAL / SPECIALIZED HANDLING
Brick,Severely Damaged,Moderate,tonnes,4133.8,74.7,0.0,2.0,0.0,0.0,0.0,0.0,0.0,0.0,1.0,RECYCLE
Wood,Damaged,None,kg,2360.7,30.5,1.0,0.0,1.0,1.0,0.0,1.0,0.0,0.0,1.0,REPAIR
Glass,Excellent,None,cubic metres,1526.7,4.6,4.0,0.0,0.0,0.0,0.0,0.0,0.0,0.0,1.0,REUSE
Asphalt,Moderate,None,tonnes,1439.0,44.7,2.0,0.0,0.0,0.0,0.0,0.0,0.0,0.0,1.0,RECYCLE
Soil,Severely Damaged,Hazardous,units,5350.7,78.7,0.0,4.0,1.0,0.0,0.0,0.0,0.0,1.0,0.0,DISPOSAL / SPECIALIZED HANDLING
Glass,Moderate,None,tonnes,2388.4,71.1,2.0,0.0,1.0,0.0,0.0,0.0,0.0,0.0,1.0,RECYCLE
Steel,Good,Low,tonnes,2279.7,29.0,3.0,1.0,1.0,0.0,1.0,0.0,0.0,0.0,1.0,REPAIR
Ceramic / Tiles,Excellent,None,units,4697.3,3.6,4.0,0.0,0.0,0.0,0.0,0.0,0.0,0.0,1.0,REUSE
Soil,Damaged,Hazardous,units,7856.8,83.0,1.0,4.0,1.0,1.0,0.0,0.0,0.0,1.0,0.0,DISPOSAL / SPECIALIZED HANDLING
Steel,Good,None,kg,310.7,28.2,3.0,0.0,1.0,0.0,0.0,0.0,0.0,0.0,1.0,REPAIR
Glass,Good,None,tonnes,7624.7,4.1,3.0,0.0,0.0,0.0,0.0,0.0,0.0,0.0,1.0,REUSE
Mixed Construction Waste,Moderate,High,cubic metres,6572.3,59.9,2.0,3.0,0.0,0.0,0.0,0.0,0.0,1.0,0.0,DISPOSAL / SPECIALIZED HANDLING
Soil,Excellent,High,kg,2317.7,71.5,4.0,3.0,0.0,0.0,0.0,0.0,0.0,1.0,0.0,DISPOSAL / SPECIALIZED HANDLING
Steel,Damaged,Low,units,1015.8,34.3,1.0,1.0,0.0,0.0,1.0,0.0,0.0,0.0,1.0,REPAIR
Gypsum,Moderate,Moderate,tonnes,6753.7,28.7,2.0,2.0,0.0,0.0,0.0,0.0,1.0,0.0,1.0,RECOVER
Steel,Good,Hazardous,cubic metres,5446.0,56.6,3.0,4.0,0.0,0.0,1.0,0.0,0.0,1.0,0.0,DISPOSAL / SPECIALIZED HANDLING
Glass,Damaged,Low,kg,7940.2,41.9,1.0,1.0,1.0,0.0,0.0,0.0,0.0,0.0,1.0,RECYCLE
Plastic,Damaged,Low,kg,2000.7,42.9,1.0,1.0,0.0,0.0,0.0,0.0,0.0,0.0,1.0,RECOVER
Gypsum,Severely Damaged,Low,cubic metres,7575.5,44.6,0.0,1.0,0.0,0.0,0.0,0.0,0.0,0.0,1.0,RECOVER
Brick,Excellent,Hazardous,tonnes,7004.9,38.4,4.0,4.0,1.0,1.0,0.0,0.0,0.0,1.0,0.0,DISPOSAL / SPECIALIZED HANDLING
Concrete,Good,High,kg,4082.7,85.2,3.0,3.0,1.0,1.0,0.0,0.0,0.0,1.0,0.0,DISPOSAL / SPECIALIZED HANDLING
Ceramic / Tiles,Good,None,cubic metres,3643.3,5.0,3.0,0.0,0.0,0.0,0.0,0.0,0.0,0.0,1.0,REUSE
Glass,Excellent,High,units,5500.6,68.0,4.0,3.0,0.0,1.0,0.0,0.0,0.0,1.0,0.0,DISPOSAL / SPECIALIZED HANDLING
Steel,Damaged,None,tonnes,7722.1,21.4,1.0,0.0,1.0,0.0,1.0,0.0,0.0,0.0,1.0,REPAIR
Steel,Excellent,None,cubic metres,3941.2,6.1,4.0,0.0,0.0,0.0,0.0,0.0,0.0,0.0,1.0,REUSE
Brick,Damaged,None,cubic metres,4613.0,19.1,1.0,0.0,1.0,1.0,0.0,0.0,0.0,0.0,1.0,REPAIR
Concrete,Good,None,units,1967.0,6.3,3.0,0.0,0.0,0.0,0.0,0.0,0.0,0.0,1.0,REUSE
Asphalt,Moderate,Moderate,cubic metres,2569.7,51.0,2.0,2.0,1.0,0.0,0.0,0.0,0.0,0.0,1.0,RECYCLE
Glass,Severely Damaged,Moderate,cubic metres,5472.9,77.0,0.0,2.0,1.0,1.0,0.0,0.0,0.0,0.0,1.0,RECYCLE
Concrete,Moderate,Low,cubic metres,7899.3,60.1,2.0,1.0,1.0,0.0,0.0,0.0,0.0,0.0,1.0,RECYCLE
Brick,Excellent,None,tonnes,3466.8,6.7,4.0,0.0,0.0,0.0,0.0,0.0,0.0,0.0,1.0,REUSE
Steel,Good,None,units,4475.0,27.1,3.0,0.0,1.0,0.0,0.0,0.0,0.0,0.0,1.0,REPAIR
Brick,Good,None,kg,3427.2,8.9,3.0,0.0,1.0,0.0,0.0,0.0,0.0,0.0,1.0,REPAIR
Asphalt,Damaged,Moderate,units,3336.5,37.6,1.0,2.0,1.0,1.0,0.0,0.0,0.0,0.0,1.0,RECYCLE
Brick,Good,Low,units,5568.8,31.3,3.0,1.0,1.0,0.0,0.0,0.0,0.0,0.0,1.0,REPAIR
Wood,Moderate,Moderate,tonnes,6925.9,32.0,2.0,2.0,0.0,0.0,0.0,1.0,1.0,0.0,1.0,RECOVER
Mixed Construction Waste,Severely Damaged,Low,units,822.3,35.1,0.0,1.0,0.0,0.0,0.0,0.0,0.0,0.0,1.0,RECOVER
Glass,Severely Damaged,Low,kg,5627.5,63.0,0.0,1.0,1.0,0.0,0.0,0.0,0.0,0.0,1.0,RECYCLE
Soil,Excellent,High,tonnes,3055.8,89.4,4.0,3.0,1.0,0.0,0.0,0.0,0.0,1.0,0.0,DISPOSAL / SPECIALIZED HANDLING
Steel,Good,None,cubic metres,6985.4,7.6,3.0,0.0,0.0,0.0,0.0,0.0,0.0,0.0,1.0,REUSE
Asphalt,Damaged,High,cubic metres,270.6,36.1,1.0,3.0,1.0,1.0,0.0,0.0,0.0,1.0,0.0,DISPOSAL / SPECIALIZED HANDLING
Concrete,Good,None,tonnes,3125.4,7.5,3.0,0.0,0.0,0.0,0.0,0.0,0.0,0.0,1.0,REUSE
Gypsum,Severely Damaged,None,units,6732.0,26.5,0.0,0.0,1.0,0.0,0.0,0.0,1.0,0.0,1.0,RECYCLE
Brick,Good,None,kg,2465.8,3.2,3.0,0.0,0.0,0.0,0.0,0.0,0.0,0.0,1.0,REUSE
Plastic,Damaged,Moderate,units,3692.7,63.1,1.0,2.0,0.0,0.0,0.0,0.0,0.0,0.0,1.0,RECOVER
Brick,Excellent,None,kg,2559.0,6.3,4.0,0.0,0.0,0.0,0.0,0.0,0.0,0.0,1.0,REUSE
Wood,Damaged,None,cubic metres,5432.7,28.4,1.0,0.0,1.0,0.0,0.0,0.0,0.0,0.0,1.0,REPAIR
Glass,Good,Low,tonnes,6461.2,32.5,3.0,1.0,1.0,0.0,0.0,0.0,0.0,0.0,1.0,REPAIR
Asphalt,Severely Damaged,None,units,791.0,56.0,0.0,0.0,1.0,0.0,0.0,0.0,0.0,0.0,1.0,RECYCLE
Soil,Severely Damaged,Hazardous,cubic metres,1070.0,13.1,0.0,4.0,0.0,0.0,0.0,0.0,0.0,1.0,0.0,DISPOSAL / SPECIALIZED HANDLING
Gypsum,Damaged,None,tonnes,569.6,72.8,1.0,0.0,1.0,0.0,0.0,0.0,1.0,0.0,1.0,RECYCLE
Steel,Damaged,None,units,4698.3,34.2,1.0,0.0,1.0,0.0,0.0,0.0,0.0,0.0,1.0,REPAIR
Brick,Good,None,tonnes,1332.0,30.2,3.0,0.0,1.0,0.0,0.0,0.0,0.0,0.0,1.0,REPAIR
Brick,Excellent,None,units,6895.3,6.5,4.0,0.0,0.0,0.0,0.0,0.0,0.0,0.0,1.0,REUSE
Glass,Moderate,High,units,3014.1,82.5,2.0,3.0,0.0,1.0,0.0,0.0,0.0,1.0,0.0,DISPOSAL / SPECIALIZED HANDLING
Steel,Excellent,None,cubic metres,6844.1,0.2,4.0,0.0,0.0,0.0,0.0,0.0,0.0,0.0,1.0,REUSE
Concrete,Damaged,Low,tonnes,6662.2,45.9,1.0,1.0,0.0,0.0,0.0,0.0,0.0,0.0,1.0,RECYCLE
Glass,Severely Damaged,Moderate,tonnes,3619.3,29.2,0.0,2.0,0.0,0.0,0.0,0.0,0.0,0.0,1.0,RECYCLE
Steel,Moderate,None,units,2052.6,20.8,2.0,0.0,1.0,0.0,1.0,0.0,0.0,0.0,1.0,REPAIR
Ceramic / Tiles,Good,Low,units,7851.3,25.2,3.0,1.0,1.0,0.0,0.0,0.0,0.0,0.0,1.0,REPAIR
Asphalt,Moderate,Low,units,5724.7,68.4,2.0,1.0,0.0,0.0,0.0,0.0,0.0,0.0,1.0,RECOVER
Gypsum,Damaged,Low,cubic metres,1432.7,33.9,1.0,1.0,0.0,0.0,0.0,0.0,0.0,0.0,1.0,RECOVER
Gypsum,Moderate,Low,tonnes,2475.3,61.0,2.0,1.0,1.0,0.0,0.0,0.0,0.0,0.0,1.0,RECYCLE
Brick,Severely Damaged,None,units,1575.2,32.0,0.0,0.0,1.0,1.0,0.0,0.0,0.0,0.0,1.0,RECYCLE
Soil,Damaged,High,tonnes,3733.7,71.2,1.0,3.0,1.0,0.0,0.0,0.0,0.0,1.0,0.0,DISPOSAL / SPECIALIZED HANDLING
Ceramic / Tiles,Good,Hazardous,tonnes,6265.8,0.1,3.0,4.0,0.0,0.0,0.0,0.0,0.0,1.0,0.0,DISPOSAL / SPECIALIZED HANDLING
Ceramic / Tiles,Damaged,Low,kg,4664.9,14.1,1.0,1.0,1.0,0.0,0.0,0.0,0.0,0.0,1.0,REPAIR
Asphalt,Moderate,Moderate,cubic metres,4423.5,65.7,2.0,2.0,0.0,0.0,0.0,0.0,0.0,0.0,1.0,RECOVER
Glass,Moderate,Low,units,2859.3,33.9,2.0,1.0,0.0,0.0,0.0,0.0,0.0,0.0,1.0,RECYCLE
Plastic,Severely Damaged,Low,cubic metres,7795.3,41.1,0.0,1.0,0.0,0.0,0.0,0.0,0.0,0.0,1.0,RECOVER
Plastic,Damaged,Moderate,cubic metres,2991.6,23.5,1.0,2.0,0.0,0.0,0.0,0.0,0.0,0.0,1.0,RECOVER
Glass,Good,Low,tonnes,445.8,26.0,3.0,1.0,1.0,0.0,0.0,0.0,0.0,0.0,1.0,REPAIR
Steel,Excellent,High,units,1582.1,68.6,4.0,3.0,0.0,0.0,1.0,0.0,0.0,1.0,0.0,DISPOSAL / SPECIALIZED HANDLING
Glass,Good,Low,kg,2129.8,18.2,3.0,1.0,1.0,0.0,0.0,0.0,0.0,0.0,1.0,REPAIR
Mixed Construction Waste,Moderate,Moderate,tonnes,3215.8,72.7,2.0,2.0,0.0,0.0,0.0,0.0,0.0,0.0,1.0,RECOVER
Brick,Moderate,Low,units,3921.4,18.4,2.0,1.0,1.0,0.0,0.0,0.0,0.0,0.0,1.0,REPAIR
Steel,Excellent,Hazardous,cubic metres,5785.5,53.5,4.0,4.0,1.0,0.0,1.0,0.0,0.0,1.0,0.0,DISPOSAL / SPECIALIZED HANDLING
Steel,Moderate,Low,cubic metres,1845.7,18.7,2.0,1.0,1.0,0.0,1.0,0.0,0.0,0.0,1.0,REPAIR
Ceramic / Tiles,Good,None,units,5401.9,34.4,3.0,0.0,1.0,0.0,0.0,0.0,0.0,0.0,1.0,REPAIR
Brick,Damaged,Hazardous,cubic metres,1696.8,38.0,1.0,4.0,1.0,0.0,0.0,0.0,0.0,1.0,0.0,DISPOSAL / SPECIALIZED HANDLING
Gypsum,Damaged,Low,tonnes,1717.6,61.0,1.0,1.0,1.0,0.0,0.0,0.0,0.0,0.0,1.0,RECYCLE
Concrete,Moderate,Hazardous,kg,4909.1,59.0,2.0,4.0,0.0,1.0,0.0,0.0,0.0,1.0,0.0,DISPOSAL / SPECIALIZED HANDLING
Soil,Severely Damaged,Low,kg,6900.6,76.3,0.0,1.0,1.0,1.0,0.0,0.0,0.0,0.0,1.0,RECYCLE
Plastic,Severely Damaged,High,kg,3662.6,72.7,0.0,3.0,1.0,0.0,0.0,0.0,0.0,1.0,0.0,DISPOSAL / SPECIALIZED HANDLING
Wood,Damaged,Low,units,259.6,44.3,1.0,1.0,0.0,0.0,0.0,0.0,1.0,0.0,1.0,RECOVER
Concrete,Excellent,None,cubic metres,5372.2,1.9,4.0,0.0,0.0,0.0,0.0,0.0,0.0,0.0,1.0,REUSE
Plastic,Severely Damaged,High,tonnes,344.3,83.9,0.0,3.0,0.0,1.0,0.0,0.0,0.0,1.0,0.0,DISPOSAL / SPECIALIZED HANDLING
Ceramic / Tiles,Excellent,None,units,993.1,5.2,4.0,0.0,0.0,0.0,0.0,0.0,0.0,0.0,1.0,REUSE
Concrete,Moderate,Low,tonnes,2392.8,44.8,2.0,1.0,1.0,0.0,0.0,0.0,0.0,0.0,1.0,RECYCLE
Steel,Good,Hazardous,cubic metres,7334.5,26.3,3.0,4.0,1.0,0.0,1.0,0.0,0.0,1.0,0.0,DISPOSAL / SPECIALIZED HANDLING
Glass,Damaged,None,units,1203.1,44.7,1.0,0.0,0.0,1.0,0.0,0.0,0.0,0.0,1.0,RECYCLE
Steel,Severely Damaged,Hazardous,cubic metres,3413.3,40.1,0.0,4.0,1.0,0.0,1.0,0.0,0.0,1.0,0.0,DISPOSAL / SPECIALIZED HANDLING
Brick,Good,Low,units,6169.5,16.2,3.0,1.0,1.0,0.0,0.0,0.0,0.0,0.0,1.0,REPAIR
Glass,Excellent,None,cubic metres,6988.9,3.3,4.0,0.0,0.0,0.0,0.0,0.0,0.0,0.0,1.0,REUSE
Ceramic / Tiles,Severely Damaged,Hazardous,cubic metres,660.1,6.6,0.0,4.0,0.0,0.0,0.0,0.0,0.0,1.0,0.0,DISPOSAL / SPECIALIZED HANDLING
Steel,Excellent,None,cubic metres,5434.7,1.5,4.0,0.0,0.0,0.0,0.0,0.0,0.0,0.0,1.0,REUSE
Wood,Good,Low,kg,6958.1,22.8,3.0,1.0,1.0,0.0,0.0,0.0,0.0,0.0,1.0,REPAIR
Glass,Damaged,Moderate,units,1879.9,29.7,1.0,2.0,1.0,0.0,0.0,0.0,0.0,0.0,1.0,RECYCLE
Soil,Severely Damaged,Low,cubic metres,5463.3,40.9,0.0,1.0,1.0,0.0,0.0,0.0,1.0,0.0,1.0,RECYCLE
Gypsum,Severely Damaged,Low,kg,2259.6,52.3,0.0,1.0,1.0,0.0,0.0,0.0,1.0,0.0,1.0,RECYCLE
Glass,Excellent,None,cubic metres,7331.0,2.6,4.0,0.0,0.0,0.0,0.0,0.0,0.0,0.0,1.0,REUSE
Steel,Good,None,cubic metres,7743.7,5.9,3.0,0.0,0.0,0.0,0.0,0.0,0.0,0.0,1.0,REUSE
Concrete,Moderate,None,cubic metres,1177.6,30.7,2.0,0.0,0.0,0.0,0.0,0.0,0.0,0.0,1.0,RECYCLE
Ceramic / Tiles,Excellent,None,units,5647.1,2.1,4.0,0.0,0.0,0.0,0.0,0.0,0.0,0.0,1.0,REUSE
Plastic,Severely Damaged,Moderate,tonnes,6524.8,58.0,0.0,2.0,0.0,0.0,0.0,0.0,0.0,0.0,1.0,RECOVER
Plastic,Severely Damaged,Low,cubic metres,5186.0,46.4,0.0,1.0,0.0,0.0,0.0,0.0,0.0,0.0,1.0,RECOVER
Brick,Damaged,Low,tonnes,6565.9,48.2,1.0,1.0,1.0,0.0,0.0,0.0,0.0,0.0,1.0,RECYCLE
Gypsum,Severely Damaged,Moderate,kg,5767.8,23.1,0.0,2.0,0.0,0.0,0.0,0.0,1.0,0.0,1.0,RECOVER
Wood,Damaged,Low,units,5301.8,9.7,1.0,1.0,1.0,0.0,0.0,0.0,0.0,0.0,1.0,REPAIR
Steel,Excellent,None,tonnes,4111.1,1.5,4.0,0.0,0.0,0.0,0.0,0.0,0.0,0.0,1.0,REUSE
Asphalt,Severely Damaged,Moderate,tonnes,6425.4,59.5,0.0,2.0,0.0,0.0,0.0,0.0,0.0,0.0,1.0,RECOVER
Ceramic / Tiles,Excellent,None,tonnes,5198.7,3.4,4.0,0.0,0.0,0.0,0.0,0.0,0.0,0.0,1.0,REUSE
Glass,Moderate,None,kg,5835.6,26.6,2.0,0.0,0.0,0.0,0.0,0.0,0.0,0.0,1.0,RECYCLE
Ceramic / Tiles,Excellent,None,tonnes,3489.3,6.1,4.0,0.0,0.0,0.0,0.0,0.0,0.0,0.0,1.0,REUSE
Brick,Damaged,Low,units,1264.0,63.7,1.0,1.0,0.0,1.0,0.0,0.0,0.0,0.0,1.0,RECYCLE
Glass,Severely Damaged,Moderate,cubic metres,507.1,70.4,0.0,2.0,0.0,0.0,0.0,0.0,0.0,0.0,1.0,RECYCLE
Mixed Construction Waste,Moderate,Moderate,cubic metres,316.6,54.9,2.0,2.0,0.0,0.0,0.0,0.0,0.0,0.0,0.0,RECOVER
Brick,Good,None,cubic metres,7743.9,7.3,3.0,0.0,0.0,0.0,0.0,0.0,0.0,0.0,1.0,REUSE
Wood,Damaged,None,units,5412.2,21.8,1.0,0.0,1.0,1.0,0.0,1.0,0.0,0.0,1.0,REPAIR
Glass,Severely Damaged,Low,cubic metres,769.0,77.3,0.0,1.0,1.0,1.0,0.0,0.0,0.0,0.0,1.0,RECYCLE
Brick,Moderate,Low,cubic metres,2047.6,11.0,2.0,1.0,1.0,0.0,0.0,0.0,0.0,0.0,1.0,REPAIR
Ceramic / Tiles,Good,None,units,1939.2,0.9,3.0,0.0,0.0,0.0,0.0,0.0,0.0,0.0,1.0,REUSE
Wood,Damaged,Moderate,cubic metres,6514.6,66.9,1.0,2.0,0.0,0.0,0.0,1.0,1.0,0.0,1.0,RECOVER
Steel,Damaged,Low,tonnes,4604.2,26.8,1.0,1.0,1.0,0.0,1.0,0.0,0.0,0.0,1.0,REPAIR
Soil,Severely Damaged,Hazardous,kg,4449.0,55.7,0.0,4.0,1.0,0.0,0.0,0.0,0.0,1.0,0.0,DISPOSAL / SPECIALIZED HANDLING
Soil,Good,Hazardous,tonnes,2699.8,43.9,3.0,4.0,1.0,1.0,0.0,0.0,0.0,1.0,0.0,DISPOSAL / SPECIALIZED HANDLING
Plastic,Good,Hazardous,kg,3234.8,3.9,3.0,4.0,0.0,1.0,0.0,0.0,0.0,1.0,0.0,DISPOSAL / SPECIALIZED HANDLING
Mixed Construction Waste,Moderate,Moderate,kg,3816.3,59.2,2.0,2.0,0.0,0.0,0.0,0.0,0.0,0.0,1.0,RECOVER
Concrete,Moderate,Moderate,units,1690.1,65.8,2.0,2.0,1.0,0.0,0.0,0.0,0.0,0.0,1.0,RECYCLE
Gypsum,Moderate,Moderate,cubic metres,1903.2,27.9,2.0,2.0,1.0,0.0,0.0,0.0,0.0,0.0,1.0,RECYCLE
Plastic,Severely Damaged,Low,kg,3847.6,67.4,0.0,1.0,0.0,0.0,0.0,0.0,0.0,0.0,1.0,RECOVER
Asphalt,Damaged,None,cubic metres,750.9,43.8,1.0,0.0,1.0,1.0,0.0,0.0,0.0,0.0,1.0,RECYCLE
Ceramic / Tiles,Damaged,Low,cubic metres,5899.5,12.6,1.0,1.0,1.0,0.0,0.0,0.0,0.0,0.0,1.0,REPAIR
Glass,Moderate,None,tonnes,2020.3,26.9,2.0,0.0,1.0,0.0,0.0,0.0,0.0,0.0,1.0,REPAIR
Glass,Good,None,tonnes,1009.2,2.5,3.0,0.0,0.0,0.0,0.0,0.0,0.0,0.0,1.0,REUSE
Ceramic / Tiles,Good,None,cubic metres,4920.6,7.6,3.0,0.0,0.0,0.0,0.0,0.0,0.0,0.0,1.0,REUSE
Wood,Good,Hazardous,kg,3354.9,61.5,3.0,4.0,1.0,1.0,0.0,0.0,0.0,1.0,0.0,DISPOSAL / SPECIALIZED HANDLING
Ceramic / Tiles,Good,Low,kg,6541.9,33.5,3.0,1.0,1.0,0.0,0.0,0.0,0.0,0.0,1.0,REPAIR
Brick,Severely Damaged,Moderate,kg,6788.4,79.9,0.0,2.0,1.0,1.0,0.0,0.0,0.0,0.0,1.0,RECYCLE
Brick,Excellent,None,tonnes,7719.5,6.2,4.0,0.0,0.0,0.0,0.0,0.0,0.0,0.0,1.0,REUSE
Wood,Severely Damaged,Low,cubic metres,1895.8,48.6,0.0,1.0,0.0,0.0,0.0,1.0,1.0,0.0,1.0,RECOVER
Plastic,Good,High,cubic metres,3252.1,86.4,3.0,3.0,0.0,1.0,0.0,0.0,0.0,1.0,0.0,DISPOSAL / SPECIALIZED HANDLING
Glass,Moderate,Low,tonnes,7916.8,73.0,2.0,1.0,0.0,0.0,0.0,0.0,0.0,0.0,1.0,RECYCLE
Brick,Good,Low,cubic metres,1098.8,32.9,3.0,1.0,1.0,0.0,0.0,0.0,0.0,0.0,1.0,REPAIR
Glass,Excellent,Hazardous,units,2384.5,75.5,4.0,4.0,0.0,0.0,0.0,0.0,0.0,1.0,0.0,DISPOSAL / SPECIALIZED HANDLING
Ceramic / Tiles,Excellent,High,units,2225.1,28.6,4.0,3.0,0.0,0.0,0.0,0.0,0.0,1.0,0.0,DISPOSAL / SPECIALIZED HANDLING
Brick,Moderate,Moderate,kg,2356.4,68.8,2.0,2.0,1.0,0.0,0.0,0.0,0.0,0.0,1.0,RECYCLE
Wood,Damaged,Low,kg,6789.8,70.4,1.0,1.0,0.0,0.0,0.0,1.0,1.0,0.0,1.0,RECOVER
Asphalt,Moderate,Moderate,tonnes,6810.0,50.4,2.0,2.0,0.0,0.0,0.0,0.0,0.0,0.0,1.0,RECOVER
Brick,Good,None,tonnes,4324.0,0.3,3.0,0.0,0.0,0.0,0.0,0.0,0.0,0.0,1.0,REUSE
Glass,Good,None,cubic metres,6815.1,2.7,3.0,0.0,0.0,0.0,0.0,0.0,0.0,0.0,1.0,REUSE
Wood,Good,Low,units,7604.1,27.9,3.0,1.0,1.0,0.0,0.0,0.0,0.0,0.0,1.0,REPAIR
Steel,Excellent,Hazardous,units,3722.5,41.2,4.0,4.0,0.0,0.0,1.0,0.0,0.0,1.0,0.0,DISPOSAL / SPECIALIZED HANDLING
Ceramic / Tiles,Damaged,None,cubic metres,4743.0,16.8,1.0,0.0,1.0,0.0,0.0,0.0,0.0,0.0,1.0,REPAIR
Wood,Moderate,Hazardous,units,6190.8,72.7,2.0,4.0,1.0,0.0,0.0,0.0,0.0,1.0,0.0,DISPOSAL / SPECIALIZED HANDLING
Asphalt,Severely Damaged,Low,kg,4930.1,62.6,0.0,1.0,0.0,0.0,0.0,0.0,0.0,0.0,1.0,RECOVER
Concrete,Damaged,Low,tonnes,1136.2,17.4,1.0,1.0,1.0,1.0,0.0,0.0,0.0,0.0,1.0,REPAIR
Mixed Construction Waste,Damaged,Moderate,tonnes,1863.5,36.5,1.0,2.0,0.0,0.0,0.0,0.0,0.0,0.0,1.0,RECOVER
Concrete,Severely Damaged,None,units,1298.4,34.2,0.0,0.0,0.0,0.0,0.0,0.0,0.0,0.0,1.0,RECYCLE
Asphalt,Moderate,None,cubic metres,3236.7,49.1,2.0,0.0,1.0,0.0,0.0,0.0,0.0,0.0,1.0,RECYCLE
Mixed Construction Waste,Severely Damaged,Low,cubic metres,471.6,50.4,0.0,1.0,0.0,0.0,0.0,0.0,0.0,0.0,0.0,RECOVER
Ceramic / Tiles,Moderate,Low,tonnes,2596.5,6.3,2.0,1.0,1.0,0.0,0.0,0.0,0.0,0.0,1.0,REPAIR
Steel,Good,None,kg,734.7,19.1,3.0,0.0,1.0,0.0,0.0,0.0,0.0,0.0,1.0,REPAIR
Glass,Excellent,None,units,4639.9,4.4,4.0,0.0,0.0,0.0,0.0,0.0,0.0,0.0,1.0,REUSE
Mixed Construction Waste,Moderate,Hazardous,units,7241.6,8.6,2.0,4.0,0.0,1.0,0.0,0.0,0.0,1.0,0.0,DISPOSAL / SPECIALIZED HANDLING
Ceramic / Tiles,Excellent,None,cubic metres,3613.8,6.0,4.0,0.0,0.0,0.0,0.0,0.0,0.0,0.0,1.0,REUSE
Concrete,Good,None,kg,3974.0,7.7,3.0,0.0,1.0,0.0,0.0,0.0,0.0,0.0,1.0,REPAIR
Brick,Damaged,Hazardous,kg,2092.6,34.7,1.0,4.0,0.0,1.0,0.0,0.0,0.0,1.0,0.0,DISPOSAL / SPECIALIZED HANDLING
Mixed Construction Waste,Damaged,Moderate,cubic metres,3770.6,69.6,1.0,2.0,0.0,0.0,0.0,0.0,0.0,0.0,1.0,RECOVER
Concrete,Moderate,Moderate,cubic metres,1685.4,70.3,2.0,2.0,1.0,0.0,0.0,0.0,0.0,0.0,1.0,RECYCLE
Wood,Damaged,None,units,4520.1,20.1,1.0,0.0,1.0,0.0,0.0,0.0,0.0,0.0,1.0,REPAIR
Mixed Construction Waste,Moderate,Low,units,6096.6,31.3,2.0,1.0,0.0,0.0,0.0,0.0,0.0,0.0,0.0,RECOVER
Brick,Excellent,None,units,4500.8,4.4,4.0,0.0,0.0,0.0,0.0,0.0,0.0,0.0,1.0,REUSE
Steel,Good,None,cubic metres,3699.0,0.6,3.0,0.0,0.0,0.0,0.0,0.0,0.0,0.0,1.0,REUSE
Plastic,Severely Damaged,Low,kg,3789.0,54.7,0.0,1.0,0.0,0.0,0.0,0.0,0.0,0.0,1.0,RECOVER
Glass,Excellent,High,tonnes,1627.6,84.3,4.0,3.0,1.0,0.0,0.0,0.0,0.0,1.0,0.0,DISPOSAL / SPECIALIZED HANDLING
Brick,Good,Low,units,2959.1,19.1,3.0,1.0,1.0,0.0,0.0,0.0,0.0,0.0,1.0,REPAIR
Asphalt,Severely Damaged,Moderate,cubic metres,1972.6,42.5,0.0,2.0,0.0,1.0,0.0,0.0,0.0,0.0,1.0,RECYCLE
Asphalt,Moderate,Moderate,tonnes,342.0,30.4,2.0,2.0,1.0,0.0,0.0,0.0,0.0,0.0,1.0,RECYCLE
Glass,Moderate,Low,cubic metres,6320.4,8.0,2.0,1.0,1.0,0.0,0.0,0.0,0.0,0.0,1.0,REPAIR
Ceramic / Tiles,Excellent,None,units,6146.8,3.7,4.0,0.0,0.0,0.0,0.0,0.0,0.0,0.0,1.0,REUSE
Brick,Good,None,cubic metres,1565.4,4.4,3.0,0.0,0.0,0.0,0.0,0.0,0.0,0.0,1.0,REUSE
Wood,Damaged,Low,tonnes,7388.6,46.1,1.0,1.0,0.0,0.0,0.0,1.0,1.0,0.0,1.0,RECOVER
Mixed Construction Waste,Severely Damaged,High,tonnes,443.9,12.4,0.0,3.0,1.0,0.0,0.0,0.0,0.0,1.0,0.0,DISPOSAL / SPECIALIZED HANDLING
Plastic,Moderate,Moderate,units,4832.4,54.9,2.0,2.0,0.0,0.0,0.0,0.0,0.0,0.0,1.0,RECOVER
Wood,Damaged,Low,units,582.1,54.3,1.0,1.0,0.0,0.0,0.0,0.0,0.0,0.0,1.0,RECOVER
Ceramic / Tiles,Good,None,tonnes,4753.1,17.4,3.0,0.0,1.0,0.0,0.0,0.0,0.0,0.0,1.0,REPAIR
Ceramic / Tiles,Good,None,cubic metres,2627.7,29.1,3.0,0.0,1.0,0.0,0.0,0.0,0.0,0.0,1.0,REPAIR
Gypsum,Severely Damaged,Moderate,cubic metres,2970.3,36.0,0.0,2.0,1.0,0.0,0.0,0.0,0.0,0.0,1.0,RECYCLE
Mixed Construction Waste,Severely Damaged,Hazardous,tonnes,3514.2,25.2,0.0,4.0,1.0,1.0,0.0,0.0,0.0,1.0,0.0,DISPOSAL / SPECIALIZED HANDLING
Plastic,Moderate,Low,kg,6691.3,27.9,2.0,1.0,0.0,0.0,0.0,0.0,0.0,0.0,1.0,RECOVER
Asphalt,Damaged,Low,cubic metres,1676.5,44.5,1.0,1.0,0.0,0.0,0.0,0.0,0.0,0.0,1.0,RECOVER
Brick,Moderate,None,cubic metres,5895.8,31.6,2.0,0.0,1.0,0.0,0.0,0.0,0.0,0.0,1.0,REPAIR
Wood,Severely Damaged,Low,units,7504.0,33.6,0.0,1.0,0.0,0.0,0.0,1.0,1.0,0.0,1.0,RECOVER
Mixed Construction Waste,Moderate,Low,cubic metres,3158.4,41.5,2.0,1.0,0.0,0.0,0.0,0.0,0.0,0.0,0.0,RECOVER
Steel,Excellent,None,tonnes,4754.9,4.0,4.0,0.0,0.0,0.0,0.0,0.0,0.0,0.0,1.0,REUSE
Glass,Moderate,None,cubic metres,1892.4,11.6,2.0,0.0,1.0,0.0,0.0,0.0,0.0,0.0,1.0,REPAIR
Ceramic / Tiles,Good,None,units,3694.7,5.6,3.0,0.0,0.0,0.0,0.0,0.0,0.0,0.0,1.0,REUSE
Plastic,Damaged,Low,cubic metres,1483.5,56.3,1.0,1.0,0.0,0.0,0.0,0.0,0.0,0.0,1.0,RECOVER
Glass,Severely Damaged,Moderate,tonnes,2647.8,28.8,0.0,2.0,0.0,1.0,0.0,0.0,0.0,0.0,1.0,RECYCLE
Soil,Damaged,High,kg,6888.4,1.1,1.0,3.0,0.0,1.0,0.0,0.0,0.0,1.0,0.0,DISPOSAL / SPECIALIZED HANDLING
Steel,Excellent,None,cubic metres,7982.4,3.7,4.0,0.0,0.0,0.0,0.0,0.0,0.0,0.0,1.0,REUSE
Asphalt,Severely Damaged,Low,kg,5890.4,27.2,0.0,1.0,0.0,0.0,0.0,0.0,0.0,0.0,1.0,RECOVER
Wood,Damaged,Low,tonnes,3987.4,69.1,1.0,1.0,0.0,0.0,0.0,1.0,0.0,0.0,1.0,RECOVER
Plastic,Severely Damaged,High,tonnes,157.7,35.7,0.0,3.0,1.0,0.0,0.0,0.0,0.0,1.0,0.0,DISPOSAL / SPECIALIZED HANDLING
Brick,Damaged,None,cubic metres,918.0,57.7,1.0,0.0,1.0,0.0,0.0,0.0,0.0,0.0,1.0,RECYCLE
Steel,Moderate,Hazardous,cubic metres,1343.7,81.4,2.0,4.0,1.0,1.0,1.0,0.0,0.0,1.0,0.0,DISPOSAL / SPECIALIZED HANDLING
Steel,Moderate,None,units,3715.3,30.4,2.0,0.0,1.0,0.0,0.0,0.0,0.0,0.0,1.0,REPAIR
Gypsum,Moderate,Moderate,tonnes,399.9,34.4,2.0,2.0,0.0,0.0,0.0,0.0,1.0,0.0,1.0,RECOVER
Steel,Damaged,None,units,228.7,15.0,1.0,0.0,1.0,0.0,1.0,0.0,0.0,0.0,1.0,REPAIR
Asphalt,Excellent,High,kg,7449.5,63.4,4.0,3.0,1.0,0.0,0.0,0.0,0.0,1.0,0.0,DISPOSAL / SPECIALIZED HANDLING
Soil,Excellent,Hazardous,tonnes,5849.4,2.3,4.0,4.0,0.0,1.0,0.0,0.0,0.0,1.0,0.0,DISPOSAL / SPECIALIZED HANDLING
Gypsum,Moderate,Low,units,4270.4,28.1,2.0,1.0,0.0,0.0,0.0,0.0,1.0,0.0,1.0,RECOVER
Brick,Excellent,Hazardous,kg,5516.0,3.2,4.0,4.0,0.0,1.0,0.0,0.0,0.0,1.0,0.0,DISPOSAL / SPECIALIZED HANDLING
Ceramic / Tiles,Excellent,None,cubic metres,7546.7,7.6,4.0,0.0,0.0,0.0,0.0,0.0,0.0,0.0,1.0,REUSE
Soil,Damaged,Moderate,kg,2440.1,36.7,1.0,2.0,1.0,0.0,0.0,0.0,0.0,0.0,1.0,RECYCLE
Brick,Good,None,tonnes,5044.6,5.4,3.0,0.0,0.0,0.0,0.0,0.0,0.0,0.0,1.0,REUSE
Gypsum,Moderate,None,cubic metres,4660.1,31.3,2.0,0.0,0.0,0.0,0.0,0.0,1.0,0.0,1.0,RECYCLE
Concrete,Damaged,Low,units,6219.3,27.0,1.0,1.0,1.0,1.0,0.0,0.0,0.0,0.0,1.0,REPAIR
Plastic,Damaged,Low,tonnes,3443.9,43.0,1.0,1.0,0.0,0.0,0.0,0.0,0.0,0.0,1.0,RECOVER
Glass,Excellent,None,cubic metres,1981.8,4.3,4.0,0.0,0.0,0.0,0.0,0.0,0.0,0.0,1.0,REUSE
Wood,Damaged,Low,kg,2987.7,50.9,1.0,1.0,0.0,0.0,0.0,1.0,1.0,0.0,1.0,RECOVER
Mixed Construction Waste,Moderate,Hazardous,units,1601.5,67.9,2.0,4.0,0.0,1.0,0.0,0.0,0.0,1.0,0.0,DISPOSAL / SPECIALIZED HANDLING
Steel,Excellent,None,units,7149.6,2.2,4.0,0.0,0.0,0.0,0.0,0.0,0.0,0.0,1.0,REUSE
Plastic,Damaged,Moderate,units,7885.8,31.0,1.0,2.0,0.0,0.0,0.0,0.0,0.0,0.0,1.0,RECOVER
Ceramic / Tiles,Good,Low,kg,2288.1,28.6,3.0,1.0,1.0,0.0,0.0,0.0,0.0,0.0,1.0,REPAIR
Plastic,Severely Damaged,Moderate,cubic metres,3597.0,43.9,0.0,2.0,0.0,0.0,0.0,0.0,0.0,0.0,1.0,RECOVER
Ceramic / Tiles,Excellent,None,units,4849.5,7.1,4.0,0.0,0.0,0.0,0.0,0.0,0.0,0.0,1.0,REUSE
Gypsum,Damaged,Low,cubic metres,6199.0,29.2,1.0,1.0,0.0,0.0,0.0,0.0,1.0,0.0,1.0,RECOVER
Mixed Construction Waste,Damaged,Moderate,units,1504.8,58.3,1.0,2.0,0.0,0.0,0.0,0.0,0.0,0.0,0.0,RECOVER
Steel,Excellent,None,kg,3154.1,7.6,4.0,0.0,0.0,0.0,0.0,0.0,0.0,0.0,1.0,REUSE
Mixed Construction Waste,Severely Damaged,Low,kg,7289.8,48.0,0.0,1.0,0.0,0.0,0.0,0.0,0.0,0.0,1.0,RECOVER
Brick,Excellent,None,units,2460.3,3.8,4.0,0.0,0.0,0.0,0.0,0.0,0.0,0.0,1.0,REUSE
Wood,Damaged,Hazardous,units,4340.1,12.8,1.0,4.0,0.0,1.0,0.0,0.0,0.0,1.0,0.0,DISPOSAL / SPECIALIZED HANDLING
Gypsum,Severely Damaged,None,cubic metres,1234.4,66.9,0.0,0.0,1.0,0.0,0.0,0.0,0.0,0.0,1.0,RECYCLE
Wood,Damaged,Low,tonnes,2680.6,30.6,1.0,1.0,1.0,0.0,0.0,1.0,0.0,0.0,1.0,REPAIR
Wood,Damaged,None,tonnes,4451.1,7.6,1.0,0.0,0.0,1.0,0.0,1.0,0.0,0.0,1.0,REPAIR
Concrete,Moderate,None,tonnes,6978.0,5.3,2.0,0.0,1.0,0.0,0.0,0.0,0.0,0.0,1.0,REPAIR
Concrete,Severely Damaged,Low,tonnes,1452.4,53.9,0.0,1.0,1.0,1.0,0.0,0.0,0.0,0.0,1.0,RECYCLE
Soil,Moderate,None,cubic metres,2195.3,36.6,2.0,0.0,0.0,0.0,0.0,0.0,1.0,0.0,1.0,RECYCLE
Gypsum,Moderate,Low,cubic metres,4565.2,72.7,2.0,1.0,0.0,0.0,0.0,0.0,0.0,0.0,1.0,RECOVER
Concrete,Good,Low,kg,1345.1,5.8,3.0,1.0,1.0,0.0,0.0,0.0,0.0,0.0,1.0,REPAIR
Plastic,Damaged,Moderate,tonnes,2379.0,27.5,1.0,2.0,0.0,0.0,0.0,0.0,0.0,0.0,1.0,RECOVER
Asphalt,Good,Hazardous,tonnes,6147.1,64.6,3.0,4.0,0.0,0.0,0.0,0.0,0.0,1.0,0.0,DISPOSAL / SPECIALIZED HANDLING
Brick,Excellent,None,cubic metres,7978.2,3.6,4.0,0.0,0.0,0.0,0.0,0.0,0.0,0.0,1.0,REUSE
Concrete,Excellent,None,kg,7996.6,1.8,4.0,0.0,0.0,0.0,0.0,0.0,0.0,0.0,1.0,REUSE
Wood,Moderate,Low,tonnes,1693.7,32.3,2.0,1.0,1.0,0.0,0.0,0.0,0.0,0.0,1.0,REPAIR
Mixed Construction Waste,Moderate,Hazardous,kg,2311.4,13.5,2.0,4.0,1.0,0.0,0.0,0.0,0.0,1.0,0.0,DISPOSAL / SPECIALIZED HANDLING
Soil,Good,High,tonnes,54.3,48.1,3.0,3.0,0.0,1.0,0.0,0.0,0.0,1.0,0.0,DISPOSAL / SPECIALIZED HANDLING
Concrete,Good,None,cubic metres,5807.2,2.7,3.0,0.0,0.0,0.0,0.0,0.0,0.0,0.0,1.0,REUSE
Glass,Moderate,None,units,3385.8,31.2,2.0,0.0,1.0,0.0,0.0,0.0,0.0,0.0,1.0,RECYCLE
Brick,Good,None,cubic metres,7716.7,4.2,3.0,0.0,0.0,0.0,0.0,0.0,0.0,0.0,1.0,REUSE
Brick,Damaged,Moderate,cubic metres,6408.6,79.1,1.0,2.0,0.0,0.0,0.0,0.0,0.0,0.0,1.0,RECYCLE
Concrete,Good,High,kg,1876.3,36.1,3.0,3.0,1.0,0.0,0.0,0.0,0.0,1.0,0.0,DISPOSAL / SPECIALIZED HANDLING
Wood,Good,None,units,1290.2,30.0,3.0,0.0,1.0,0.0,0.0,0.0,0.0,0.0,1.0,REPAIR
Mixed Construction Waste,Severely Damaged,Moderate,units,7083.9,39.8,0.0,2.0,0.0,0.0,0.0,0.0,0.0,0.0,1.0,RECOVER
Brick,Excellent,None,kg,1298.6,2.1,4.0,0.0,0.0,0.0,0.0,0.0,0.0,0.0,1.0,REUSE
Concrete,Good,None,kg,6903.8,0.1,3.0,0.0,0.0,0.0,0.0,0.0,0.0,0.0,1.0,REUSE
Glass,Excellent,None,units,623.0,4.0,4.0,0.0,0.0,0.0,0.0,0.0,0.0,0.0,1.0,REUSE
Ceramic / Tiles,Good,None,units,6485.0,1.8,3.0,0.0,0.0,0.0,0.0,0.0,0.0,0.0,1.0,REUSE
Gypsum,Moderate,High,units,4619.2,48.0,2.0,3.0,1.0,1.0,0.0,0.0,0.0,1.0,0.0,DISPOSAL / SPECIALIZED HANDLING
Steel,Excellent,None,kg,4527.6,5.2,4.0,0.0,0.0,0.0,0.0,0.0,0.0,0.0,1.0,REUSE
Wood,Excellent,High,kg,4709.4,16.4,4.0,3.0,0.0,0.0,0.0,0.0,0.0,1.0,0.0,DISPOSAL / SPECIALIZED HANDLING
Wood,Moderate,Low,units,4994.2,47.4,2.0,1.0,0.0,0.0,0.0,0.0,1.0,0.0,1.0,RECOVER
Asphalt,Severely Damaged,Moderate,cubic metres,3717.2,44.7,0.0,2.0,0.0,0.0,0.0,0.0,0.0,0.0,1.0,RECYCLE
Wood,Damaged,Low,tonnes,5712.0,29.2,1.0,1.0,1.0,0.0,0.0,1.0,0.0,0.0,1.0,REPAIR
Asphalt,Severely Damaged,Moderate,tonnes,571.2,47.3,0.0,2.0,0.0,0.0,0.0,0.0,0.0,0.0,1.0,RECOVER
Soil,Excellent,Hazardous,kg,503.3,46.2,4.0,4.0,0.0,1.0,0.0,0.0,0.0,1.0,0.0,DISPOSAL / SPECIALIZED HANDLING
Ceramic / Tiles,Damaged,None,units,584.8,26.5,1.0,0.0,1.0,1.0,0.0,0.0,0.0,0.0,1.0,REPAIR
Ceramic / Tiles,Good,Hazardous,units,897.8,74.1,3.0,4.0,0.0,1.0,0.0,0.0,0.0,1.0,0.0,DISPOSAL / SPECIALIZED HANDLING
Brick,Good,None,tonnes,5755.0,2.3,3.0,0.0,0.0,0.0,0.0,0.0,0.0,0.0,1.0,REUSE
Plastic,Damaged,Low,units,2510.5,62.1,1.0,1.0,0.0,0.0,0.0,0.0,0.0,0.0,1.0,RECOVER
Concrete,Severely Damaged,Hazardous,kg,6436.1,45.7,0.0,4.0,1.0,1.0,0.0,0.0,0.0,1.0,0.0,DISPOSAL / SPECIALIZED HANDLING
Concrete,Good,Low,cubic metres,6754.5,9.2,3.0,1.0,1.0,0.0,0.0,0.0,0.0,0.0,1.0,REPAIR
Asphalt,Damaged,Low,cubic metres,2264.3,65.4,1.0,1.0,0.0,0.0,0.0,0.0,0.0,0.0,1.0,RECOVER
Steel,Damaged,Hazardous,tonnes,2083.0,39.0,1.0,4.0,1.0,0.0,1.0,0.0,0.0,1.0,0.0,DISPOSAL / SPECIALIZED HANDLING
Soil,Severely Damaged,None,units,6734.1,25.2,0.0,0.0,1.0,0.0,0.0,0.0,0.0,0.0,1.0,RECYCLE
Soil,Damaged,Low,tonnes,5294.3,59.8,1.0,1.0,1.0,0.0,0.0,0.0,0.0,0.0,1.0,RECYCLE
Concrete,Severely Damaged,None,units,1708.9,50.7,0.0,0.0,0.0,0.0,0.0,0.0,0.0,0.0,1.0,RECYCLE
Asphalt,Severely Damaged,High,kg,2113.0,39.4,0.0,3.0,0.0,0.0,0.0,0.0,0.0,1.0,0.0,DISPOSAL / SPECIALIZED HANDLING
Wood,Excellent,Hazardous,kg,7414.2,27.6,4.0,4.0,1.0,1.0,0.0,0.0,0.0,1.0,0.0,DISPOSAL / SPECIALIZED HANDLING
Brick,Damaged,Low,units,1419.0,9.2,1.0,1.0,1.0,0.0,0.0,0.0,0.0,0.0,1.0,REPAIR
Brick,Damaged,None,cubic metres,5130.1,54.4,1.0,0.0,0.0,0.0,0.0,0.0,0.0,0.0,1.0,RECYCLE
Glass,Excellent,None,cubic metres,172.0,4.2,4.0,0.0,0.0,0.0,0.0,0.0,0.0,0.0,1.0,REUSE
Brick,Good,Low,cubic metres,5710.6,9.0,3.0,1.0,1.0,0.0,0.0,0.0,0.0,0.0,1.0,REPAIR
Mixed Construction Waste,Damaged,Hazardous,kg,5547.4,10.1,1.0,4.0,0.0,1.0,0.0,0.0,0.0,1.0,0.0,DISPOSAL / SPECIALIZED HANDLING
Glass,Damaged,None,units,481.9,11.3,1.0,0.0,1.0,1.0,0.0,0.0,0.0,0.0,1.0,REPAIR
Gypsum,Severely Damaged,High,cubic metres,5497.0,57.5,0.0,3.0,1.0,0.0,0.0,0.0,0.0,1.0,0.0,DISPOSAL / SPECIALIZED HANDLING
Glass,Good,None,cubic metres,2264.2,30.1,3.0,0.0,1.0,0.0,0.0,0.0,0.0,0.0,1.0,REPAIR
Asphalt,Severely Damaged,Moderate,cubic metres,2289.0,50.4,0.0,2.0,0.0,0.0,0.0,0.0,0.0,0.0,1.0,RECOVER
Steel,Moderate,High,cubic metres,6348.7,37.4,2.0,3.0,1.0,1.0,1.0,0.0,0.0,1.0,0.0,DISPOSAL / SPECIALIZED HANDLING
Glass,Excellent,None,tonnes,3203.2,5.6,4.0,0.0,0.0,0.0,0.0,0.0,0.0,0.0,1.0,REUSE
Steel,Excellent,None,kg,2810.3,6.4,4.0,0.0,0.0,0.0,0.0,0.0,0.0,0.0,1.0,REUSE
Asphalt,Damaged,Low,units,6723.8,44.7,1.0,1.0,0.0,0.0,0.0,0.0,0.0,0.0,1.0,RECOVER
Concrete,Good,None,kg,7840.2,2.6,3.0,0.0,0.0,0.0,0.0,0.0,0.0,0.0,1.0,REUSE
Soil,Severely Damaged,Moderate,cubic metres,1561.6,72.5,0.0,2.0,0.0,1.0,0.0,0.0,1.0,0.0,1.0,RECYCLE
Gypsum,Damaged,Moderate,tonnes,6763.7,25.9,1.0,2.0,0.0,0.0,0.0,0.0,0.0,0.0,1.0,RECOVER
Concrete,Good,None,kg,6510.5,31.8,3.0,0.0,1.0,0.0,0.0,0.0,0.0,0.0,1.0,REPAIR
Steel,Good,None,units,7136.1,5.7,3.0,0.0,0.0,0.0,0.0,0.0,0.0,0.0,1.0,REUSE
Soil,Moderate,Hazardous,units,6607.7,54.9,2.0,4.0,1.0,1.0,0.0,0.0,0.0,1.0,0.0,DISPOSAL / SPECIALIZED HANDLING
Soil,Damaged,Low,kg,3568.5,74.4,1.0,1.0,1.0,1.0,0.0,0.0,1.0,0.0,1.0,RECYCLE
Soil,Damaged,None,kg,1721.9,46.5,1.0,0.0,1.0,0.0,0.0,0.0,0.0,0.0,1.0,RECYCLE
Brick,Severely Damaged,Low,tonnes,982.0,38.3,0.0,1.0,1.0,0.0,0.0,0.0,0.0,0.0,1.0,RECYCLE
Brick,Damaged,None,tonnes,278.7,17.5,1.0,0.0,1.0,0.0,0.0,0.0,0.0,0.0,1.0,REPAIR
Ceramic / Tiles,Severely Damaged,High,kg,3977.2,62.5,0.0,3.0,0.0,0.0,0.0,0.0,0.0,1.0,0.0,DISPOSAL / SPECIALIZED HANDLING
Glass,Good,None,units,3823.2,9.3,3.0,0.0,1.0,0.0,0.0,0.0,0.0,0.0,1.0,REPAIR
Soil,Severely Damaged,Hazardous,units,2268.3,77.9,0.0,4.0,0.0,0.0,0.0,0.0,0.0,1.0,0.0,DISPOSAL / SPECIALIZED HANDLING
Wood,Damaged,High,tonnes,2164.0,48.8,1.0,3.0,0.0,1.0,0.0,0.0,0.0,1.0,0.0,DISPOSAL / SPECIALIZED HANDLING
Concrete,Excellent,None,tonnes,3339.8,3.4,4.0,0.0,0.0,0.0,0.0,0.0,0.0,0.0,1.0,REUSE
Mixed Construction Waste,Severely Damaged,Low,units,835.5,31.9,0.0,1.0,0.0,0.0,0.0,0.0,0.0,0.0,0.0,RECOVER
Soil,Severely Damaged,High,cubic metres,2021.7,55.1,0.0,3.0,0.0,0.0,0.0,0.0,0.0,1.0,0.0,DISPOSAL / SPECIALIZED HANDLING
Soil,Severely Damaged,Moderate,kg,955.8,56.3,0.0,2.0,0.0,0.0,0.0,0.0,0.0,0.0,1.0,RECYCLE
Concrete,Good,Low,tonnes,4325.1,30.1,3.0,1.0,1.0,0.0,0.0,0.0,0.0,0.0,1.0,REPAIR
Asphalt,Moderate,None,cubic metres,2540.6,78.6,2.0,0.0,1.0,0.0,0.0,0.0,0.0,0.0,1.0,RECYCLE
Asphalt,Damaged,Moderate,cubic metres,6177.4,44.1,1.0,2.0,0.0,0.0,0.0,0.0,0.0,0.0,1.0,RECYCLE
Mixed Construction Waste,Severely Damaged,Moderate,cubic metres,372.2,24.3,0.0,2.0,0.0,0.0,0.0,0.0,0.0,0.0,0.0,RECOVER
Asphalt,Moderate,Moderate,units,1675.5,59.2,2.0,2.0,0.0,0.0,0.0,0.0,0.0,0.0,1.0,RECOVER
Soil,Moderate,High,kg,5246.3,40.4,2.0,3.0,0.0,1.0,0.0,0.0,0.0,1.0,0.0,DISPOSAL / SPECIALIZED HANDLING
Mixed Construction Waste,Moderate,Low,tonnes,2952.3,71.5,2.0,1.0,0.0,0.0,0.0,0.0,0.0,0.0,1.0,RECOVER
Ceramic / Tiles,Severely Damaged,Hazardous,cubic metres,1414.4,9.2,0.0,4.0,0.0,1.0,0.0,0.0,0.0,1.0,0.0,DISPOSAL / SPECIALIZED HANDLING
Ceramic / Tiles,Moderate,None,units,2701.9,6.2,2.0,0.0,1.0,0.0,0.0,0.0,0.0,0.0,1.0,REPAIR
Gypsum,Damaged,Moderate,kg,1459.0,74.3,1.0,2.0,0.0,0.0,0.0,0.0,1.0,0.0,1.0,RECOVER
Plastic,Damaged,Low,tonnes,2165.8,43.9,1.0,1.0,0.0,0.0,0.0,0.0,0.0,0.0,1.0,RECOVER
Brick,Good,High,tonnes,3072.1,79.3,3.0,3.0,1.0,0.0,0.0,0.0,0.0,1.0,0.0,DISPOSAL / SPECIALIZED HANDLING
Asphalt,Moderate,Moderate,tonnes,7882.5,27.7,2.0,2.0,0.0,0.0,0.0,0.0,0.0,0.0,1.0,RECYCLE
Steel,Damaged,None,units,3726.6,19.4,1.0,0.0,1.0,1.0,1.0,0.0,0.0,0.0,1.0,REPAIR
Mixed Construction Waste,Moderate,Low,tonnes,2450.4,27.6,2.0,1.0,0.0,0.0,0.0,0.0,0.0,0.0,0.0,RECOVER
Asphalt,Moderate,Low,units,7460.4,58.2,2.0,1.0,1.0,0.0,0.0,0.0,0.0,0.0,1.0,RECYCLE
Steel,Excellent,None,tonnes,6351.4,0.6,4.0,0.0,0.0,0.0,0.0,0.0,0.0,0.0,1.0,REUSE
Glass,Damaged,Moderate,cubic metres,5658.7,54.8,1.0,2.0,0.0,0.0,0.0,0.0,0.0,0.0,1.0,RECYCLE
Plastic,Moderate,High,tonnes,6908.8,50.6,2.0,3.0,0.0,0.0,0.0,0.0,0.0,1.0,0.0,DISPOSAL / SPECIALIZED HANDLING
Gypsum,Damaged,Hazardous,kg,3387.4,13.6,1.0,4.0,0.0,1.0,0.0,0.0,0.0,1.0,0.0,DISPOSAL / SPECIALIZED HANDLING
Wood,Severely Damaged,Low,tonnes,5145.4,30.3,0.0,1.0,0.0,0.0,0.0,0.0,1.0,0.0,1.0,RECOVER
Concrete,Damaged,Moderate,units,4101.4,33.9,1.0,2.0,1.0,1.0,0.0,0.0,0.0,0.0,1.0,RECYCLE
Brick,Severely Damaged,Moderate,cubic metres,529.1,65.4,0.0,2.0,0.0,0.0,0.0,0.0,0.0,0.0,1.0,RECYCLE
Plastic,Severely Damaged,High,tonnes,1514.7,78.5,0.0,3.0,0.0,1.0,0.0,0.0,0.0,1.0,0.0,DISPOSAL / SPECIALIZED HANDLING
Wood,Severely Damaged,Low,tonnes,5808.3,42.7,0.0,1.0,0.0,0.0,0.0,0.0,0.0,0.0,1.0,RECOVER
Steel,Good,Low,units,3653.4,20.2,3.0,1.0,0.0,0.0,1.0,0.0,0.0,0.0,1.0,REPAIR
Wood,Good,Hazardous,kg,7600.6,73.7,3.0,4.0,0.0,1.0,0.0,0.0,0.0,1.0,0.0,DISPOSAL / SPECIALIZED HANDLING
Wood,Severely Damaged,Low,kg,4502.5,69.5,0.0,1.0,0.0,0.0,0.0,0.0,1.0,0.0,1.0,RECOVER
Gypsum,Damaged,Moderate,tonnes,1728.0,49.7,1.0,2.0,1.0,0.0,0.0,0.0,1.0,0.0,1.0,RECYCLE
Brick,Excellent,None,tonnes,1089.2,0.1,4.0,0.0,0.0,0.0,0.0,0.0,0.0,0.0,1.0,REUSE
Brick,Moderate,Low,units,4535.8,12.9,2.0,1.0,1.0,0.0,0.0,0.0,0.0,0.0,1.0,REPAIR
Glass,Severely Damaged,High,kg,3579.4,2.3,0.0,3.0,0.0,0.0,0.0,0.0,0.0,1.0,0.0,DISPOSAL / SPECIALIZED HANDLING
Mixed Construction Waste,Damaged,Low,units,6881.9,64.0,1.0,1.0,0.0,0.0,0.0,0.0,0.0,0.0,1.0,RECOVER
Brick,Damaged,Low,units,3646.7,13.3,1.0,1.0,1.0,0.0,0.0,0.0,0.0,0.0,1.0,REPAIR
Ceramic / Tiles,Excellent,None,kg,3181.5,1.0,4.0,0.0,0.0,0.0,0.0,0.0,0.0,0.0,1.0,REUSE
Ceramic / Tiles,Good,Low,cubic metres,2149.9,31.0,3.0,1.0,1.0,0.0,0.0,0.0,0.0,0.0,1.0,REPAIR
Soil,Damaged,Moderate,kg,4562.2,66.4,1.0,2.0,1.0,1.0,0.0,0.0,0.0,0.0,1.0,RECYCLE
Concrete,Severely Damaged,Moderate,tonnes,3869.4,70.0,0.0,2.0,1.0,0.0,0.0,0.0,0.0,0.0,1.0,RECYCLE
Brick,Moderate,Low,kg,6582.0,38.1,2.0,1.0,0.0,0.0,0.0,0.0,0.0,0.0,1.0,RECYCLE
Concrete,Moderate,Moderate,kg,6145.4,29.8,2.0,2.0,0.0,0.0,0.0,0.0,0.0,0.0,1.0,RECYCLE
Concrete,Damaged,None,units,2619.2,11.3,1.0,0.0,1.0,0.0,0.0,0.0,0.0,0.0,1.0,REPAIR
Mixed Construction Waste,Severely Damaged,Low,units,7098.4,29.0,0.0,1.0,0.0,0.0,0.0,0.0,0.0,0.0,0.0,RECOVER
Steel,Good,None,tonnes,5398.7,0.7,3.0,0.0,0.0,0.0,0.0,0.0,0.0,0.0,1.0,REUSE
Brick,Good,None,cubic metres,1658.4,3.7,3.0,0.0,0.0,0.0,0.0,0.0,0.0,0.0,1.0,REUSE
Wood,Moderate,Hazardous,kg,2099.6,19.2,2.0,4.0,1.0,1.0,0.0,0.0,0.0,1.0,0.0,DISPOSAL / SPECIALIZED HANDLING
Gypsum,Severely Damaged,Moderate,cubic metres,5987.0,54.5,0.0,2.0,0.0,0.0,0.0,0.0,1.0,0.0,1.0,RECOVER
Brick,Good,None,kg,3625.4,7.0,3.0,0.0,0.0,0.0,0.0,0.0,0.0,0.0,1.0,REUSE
Mixed Construction Waste,Severely Damaged,Low,tonnes,6401.6,22.9,0.0,1.0,0.0,0.0,0.0,0.0,0.0,0.0,0.0,RECOVER
Soil,Severely Damaged,Moderate,kg,353.6,50.0,0.0,2.0,0.0,1.0,0.0,0.0,1.0,0.0,1.0,RECYCLE
Wood,Damaged,Low,kg,7305.2,8.3,1.0,1.0,1.0,0.0,0.0,1.0,0.0,0.0,1.0,REPAIR
Brick,Moderate,Low,kg,6731.0,11.1,2.0,1.0,1.0,0.0,0.0,0.0,0.0,0.0,1.0,REPAIR
Gypsum,Damaged,Moderate,tonnes,1355.7,58.2,1.0,2.0,1.0,0.0,0.0,0.0,0.0,0.0,1.0,RECYCLE
Brick,Damaged,None,cubic metres,3080.2,52.8,1.0,0.0,1.0,0.0,0.0,0.0,0.0,0.0,1.0,RECYCLE
Brick,Excellent,None,kg,5147.4,7.0,4.0,0.0,0.0,0.0,0.0,0.0,0.0,0.0,1.0,REUSE
Ceramic / Tiles,Good,None,units,4900.1,4.4,3.0,0.0,0.0,0.0,0.0,0.0,0.0,0.0,1.0,REUSE
Concrete,Excellent,None,cubic metres,144.2,4.3,4.0,0.0,0.0,0.0,0.0,0.0,0.0,0.0,1.0,REUSE
Glass,Severely Damaged,High,cubic metres,5475.1,16.1,0.0,3.0,0.0,0.0,0.0,0.0,0.0,1.0,0.0,DISPOSAL / SPECIALIZED HANDLING
Concrete,Damaged,Low,units,4914.5,12.8,1.0,1.0,1.0,1.0,0.0,0.0,0.0,0.0,1.0,REPAIR
Asphalt,Severely Damaged,High,tonnes,6729.5,9.0,0.0,3.0,0.0,0.0,0.0,0.0,0.0,1.0,0.0,DISPOSAL / SPECIALIZED HANDLING
Concrete,Moderate,Low,kg,1324.5,48.2,2.0,1.0,0.0,0.0,0.0,0.0,0.0,0.0,1.0,RECYCLE
Glass,Good,Low,cubic metres,3689.2,15.7,3.0,1.0,1.0,0.0,0.0,0.0,0.0,0.0,1.0,REPAIR
Plastic,Moderate,Low,kg,1517.5,36.6,2.0,1.0,0.0,0.0,0.0,0.0,0.0,0.0,1.0,RECOVER
Glass,Excellent,High,cubic metres,1635.5,10.7,4.0,3.0,1.0,1.0,0.0,0.0,0.0,1.0,0.0,DISPOSAL / SPECIALIZED HANDLING
Concrete,Good,None,cubic metres,7410.6,29.7,3.0,0.0,1.0,0.0,0.0,0.0,0.0,0.0,1.0,REPAIR
Steel,Good,None,kg,7546.5,0.9,3.0,0.0,0.0,0.0,0.0,0.0,0.0,0.0,1.0,REUSE
Gypsum,Damaged,Low,tonnes,1197.6,62.9,1.0,1.0,1.0,1.0,0.0,0.0,0.0,0.0,1.0,RECYCLE
Wood,Damaged,Low,cubic metres,7480.4,13.0,1.0,1.0,1.0,1.0,0.0,1.0,0.0,0.0,1.0,REPAIR
Brick,Moderate,Hazardous,units,7734.6,77.7,2.0,4.0,1.0,1.0,0.0,0.0,0.0,1.0,0.0,DISPOSAL / SPECIALIZED HANDLING
Glass,Moderate,None,units,4855.3,13.5,2.0,0.0,1.0,0.0,0.0,0.0,0.0,0.0,1.0,REPAIR
Gypsum,Moderate,Moderate,kg,6543.1,34.6,2.0,2.0,0.0,0.0,0.0,0.0,1.0,0.0,1.0,RECOVER
Concrete,Moderate,None,tonnes,1189.5,30.0,2.0,0.0,1.0,0.0,0.0,0.0,0.0,0.0,1.0,RECYCLE
Brick,Damaged,Low,tonnes,7685.4,13.7,1.0,1.0,1.0,0.0,0.0,0.0,0.0,0.0,1.0,REPAIR
Concrete,Excellent,None,cubic metres,1446.8,4.0,4.0,0.0,0.0,0.0,0.0,0.0,0.0,0.0,1.0,REUSE
Brick,Damaged,None,units,3290.7,22.2,1.0,0.0,1.0,0.0,0.0,0.0,0.0,0.0,1.0,REPAIR
Asphalt,Moderate,Low,kg,3551.5,74.3,2.0,1.0,1.0,0.0,0.0,0.0,0.0,0.0,1.0,RECYCLE
Gypsum,Damaged,Low,tonnes,7604.2,61.9,1.0,1.0,0.0,0.0,0.0,0.0,0.0,0.0,1.0,RECOVER
Gypsum,Severely Damaged,High,units,1631.8,44.7,0.0,3.0,0.0,1.0,0.0,0.0,0.0,1.0,0.0,DISPOSAL / SPECIALIZED HANDLING
Glass,Good,Hazardous,tonnes,1176.0,18.9,3.0,4.0,1.0,0.0,0.0,0.0,0.0,1.0,0.0,DISPOSAL / SPECIALIZED HANDLING
Glass,Moderate,None,cubic metres,6285.3,15.2,2.0,0.0,1.0,0.0,0.0,0.0,0.0,0.0,1.0,REPAIR
Ceramic / Tiles,Good,None,units,5230.1,24.4,3.0,0.0,1.0,0.0,0.0,0.0,0.0,0.0,1.0,REPAIR
Brick,Good,None,tonnes,1572.8,1.0,3.0,0.0,0.0,0.0,0.0,0.0,0.0,0.0,1.0,REUSE
Mixed Construction Waste,Damaged,Hazardous,cubic metres,3117.3,61.4,1.0,4.0,0.0,0.0,0.0,0.0,0.0,1.0,0.0,DISPOSAL / SPECIALIZED HANDLING
Brick,Severely Damaged,Low,cubic metres,7515.7,47.0,0.0,1.0,1.0,0.0,0.0,0.0,0.0,0.0,1.0,RECYCLE
Gypsum,Severely Damaged,Low,kg,1374.8,65.6,0.0,1.0,1.0,1.0,0.0,0.0,0.0,0.0,1.0,RECYCLE
Gypsum,Moderate,Low,kg,4781.6,53.4,2.0,1.0,1.0,0.0,0.0,0.0,0.0,0.0,1.0,RECYCLE
Steel,Good,High,units,856.2,15.3,3.0,3.0,1.0,0.0,1.0,0.0,0.0,1.0,0.0,DISPOSAL / SPECIALIZED HANDLING
Asphalt,Moderate,High,cubic metres,3682.5,45.9,2.0,3.0,1.0,0.0,0.0,0.0,0.0,1.0,0.0,DISPOSAL / SPECIALIZED HANDLING
Glass,Excellent,None,tonnes,1531.8,6.4,4.0,0.0,0.0,0.0,0.0,0.0,0.0,0.0,1.0,REUSE
Asphalt,Damaged,High,units,1702.3,5.8,1.0,3.0,0.0,1.0,0.0,0.0,0.0,1.0,0.0,DISPOSAL / SPECIALIZED HANDLING
Brick,Severely Damaged,None,cubic metres,4455.5,25.6,0.0,0.0,1.0,1.0,0.0,0.0,0.0,0.0,1.0,RECYCLE
Concrete,Good,None,tonnes,847.2,18.4,3.0,0.0,1.0,0.0,0.0,0.0,0.0,0.0,1.0,REPAIR
Brick,Good,None,tonnes,4652.4,1.0,3.0,0.0,0.0,0.0,0.0,0.0,0.0,0.0,1.0,REUSE
Gypsum,Moderate,Moderate,cubic metres,76.0,26.8,2.0,2.0,0.0,0.0,0.0,0.0,0.0,0.0,1.0,RECOVER
Asphalt,Moderate,Low,cubic metres,7013.7,55.8,2.0,1.0,0.0,0.0,0.0,0.0,0.0,0.0,1.0,RECOVER
Glass,Moderate,Low,units,1209.7,62.4,2.0,1.0,0.0,0.0,0.0,0.0,0.0,0.0,1.0,RECYCLE
Glass,Damaged,Low,tonnes,4747.1,21.5,1.0,1.0,1.0,0.0,0.0,0.0,0.0,0.0,1.0,REPAIR
Steel,Excellent,High,tonnes,5862.6,8.0,4.0,3.0,0.0,1.0,1.0,0.0,0.0,1.0,0.0,DISPOSAL / SPECIALIZED HANDLING
Gypsum,Moderate,Moderate,cubic metres,4863.4,65.0,2.0,2.0,0.0,0.0,0.0,0.0,1.0,0.0,1.0,RECOVER
Glass,Damaged,High,kg,935.7,66.6,1.0,3.0,1.0,1.0,0.0,0.0,0.0,1.0,0.0,DISPOSAL / SPECIALIZED HANDLING
Asphalt,Moderate,Low,cubic metres,4168.5,57.7,2.0,1.0,0.0,0.0,0.0,0.0,0.0,0.0,1.0,RECOVER
Glass,Good,None,tonnes,1686.0,0.0,3.0,0.0,0.0,0.0,0.0,0.0,0.0,0.0,1.0,REUSE
Brick,Moderate,None,tonnes,527.3,17.0,2.0,0.0,1.0,0.0,0.0,0.0,0.0,0.0,1.0,REPAIR
Concrete,Damaged,Low,tonnes,829.6,11.9,1.0,1.0,1.0,0.0,0.0,0.0,0.0,0.0,1.0,REPAIR
Asphalt,Damaged,None,units,5038.5,41.9,1.0,0.0,1.0,0.0,0.0,0.0,0.0,0.0,1.0,RECYCLE
Mixed Construction Waste,Moderate,Low,units,776.3,73.9,2.0,1.0,0.0,0.0,0.0,0.0,0.0,0.0,0.0,RECOVER
Steel,Good,None,kg,5403.2,3.3,3.0,0.0,0.0,0.0,0.0,0.0,0.0,0.0,1.0,REUSE
Asphalt,Severely Damaged,Low,tonnes,6213.3,70.9,0.0,1.0,1.0,0.0,0.0,0.0,0.0,0.0,1.0,RECYCLE
Concrete,Moderate,None,cubic metres,1849.4,79.6,2.0,0.0,1.0,0.0,0.0,0.0,0.0,0.0,1.0,RECYCLE
Wood,Severely Damaged,Low,kg,2461.6,26.2,0.0,1.0,0.0,0.0,0.0,1.0,1.0,0.0,1.0,RECOVER
Concrete,Good,Low,units,6406.3,10.2,3.0,1.0,1.0,0.0,0.0,0.0,0.0,0.0,1.0,REPAIR
Mixed Construction Waste,Moderate,Hazardous,kg,6857.6,0.6,2.0,4.0,1.0,1.0,0.0,0.0,0.0,1.0,0.0,DISPOSAL / SPECIALIZED HANDLING
Ceramic / Tiles,Good,None,cubic metres,160.7,0.7,3.0,0.0,0.0,0.0,0.0,0.0,0.0,0.0,1.0,REUSE
Brick,Good,None,tonnes,1895.9,7.3,3.0,0.0,0.0,0.0,0.0,0.0,0.0,0.0,1.0,REUSE
Gypsum,Moderate,None,kg,2799.5,52.1,2.0,0.0,1.0,0.0,0.0,0.0,1.0,0.0,1.0,RECYCLE
Plastic,Severely Damaged,Low,units,1968.3,24.9,0.0,1.0,0.0,0.0,0.0,0.0,0.0,0.0,1.0,RECOVER
Soil,Severely Damaged,None,units,3150.0,28.2,0.0,0.0,1.0,0.0,0.0,0.0,1.0,0.0,1.0,RECYCLE
Concrete,Good,Hazardous,kg,615.4,22.8,3.0,4.0,0.0,0.0,0.0,0.0,0.0,1.0,0.0,DISPOSAL / SPECIALIZED HANDLING
Wood,Good,Low,cubic metres,6798.8,17.7,3.0,1.0,1.0,0.0,0.0,0.0,0.0,0.0,1.0,REPAIR
Mixed Construction Waste,Moderate,Moderate,units,2080.1,39.9,2.0,2.0,0.0,0.0,0.0,0.0,0.0,0.0,0.0,RECOVER
Glass,Good,None,tonnes,5265.7,3.2,3.0,0.0,0.0,0.0,0.0,0.0,0.0,0.0,1.0,REUSE
Brick,Severely Damaged,None,tonnes,1427.7,40.5,0.0,0.0,1.0,1.0,0.0,0.0,0.0,0.0,1.0,RECYCLE
Concrete,Severely Damaged,Moderate,units,178.1,37.5,0.0,2.0,1.0,1.0,0.0,0.0,0.0,0.0,1.0,RECYCLE
Concrete,Damaged,None,units,2456.6,55.0,1.0,0.0,0.0,1.0,0.0,0.0,0.0,0.0,1.0,RECYCLE
Mixed Construction Waste,Moderate,Moderate,units,2851.4,66.7,2.0,2.0,0.0,0.0,0.0,0.0,0.0,0.0,0.0,RECOVER
Asphalt,Damaged,Low,units,947.1,41.0,1.0,1.0,0.0,0.0,0.0,0.0,0.0,0.0,1.0,RECOVER
Steel,Damaged,None,tonnes,723.1,9.3,1.0,0.0,1.0,1.0,1.0,0.0,0.0,0.0,1.0,REPAIR
Asphalt,Severely Damaged,None,tonnes,2835.2,49.9,0.0,0.0,1.0,1.0,0.0,0.0,0.0,0.0,1.0,RECYCLE
Gypsum,Damaged,Low,kg,857.2,59.3,1.0,1.0,0.0,0.0,0.0,0.0,1.0,0.0,1.0,RECOVER
Wood,Damaged,None,cubic metres,1605.5,27.7,1.0,0.0,1.0,0.0,0.0,0.0,0.0,0.0,1.0,REPAIR
Soil,Excellent,High,units,2130.1,31.1,4.0,3.0,0.0,0.0,0.0,0.0,0.0,1.0,0.0,DISPOSAL / SPECIALIZED HANDLING
Plastic,Severely Damaged,High,units,6326.8,16.7,0.0,3.0,0.0,1.0,0.0,0.0,0.0,1.0,0.0,DISPOSAL / SPECIALIZED HANDLING
Mixed Construction Waste,Severely Damaged,Moderate,units,6746.5,43.2,0.0,2.0,0.0,0.0,0.0,0.0,0.0,0.0,1.0,RECOVER
Soil,Severely Damaged,Low,kg,7922.6,42.4,0.0,1.0,0.0,0.0,0.0,0.0,1.0,0.0,1.0,RECYCLE
Mixed Construction Waste,Severely Damaged,Moderate,tonnes,2058.0,60.2,0.0,2.0,0.0,0.0,0.0,0.0,0.0,0.0,1.0,RECOVER
Soil,Moderate,None,units,2429.3,67.3,2.0,0.0,0.0,0.0,0.0,0.0,0.0,0.0,1.0,RECYCLE
Glass,Damaged,Low,cubic metres,1227.9,63.4,1.0,1.0,0.0,0.0,0.0,0.0,0.0,0.0,1.0,RECYCLE
Concrete,Moderate,High,units,4323.3,38.1,2.0,3.0,0.0,1.0,0.0,0.0,0.0,1.0,0.0,DISPOSAL / SPECIALIZED HANDLING
Ceramic / Tiles,Good,None,units,5800.1,5.4,3.0,0.0,0.0,0.0,0.0,0.0,0.0,0.0,1.0,REUSE
Brick,Moderate,Low,units,5563.0,14.9,2.0,1.0,1.0,0.0,0.0,0.0,0.0,0.0,1.0,REPAIR
Concrete,Moderate,None,kg,7812.5,26.1,2.0,0.0,1.0,0.0,0.0,0.0,0.0,0.0,1.0,REPAIR
Mixed Construction Waste,Severely Damaged,High,units,4655.3,8.1,0.0,3.0,1.0,0.0,0.0,0.0,0.0,1.0,0.0,DISPOSAL / SPECIALIZED HANDLING
Brick,Good,Hazardous,kg,1923.9,7.7,3.0,4.0,0.0,1.0,0.0,0.0,0.0,1.0,0.0,DISPOSAL / SPECIALIZED HANDLING
Glass,Damaged,None,kg,7169.9,58.9,1.0,0.0,0.0,1.0,0.0,0.0,0.0,0.0,1.0,RECYCLE
Soil,Damaged,Moderate,cubic metres,1893.7,57.5,1.0,2.0,1.0,1.0,0.0,0.0,1.0,0.0,1.0,RECYCLE
Concrete,Excellent,Hazardous,kg,677.6,77.4,4.0,4.0,1.0,1.0,0.0,0.0,0.0,1.0,0.0,DISPOSAL / SPECIALIZED HANDLING
Steel,Excellent,None,cubic metres,3950.3,5.1,4.0,0.0,0.0,0.0,0.0,0.0,0.0,0.0,1.0,REUSE
Plastic,Moderate,High,units,4020.1,77.7,2.0,3.0,1.0,0.0,0.0,0.0,0.0,1.0,0.0,DISPOSAL / SPECIALIZED HANDLING
Wood,Excellent,High,tonnes,495.9,1.1,4.0,3.0,1.0,0.0,0.0,0.0,0.0,1.0,0.0,DISPOSAL / SPECIALIZED HANDLING
Steel,Good,None,cubic metres,7842.9,3.3,3.0,0.0,0.0,0.0,0.0,0.0,0.0,0.0,1.0,REUSE
Asphalt,Moderate,Low,units,3158.7,75.1,2.0,1.0,0.0,0.0,0.0,0.0,0.0,0.0,1.0,RECYCLE
Ceramic / Tiles,Good,Hazardous,units,901.8,53.5,3.0,4.0,1.0,0.0,0.0,0.0,0.0,1.0,0.0,DISPOSAL / SPECIALIZED HANDLING
Asphalt,Moderate,Moderate,units,2846.8,67.1,2.0,2.0,0.0,0.0,0.0,0.0,0.0,0.0,1.0,RECOVER
Wood,Damaged,Moderate,cubic metres,457.7,35.0,1.0,2.0,0.0,0.0,0.0,1.0,0.0,0.0,1.0,RECOVER
Plastic,Moderate,Low,kg,1006.2,73.6,2.0,1.0,0.0,0.0,0.0,0.0,0.0,0.0,1.0,RECOVER
Brick,Excellent,None,tonnes,5783.4,1.4,4.0,0.0,0.0,0.0,0.0,0.0,0.0,0.0,1.0,REUSE
Plastic,Severely Damaged,Moderate,cubic metres,5363.4,38.1,0.0,2.0,0.0,0.0,0.0,0.0,0.0,0.0,1.0,RECOVER
Ceramic / Tiles,Excellent,High,cubic metres,3997.7,38.2,4.0,3.0,0.0,0.0,0.0,0.0,0.0,1.0,0.0,DISPOSAL / SPECIALIZED HANDLING
Steel,Good,None,kg,1725.7,34.1,3.0,0.0,1.0,0.0,1.0,0.0,0.0,0.0,1.0,REPAIR
Concrete,Severely Damaged,Hazardous,kg,2472.6,18.2,0.0,4.0,0.0,0.0,0.0,0.0,0.0,1.0,0.0,DISPOSAL / SPECIALIZED HANDLING
Glass,Moderate,Low,units,2522.0,5.6,2.0,1.0,1.0,0.0,0.0,0.0,0.0,0.0,1.0,REPAIR
Glass,Severely Damaged,Hazardous,tonnes,5319.9,23.9,0.0,4.0,0.0,1.0,0.0,0.0,0.0,1.0,0.0,DISPOSAL / SPECIALIZED HANDLING
Glass,Good,None,tonnes,4647.6,6.5,3.0,0.0,0.0,0.0,0.0,0.0,0.0,0.0,1.0,REUSE
Concrete,Damaged,None,tonnes,6988.3,20.0,1.0,0.0,1.0,0.0,0.0,0.0,0.0,0.0,1.0,REPAIR
Brick,Good,None,kg,1926.2,0.3,3.0,0.0,0.0,0.0,0.0,0.0,0.0,0.0,1.0,REUSE
Brick,Moderate,Moderate,units,1555.4,75.0,2.0,2.0,1.0,0.0,0.0,0.0,0.0,0.0,1.0,RECYCLE
Brick,Moderate,Low,units,2349.2,33.8,2.0,1.0,1.0,0.0,0.0,0.0,0.0,0.0,1.0,REPAIR
Concrete,Good,None,units,963.3,6.8,3.0,0.0,0.0,0.0,0.0,0.0,0.0,0.0,1.0,REUSE
Asphalt,Damaged,Low,units,7255.2,64.6,1.0,1.0,0.0,0.0,0.0,0.0,0.0,0.0,1.0,RECOVER
Brick,Excellent,None,cubic metres,3631.5,1.3,4.0,0.0,0.0,0.0,0.0,0.0,0.0,0.0,1.0,REUSE
Wood,Moderate,Low,kg,4041.7,7.4,2.0,1.0,1.0,0.0,0.0,0.0,0.0,0.0,1.0,REPAIR
Mixed Construction Waste,Good,High,cubic metres,5496.4,15.3,3.0,3.0,0.0,1.0,0.0,0.0,0.0,1.0,0.0,DISPOSAL / SPECIALIZED HANDLING
Gypsum,Moderate,Moderate,kg,5442.6,60.8,2.0,2.0,0.0,0.0,0.0,0.0,1.0,0.0,1.0,RECYCLE
Concrete,Excellent,None,units,1140.2,2.5,4.0,0.0,0.0,0.0,0.0,0.0,0.0,0.0,1.0,REUSE
Ceramic / Tiles,Damaged,High,tonnes,3381.7,15.1,1.0,3.0,0.0,1.0,0.0,0.0,0.0,1.0,0.0,DISPOSAL / SPECIALIZED HANDLING
Gypsum,Moderate,Hazardous,tonnes,978.8,27.1,2.0,4.0,0.0,0.0,0.0,0.0,0.0,1.0,0.0,DISPOSAL / SPECIALIZED HANDLING
Concrete,Excellent,None,cubic metres,2341.3,2.6,4.0,0.0,0.0,0.0,0.0,0.0,0.0,0.0,1.0,REUSE
Mixed Construction Waste,Severely Damaged,Low,units,2887.2,69.0,0.0,1.0,0.0,0.0,0.0,0.0,0.0,0.0,1.0,RECOVER
Wood,Damaged,Low,tonnes,5569.3,63.7,1.0,1.0,0.0,0.0,0.0,1.0,1.0,0.0,1.0,RECOVER
Plastic,Damaged,Moderate,units,4112.1,69.0,1.0,2.0,0.0,0.0,0.0,0.0,0.0,0.0,1.0,RECOVER
Brick,Moderate,None,tonnes,2111.8,28.2,2.0,0.0,0.0,0.0,0.0,0.0,0.0,0.0,1.0,RECYCLE
Plastic,Damaged,Low,kg,1695.7,36.1,1.0,1.0,0.0,0.0,0.0,0.0,0.0,0.0,1.0,RECOVER
Steel,Good,None,kg,2816.0,4.9,3.0,0.0,0.0,0.0,0.0,0.0,0.0,0.0,1.0,REUSE
Gypsum,Damaged,Low,units,2364.0,57.1,1.0,1.0,1.0,0.0,0.0,0.0,0.0,0.0,1.0,RECYCLE
Ceramic / Tiles,Damaged,None,kg,7806.4,23.5,1.0,0.0,1.0,0.0,0.0,0.0,0.0,0.0,1.0,REPAIR
Concrete,Damaged,Low,kg,769.7,14.8,1.0,1.0,1.0,1.0,0.0,0.0,0.0,0.0,1.0,REPAIR
Gypsum,Moderate,Moderate,cubic metres,1256.6,38.7,2.0,2.0,0.0,0.0,0.0,0.0,0.0,0.0,1.0,RECOVER
Concrete,Excellent,None,tonnes,502.2,4.7,4.0,0.0,0.0,0.0,0.0,0.0,0.0,0.0,1.0,REUSE
Soil,Severely Damaged,Moderate,kg,698.0,61.6,0.0,2.0,1.0,1.0,0.0,0.0,0.0,0.0,1.0,RECYCLE
Concrete,Good,None,cubic metres,5357.2,1.1,3.0,0.0,0.0,0.0,0.0,0.0,0.0,0.0,1.0,REUSE
Wood,Moderate,None,cubic metres,1559.5,24.7,2.0,0.0,1.0,0.0,0.0,0.0,0.0,0.0,1.0,REPAIR
Gypsum,Moderate,Moderate,kg,7765.0,50.4,2.0,2.0,0.0,0.0,0.0,0.0,1.0,0.0,1.0,RECOVER
Gypsum,Severely Damaged,Hazardous,units,6216.5,71.0,0.0,4.0,1.0,1.0,0.0,0.0,0.0,1.0,0.0,DISPOSAL / SPECIALIZED HANDLING
Gypsum,Severely Damaged,Moderate,tonnes,1827.2,46.0,0.0,2.0,1.0,1.0,0.0,0.0,1.0,0.0,1.0,RECYCLE
Steel,Excellent,None,kg,5644.4,3.4,4.0,0.0,0.0,0.0,0.0,0.0,0.0,0.0,1.0,REUSE
Glass,Moderate,Low,kg,7854.9,73.5,2.0,1.0,1.0,0.0,0.0,0.0,0.0,0.0,1.0,RECYCLE
Steel,Good,None,cubic metres,5216.2,5.0,3.0,0.0,0.0,0.0,0.0,0.0,0.0,0.0,1.0,REUSE
Concrete,Good,None,kg,822.7,8.0,3.0,0.0,0.0,0.0,0.0,0.0,0.0,0.0,1.0,REUSE
Steel,Good,Low,cubic metres,87.1,24.0,3.0,1.0,1.0,0.0,1.0,0.0,0.0,0.0,1.0,REPAIR
Wood,Severely Damaged,Low,cubic metres,139.0,32.8,0.0,1.0,0.0,0.0,0.0,0.0,0.0,0.0,1.0,RECOVER
Concrete,Good,None,cubic metres,864.2,4.4,3.0,0.0,0.0,0.0,0.0,0.0,0.0,0.0,1.0,REUSE
Mixed Construction Waste,Severely Damaged,Moderate,tonnes,2762.1,72.3,0.0,2.0,0.0,0.0,0.0,0.0,0.0,0.0,0.0,RECOVER
Asphalt,Damaged,Moderate,kg,5744.2,49.5,1.0,2.0,0.0,0.0,0.0,0.0,0.0,0.0,1.0,RECYCLE
Ceramic / Tiles,Excellent,None,units,3514.9,3.9,4.0,0.0,0.0,0.0,0.0,0.0,0.0,0.0,1.0,REUSE
Ceramic / Tiles,Damaged,None,kg,7180.9,7.8,1.0,0.0,1.0,1.0,0.0,0.0,0.0,0.0,1.0,REPAIR
Steel,Damaged,None,tonnes,3740.5,10.8,1.0,0.0,1.0,1.0,1.0,0.0,0.0,0.0,1.0,REPAIR
Wood,Damaged,Moderate,cubic metres,4218.0,28.7,1.0,2.0,0.0,0.0,0.0,1.0,1.0,0.0,1.0,RECOVER
Steel,Excellent,None,cubic metres,248.9,5.4,4.0,0.0,0.0,0.0,0.0,0.0,0.0,0.0,1.0,REUSE
Steel,Damaged,Low,kg,7243.0,9.5,1.0,1.0,0.0,1.0,1.0,0.0,0.0,0.0,1.0,REPAIR
Asphalt,Damaged,Hazardous,cubic metres,1457.4,45.5,1.0,4.0,1.0,1.0,0.0,0.0,0.0,1.0,0.0,DISPOSAL / SPECIALIZED HANDLING
Soil,Damaged,Hazardous,kg,5066.6,37.3,1.0,4.0,1.0,0.0,0.0,0.0,0.0,1.0,0.0,DISPOSAL / SPECIALIZED HANDLING
Steel,Excellent,None,tonnes,4595.8,7.8,4.0,0.0,0.0,0.0,0.0,0.0,0.0,0.0,1.0,REUSE
Mixed Construction Waste,Damaged,Moderate,units,7451.0,29.4,1.0,2.0,0.0,0.0,0.0,0.0,0.0,0.0,0.0,RECOVER
Ceramic / Tiles,Excellent,None,units,3130.0,2.9,4.0,0.0,0.0,0.0,0.0,0.0,0.0,0.0,1.0,REUSE
Asphalt,Severely Damaged,Moderate,cubic metres,3507.4,30.9,0.0,2.0,0.0,0.0,0.0,0.0,0.0,0.0,1.0,RECOVER
Concrete,Damaged,None,units,726.1,55.3,1.0,0.0,1.0,0.0,0.0,0.0,0.0,0.0,1.0,RECYCLE
Brick,Severely Damaged,Low,tonnes,7081.0,29.3,0.0,1.0,1.0,1.0,0.0,0.0,0.0,0.0,1.0,RECYCLE
Concrete,Damaged,Low,tonnes,1009.9,8.2,1.0,1.0,1.0,1.0,0.0,0.0,0.0,0.0,1.0,REPAIR
Gypsum,Moderate,High,units,6936.9,14.1,2.0,3.0,1.0,0.0,0.0,0.0,0.0,1.0,0.0,DISPOSAL / SPECIALIZED HANDLING
Steel,Good,Hazardous,cubic metres,7159.4,1.3,3.0,4.0,0.0,0.0,1.0,0.0,0.0,1.0,0.0,DISPOSAL / SPECIALIZED HANDLING
Ceramic / Tiles,Good,None,kg,1668.3,5.0,3.0,0.0,0.0,0.0,0.0,0.0,0.0,0.0,1.0,REUSE
Glass,Good,High,tonnes,3798.7,86.1,3.0,3.0,1.0,1.0,0.0,0.0,0.0,1.0,0.0,DISPOSAL / SPECIALIZED HANDLING
Brick,Moderate,None,tonnes,5198.1,56.3,2.0,0.0,1.0,0.0,0.0,0.0,0.0,0.0,1.0,RECYCLE
Brick,Excellent,None,units,6531.0,5.0,4.0,0.0,0.0,0.0,0.0,0.0,0.0,0.0,1.0,REUSE
Ceramic / Tiles,Damaged,Hazardous,units,4624.2,74.3,1.0,4.0,0.0,1.0,0.0,0.0,0.0,1.0,0.0,DISPOSAL / SPECIALIZED HANDLING
Wood,Good,Low,cubic metres,972.4,12.8,3.0,1.0,1.0,0.0,0.0,0.0,0.0,0.0,1.0,REPAIR
Soil,Moderate,Low,kg,888.5,61.4,2.0,1.0,0.0,0.0,0.0,0.0,0.0,0.0,1.0,RECYCLE
Brick,Damaged,Low,units,3366.4,8.7,1.0,1.0,1.0,1.0,0.0,0.0,0.0,0.0,1.0,REPAIR
Glass,Moderate,Moderate,units,7187.0,58.8,2.0,2.0,0.0,0.0,0.0,0.0,0.0,0.0,1.0,RECYCLE
Ceramic / Tiles,Moderate,Low,tonnes,4406.2,22.7,2.0,1.0,1.0,0.0,0.0,0.0,0.0,0.0,1.0,REPAIR
Ceramic / Tiles,Moderate,High,cubic metres,3335.0,62.9,2.0,3.0,0.0,1.0,0.0,0.0,0.0,1.0,0.0,DISPOSAL / SPECIALIZED HANDLING
Soil,Damaged,Low,kg,3496.0,35.5,1.0,1.0,1.0,1.0,0.0,0.0,1.0,0.0,1.0,RECYCLE
Ceramic / Tiles,Severely Damaged,Hazardous,cubic metres,6405.3,66.7,0.0,4.0,1.0,1.0,0.0,0.0,0.0,1.0,0.0,DISPOSAL / SPECIALIZED HANDLING
Ceramic / Tiles,Good,None,tonnes,7343.9,0.4,3.0,0.0,0.0,0.0,0.0,0.0,0.0,0.0,1.0,REUSE
Brick,Severely Damaged,None,units,1077.3,54.5,0.0,0.0,1.0,0.0,0.0,0.0,0.0,0.0,1.0,RECYCLE
Concrete,Damaged,None,cubic metres,2481.3,37.0,1.0,0.0,1.0,0.0,0.0,0.0,0.0,0.0,1.0,RECYCLE
Brick,Moderate,Low,kg,1456.1,18.8,2.0,1.0,1.0,0.0,0.0,0.0,0.0,0.0,1.0,REPAIR
Concrete,Moderate,Moderate,cubic metres,6414.1,63.2,2.0,2.0,0.0,0.0,0.0,0.0,0.0,0.0,1.0,RECYCLE
Gypsum,Severely Damaged,Moderate,cubic metres,1287.3,36.3,0.0,2.0,1.0,0.0,0.0,0.0,0.0,0.0,1.0,RECYCLE
Concrete,Good,Low,units,6166.4,32.7,3.0,1.0,1.0,0.0,0.0,0.0,0.0,0.0,1.0,REPAIR
Ceramic / Tiles,Excellent,None,units,6198.0,2.9,4.0,0.0,0.0,0.0,0.0,0.0,0.0,0.0,1.0,REUSE
Brick,Moderate,Low,cubic metres,7606.9,55.3,2.0,1.0,0.0,0.0,0.0,0.0,0.0,0.0,1.0,RECYCLE
Glass,Excellent,None,kg,3248.0,2.0,4.0,0.0,0.0,0.0,0.0,0.0,0.0,0.0,1.0,REUSE
Plastic,Moderate,Low,units,6365.0,44.1,2.0,1.0,0.0,0.0,0.0,0.0,0.0,0.0,1.0,RECOVER
Glass,Excellent,None,kg,2511.2,4.8,4.0,0.0,0.0,0.0,0.0,0.0,0.0,0.0,1.0,REUSE
Concrete,Good,None,units,2339.3,33.4,3.0,0.0,1.0,0.0,0.0,0.0,0.0,0.0,1.0,REPAIR
Plastic,Moderate,Low,tonnes,95.3,46.5,2.0,1.0,0.0,0.0,0.0,0.0,0.0,0.0,1.0,RECOVER
Glass,Good,None,cubic metres,5291.3,0.5,3.0,0.0,0.0,0.0,0.0,0.0,0.0,0.0,1.0,REUSE
Ceramic / Tiles,Excellent,Hazardous,tonnes,3352.2,33.9,4.0,4.0,0.0,0.0,0.0,0.0,0.0,1.0,0.0,DISPOSAL / SPECIALIZED HANDLING
Wood,Moderate,Low,kg,92.6,34.9,2.0,1.0,1.0,0.0,0.0,0.0,0.0,0.0,1.0,REPAIR
Concrete,Good,Low,kg,2775.6,10.4,3.0,1.0,1.0,0.0,0.0,0.0,0.0,0.0,1.0,REPAIR
Asphalt,Severely Damaged,None,cubic metres,6636.1,70.3,0.0,0.0,0.0,0.0,0.0,0.0,0.0,0.0,1.0,RECYCLE
Wood,Moderate,Low,tonnes,6072.6,67.5,2.0,1.0,0.0,0.0,0.0,1.0,0.0,0.0,1.0,RECOVER
Steel,Damaged,None,kg,1280.5,16.3,1.0,0.0,0.0,1.0,1.0,0.0,0.0,0.0,1.0,REPAIR
Mixed Construction Waste,Severely Damaged,Moderate,units,3823.3,23.7,0.0,2.0,0.0,0.0,0.0,0.0,0.0,0.0,0.0,RECOVER
Soil,Severely Damaged,High,units,5355.4,31.4,0.0,3.0,0.0,1.0,0.0,0.0,0.0,1.0,0.0,DISPOSAL / SPECIALIZED HANDLING
Asphalt,Moderate,Low,units,6303.7,29.9,2.0,1.0,0.0,0.0,0.0,0.0,0.0,0.0,1.0,RECYCLE
Brick,Excellent,Hazardous,kg,5170.8,36.7,4.0,4.0,0.0,1.0,0.0,0.0,0.0,1.0,0.0,DISPOSAL / SPECIALIZED HANDLING
Soil,Damaged,High,kg,5042.6,52.7,1.0,3.0,0.0,1.0,0.0,0.0,0.0,1.0,0.0,DISPOSAL / SPECIALIZED HANDLING
Mixed Construction Waste,Moderate,Hazardous,units,2173.1,39.0,2.0,4.0,1.0,1.0,0.0,0.0,0.0,1.0,0.0,DISPOSAL / SPECIALIZED HANDLING
Glass,Good,None,units,7126.4,29.8,3.0,0.0,1.0,0.0,0.0,0.0,0.0,0.0,1.0,REPAIR
Asphalt,Moderate,Moderate,cubic metres,5493.3,35.5,2.0,2.0,1.0,0.0,0.0,0.0,0.0,0.0,1.0,RECYCLE
Wood,Severely Damaged,Moderate,cubic metres,4613.3,60.1,0.0,2.0,0.0,0.0,0.0,0.0,0.0,0.0,1.0,RECOVER
Gypsum,Damaged,Low,kg,3725.6,65.7,1.0,1.0,0.0,0.0,0.0,0.0,0.0,0.0,1.0,RECOVER
Gypsum,Moderate,Low,tonnes,5333.9,26.7,2.0,1.0,0.0,0.0,0.0,0.0,0.0,0.0,1.0,RECOVER
Brick,Excellent,High,tonnes,384.2,83.2,4.0,3.0,1.0,1.0,0.0,0.0,0.0,1.0,0.0,DISPOSAL / SPECIALIZED HANDLING
Gypsum,Damaged,Moderate,kg,5694.7,34.6,1.0,2.0,1.0,1.0,0.0,0.0,0.0,0.0,1.0,RECYCLE
Steel,Damaged,Low,kg,1259.6,23.5,1.0,1.0,0.0,1.0,0.0,0.0,0.0,0.0,1.0,REPAIR
Ceramic / Tiles,Damaged,Low,units,2667.8,19.9,1.0,1.0,0.0,1.0,0.0,0.0,0.0,0.0,1.0,REPAIR
Concrete,Good,None,tonnes,3593.9,1.8,3.0,0.0,0.0,0.0,0.0,0.0,0.0,0.0,1.0,REUSE
Ceramic / Tiles,Excellent,High,tonnes,5332.8,39.5,4.0,3.0,1.0,1.0,0.0,0.0,0.0,1.0,0.0,DISPOSAL / SPECIALIZED HANDLING
Gypsum,Severely Damaged,Hazardous,units,3866.6,59.9,0.0,4.0,0.0,0.0,0.0,0.0,0.0,1.0,0.0,DISPOSAL / SPECIALIZED HANDLING
Soil,Excellent,High,units,7652.3,33.2,4.0,3.0,0.0,1.0,0.0,0.0,0.0,1.0,0.0,DISPOSAL / SPECIALIZED HANDLING
Gypsum,Moderate,Hazardous,cubic metres,1494.7,70.1,2.0,4.0,0.0,1.0,0.0,0.0,0.0,1.0,0.0,DISPOSAL / SPECIALIZED HANDLING
Asphalt,Severely Damaged,None,units,6390.3,71.6,0.0,0.0,1.0,0.0,0.0,0.0,0.0,0.0,1.0,RECYCLE
Glass,Moderate,None,units,4786.3,26.8,2.0,0.0,1.0,0.0,0.0,0.0,0.0,0.0,1.0,REPAIR
Brick,Excellent,None,tonnes,4711.7,0.5,4.0,0.0,0.0,0.0,0.0,0.0,0.0,0.0,1.0,REUSE
Ceramic / Tiles,Moderate,Low,cubic metres,6636.0,12.5,2.0,1.0,1.0,0.0,0.0,0.0,0.0,0.0,1.0,REPAIR
Soil,Moderate,None,kg,7399.9,40.9,2.0,0.0,1.0,0.0,0.0,0.0,1.0,0.0,1.0,RECYCLE
Steel,Good,None,cubic metres,1374.8,2.5,3.0,0.0,0.0,0.0,0.0,0.0,0.0,0.0,1.0,REUSE
Wood,Damaged,Moderate,cubic metres,4876.6,74.4,1.0,2.0,0.0,0.0,0.0,0.0,1.0,0.0,1.0,RECOVER
Concrete,Good,None,units,354.1,1.4,3.0,0.0,0.0,0.0,0.0,0.0,0.0,0.0,1.0,REUSE
Wood,Good,Low,cubic metres,1491.0,32.3,3.0,1.0,1.0,0.0,0.0,0.0,0.0,0.0,1.0,REPAIR
Plastic,Severely Damaged,Moderate,cubic metres,3031.2,30.1,0.0,2.0,0.0,0.0,0.0,0.0,0.0,0.0,1.0,RECOVER
Steel,Excellent,Hazardous,cubic metres,3454.0,13.7,4.0,4.0,0.0,1.0,1.0,0.0,0.0,1.0,0.0,DISPOSAL / SPECIALIZED HANDLING
Ceramic / Tiles,Good,High,kg,4908.3,41.1,3.0,3.0,0.0,1.0,0.0,0.0,0.0,1.0,0.0,DISPOSAL / SPECIALIZED HANDLING
Mixed Construction Waste,Moderate,Moderate,tonnes,5808.0,33.9,2.0,2.0,0.0,0.0,0.0,0.0,0.0,0.0,0.0,RECOVER
Brick,Moderate,Low,kg,1274.5,11.7,2.0,1.0,1.0,0.0,0.0,0.0,0.0,0.0,1.0,REPAIR
Concrete,Damaged,None,kg,4322.2,65.2,1.0,0.0,0.0,0.0,0.0,0.0,0.0,0.0,1.0,RECYCLE
Concrete,Excellent,None,cubic metres,4938.6,6.5,4.0,0.0,0.0,0.0,0.0,0.0,0.0,0.0,1.0,REUSE
Concrete,Moderate,Low,units,7352.1,22.1,2.0,1.0,1.0,0.0,0.0,0.0,0.0,0.0,1.0,REPAIR
Wood,Good,Low,kg,1431.2,26.3,3.0,1.0,1.0,0.0,0.0,0.0,0.0,0.0,1.0,REPAIR
Brick,Good,None,units,7398.3,5.5,3.0,0.0,0.0,0.0,0.0,0.0,0.0,0.0,1.0,REUSE
Concrete,Good,None,units,4390.8,1.1,3.0,0.0,0.0,0.0,0.0,0.0,0.0,0.0,1.0,REUSE
Glass,Moderate,Low,kg,5306.9,17.4,2.0,1.0,1.0,0.0,0.0,0.0,0.0,0.0,1.0,REPAIR
Wood,Excellent,Hazardous,cubic metres,5698.3,77.6,4.0,4.0,1.0,1.0,0.0,0.0,0.0,1.0,0.0,DISPOSAL / SPECIALIZED HANDLING
Brick,Good,Low,kg,7378.9,7.4,3.0,1.0,1.0,0.0,0.0,0.0,0.0,0.0,1.0,REPAIR
Brick,Good,High,units,4290.6,63.8,3.0,3.0,0.0,0.0,0.0,0.0,0.0,1.0,0.0,DISPOSAL / SPECIALIZED HANDLING
Ceramic / Tiles,Good,Low,cubic metres,3659.7,9.6,3.0,1.0,1.0,0.0,0.0,0.0,0.0,0.0,1.0,REPAIR
Asphalt,Severely Damaged,None,units,3020.8,49.2,0.0,0.0,1.0,1.0,0.0,0.0,0.0,0.0,1.0,RECYCLE
Gypsum,Damaged,Low,kg,5915.0,43.2,1.0,1.0,0.0,0.0,0.0,0.0,1.0,0.0,1.0,RECOVER
Concrete,Excellent,None,tonnes,1448.3,6.2,4.0,0.0,0.0,0.0,0.0,0.0,0.0,0.0,1.0,REUSE
Glass,Moderate,Low,units,3717.7,28.2,2.0,1.0,1.0,0.0,0.0,0.0,0.0,0.0,1.0,REPAIR
Concrete,Damaged,None,kg,6661.9,14.4,1.0,0.0,1.0,0.0,0.0,0.0,0.0,0.0,1.0,REPAIR
Mixed Construction Waste,Moderate,Hazardous,tonnes,5891.0,5.0,2.0,4.0,1.0,0.0,0.0,0.0,0.0,1.0,0.0,DISPOSAL / SPECIALIZED HANDLING
Wood,Severely Damaged,Moderate,kg,7614.8,33.3,0.0,2.0,0.0,0.0,0.0,0.0,1.0,0.0,1.0,RECOVER
Brick,Severely Damaged,Hazardous,kg,3317.1,72.2,0.0,4.0,1.0,1.0,0.0,0.0,0.0,1.0,0.0,DISPOSAL / SPECIALIZED HANDLING
Steel,Good,None,cubic metres,2414.6,2.0,3.0,0.0,0.0,0.0,0.0,0.0,0.0,0.0,1.0,REUSE
Gypsum,Damaged,Low,cubic metres,2036.3,63.0,1.0,1.0,0.0,0.0,0.0,0.0,0.0,0.0,1.0,RECOVER
Soil,Good,Hazardous,kg,5288.3,32.9,3.0,4.0,0.0,1.0,0.0,0.0,0.0,1.0,0.0,DISPOSAL / SPECIALIZED HANDLING
Gypsum,Severely Damaged,Low,cubic metres,1287.8,70.6,0.0,1.0,1.0,0.0,0.0,0.0,1.0,0.0,1.0,RECYCLE
Steel,Good,None,kg,2981.5,3.6,3.0,0.0,0.0,0.0,0.0,0.0,0.0,0.0,1.0,REUSE
Wood,Moderate,Hazardous,tonnes,316.2,17.1,2.0,4.0,0.0,1.0,0.0,0.0,0.0,1.0,0.0,DISPOSAL / SPECIALIZED HANDLING
Brick,Severely Damaged,High,kg,2744.8,17.7,0.0,3.0,1.0,1.0,0.0,0.0,0.0,1.0,0.0,DISPOSAL / SPECIALIZED HANDLING
Concrete,Good,None,kg,3577.2,7.8,3.0,0.0,0.0,0.0,0.0,0.0,0.0,0.0,1.0,REUSE
Mixed Construction Waste,Severely Damaged,Hazardous,tonnes,1283.8,86.1,0.0,4.0,1.0,0.0,0.0,0.0,0.0,1.0,0.0,DISPOSAL / SPECIALIZED HANDLING
Plastic,Moderate,Moderate,units,5838.9,32.2,2.0,2.0,0.0,0.0,0.0,0.0,0.0,0.0,1.0,RECOVER
Brick,Good,None,tonnes,6093.7,1.6,3.0,0.0,0.0,0.0,0.0,0.0,0.0,0.0,1.0,REUSE
Plastic,Damaged,Moderate,tonnes,1442.9,59.8,1.0,2.0,0.0,0.0,0.0,0.0,0.0,0.0,1.0,RECOVER
Glass,Good,None,units,4938.1,3.6,3.0,0.0,0.0,0.0,0.0,0.0,0.0,0.0,1.0,REUSE
Concrete,Moderate,None,tonnes,634.6,16.3,2.0,0.0,1.0,0.0,0.0,0.0,0.0,0.0,1.0,REPAIR
Concrete,Excellent,None,kg,4023.9,5.6,4.0,0.0,0.0,0.0,0.0,0.0,0.0,0.0,1.0,REUSE
Asphalt,Severely Damaged,Moderate,cubic metres,1232.3,31.6,0.0,2.0,0.0,0.0,0.0,0.0,0.0,0.0,1.0,RECOVER
Brick,Damaged,Low,tonnes,2052.9,67.2,1.0,1.0,1.0,1.0,0.0,0.0,0.0,0.0,1.0,RECYCLE
Steel,Moderate,Low,units,5470.6,8.6,2.0,1.0,1.0,0.0,1.0,0.0,0.0,0.0,1.0,REPAIR
Brick,Damaged,Low,units,7175.7,79.7,1.0,1.0,1.0,1.0,0.0,0.0,0.0,0.0,1.0,RECYCLE
Glass,Moderate,None,cubic metres,5297.6,22.1,2.0,0.0,1.0,0.0,0.0,0.0,0.0,0.0,1.0,REPAIR
Plastic,Moderate,Hazardous,units,4469.8,71.0,2.0,4.0,1.0,1.0,0.0,0.0,0.0,1.0,0.0,DISPOSAL / SPECIALIZED HANDLING
Brick,Moderate,Hazardous,kg,231.6,85.9,2.0,4.0,1.0,1.0,0.0,0.0,0.0,1.0,0.0,DISPOSAL / SPECIALIZED HANDLING
Brick,Good,Hazardous,units,5306.4,52.8,3.0,4.0,1.0,1.0,0.0,0.0,0.0,1.0,0.0,DISPOSAL / SPECIALIZED HANDLING
Soil,Good,Hazardous,kg,6308.9,24.4,3.0,4.0,0.0,0.0,0.0,0.0,0.0,1.0,0.0,DISPOSAL / SPECIALIZED HANDLING
Mixed Construction Waste,Severely Damaged,Moderate,tonnes,4950.3,70.1,0.0,2.0,0.0,0.0,0.0,0.0,0.0,0.0,0.0,RECOVER
Wood,Damaged,Low,kg,2705.8,52.5,1.0,1.0,0.0,0.0,0.0,1.0,1.0,0.0,1.0,RECOVER
Gypsum,Severely Damaged,None,kg,2505.3,52.7,0.0,0.0,1.0,0.0,0.0,0.0,0.0,0.0,1.0,RECYCLE
Ceramic / Tiles,Damaged,Hazardous,tonnes,2979.5,41.5,1.0,4.0,0.0,1.0,0.0,0.0,0.0,1.0,0.0,DISPOSAL / SPECIALIZED HANDLING
Concrete,Excellent,None,cubic metres,3738.4,7.6,4.0,0.0,0.0,0.0,0.0,0.0,0.0,0.0,1.0,REUSE
Soil,Damaged,Moderate,tonnes,6036.6,34.4,1.0,2.0,0.0,0.0,0.0,0.0,0.0,0.0,1.0,RECYCLE
Gypsum,Damaged,Moderate,units,5498.7,32.9,1.0,2.0,1.0,0.0,0.0,0.0,1.0,0.0,1.0,RECYCLE
Wood,Good,None,units,7316.1,22.8,3.0,0.0,1.0,0.0,0.0,0.0,0.0,0.0,1.0,REPAIR
Mixed Construction Waste,Moderate,Moderate,tonnes,3074.3,21.4,2.0,2.0,0.0,0.0,0.0,0.0,0.0,0.0,1.0,RECOVER
Asphalt,Damaged,Low,kg,3888.4,49.7,1.0,1.0,1.0,1.0,0.0,0.0,0.0,0.0,1.0,RECYCLE
Wood,Moderate,Moderate,units,160.9,41.0,2.0,2.0,0.0,0.0,0.0,1.0,0.0,0.0,1.0,RECOVER
Wood,Damaged,Low,kg,5161.1,33.2,1.0,1.0,0.0,0.0,0.0,1.0,1.0,0.0,1.0,RECOVER
Asphalt,Damaged,None,tonnes,83.2,43.3,1.0,0.0,1.0,0.0,0.0,0.0,0.0,0.0,1.0,RECYCLE
Mixed Construction Waste,Moderate,Moderate,cubic metres,6079.8,54.4,2.0,2.0,0.0,0.0,0.0,0.0,0.0,0.0,1.0,RECOVER
Steel,Excellent,None,cubic metres,7740.7,2.1,4.0,0.0,0.0,0.0,0.0,0.0,0.0,0.0,1.0,REUSE
Steel,Good,None,kg,7196.3,2.0,3.0,0.0,0.0,0.0,0.0,0.0,0.0,0.0,1.0,REUSE
Concrete,Damaged,Low,units,5709.4,30.3,1.0,1.0,1.0,1.0,0.0,0.0,0.0,0.0,1.0,REPAIR
Ceramic / Tiles,Moderate,None,cubic metres,753.2,33.0,2.0,0.0,1.0,0.0,0.0,0.0,0.0,0.0,1.0,REPAIR
Concrete,Moderate,High,units,5493.6,27.7,2.0,3.0,1.0,0.0,0.0,0.0,0.0,1.0,0.0,DISPOSAL / SPECIALIZED HANDLING
Concrete,Excellent,None,cubic metres,2433.0,3.5,4.0,0.0,0.0,0.0,0.0,0.0,0.0,0.0,1.0,REUSE
Mixed Construction Waste,Severely Damaged,Moderate,units,2589.3,39.4,0.0,2.0,0.0,0.0,0.0,0.0,0.0,0.0,0.0,RECOVER
Brick,Excellent,None,tonnes,2241.4,3.7,4.0,0.0,0.0,0.0,0.0,0.0,0.0,0.0,1.0,REUSE
Glass,Moderate,Low,tonnes,106.7,52.1,2.0,1.0,1.0,0.0,0.0,0.0,0.0,0.0,1.0,RECYCLE
Brick,Damaged,None,kg,4950.9,40.1,1.0,0.0,0.0,0.0,0.0,0.0,0.0,0.0,1.0,RECYCLE
Concrete,Excellent,Hazardous,units,6981.8,16.4,4.0,4.0,1.0,1.0,0.0,0.0,0.0,1.0,0.0,DISPOSAL / SPECIALIZED HANDLING
Brick,Good,None,kg,4613.8,0.8,3.0,0.0,0.0,0.0,0.0,0.0,0.0,0.0,1.0,REUSE
Ceramic / Tiles,Damaged,Low,kg,7403.2,8.4,1.0,1.0,0.0,1.0,0.0,0.0,0.0,0.0,1.0,REPAIR
Steel,Good,None,tonnes,643.8,3.6,3.0,0.0,0.0,0.0,0.0,0.0,0.0,0.0,1.0,REUSE
Concrete,Moderate,None,tonnes,3413.3,52.8,2.0,0.0,0.0,0.0,0.0,0.0,0.0,0.0,1.0,RECYCLE
Asphalt,Damaged,Low,tonnes,169.2,31.6,1.0,1.0,0.0,0.0,0.0,0.0,0.0,0.0,1.0,RECYCLE
Concrete,Severely Damaged,None,kg,4623.1,77.7,0.0,0.0,0.0,0.0,0.0,0.0,0.0,0.0,1.0,RECYCLE
Asphalt,Damaged,Low,units,5820.0,69.6,1.0,1.0,1.0,1.0,0.0,0.0,0.0,0.0,1.0,RECYCLE
Ceramic / Tiles,Good,Hazardous,cubic metres,5796.2,31.7,3.0,4.0,1.0,1.0,0.0,0.0,0.0,1.0,0.0,DISPOSAL / SPECIALIZED HANDLING
Mixed Construction Waste,Moderate,Low,units,7061.5,27.8,2.0,1.0,0.0,0.0,0.0,0.0,0.0,0.0,0.0,RECOVER
Wood,Damaged,Moderate,tonnes,4712.5,35.2,1.0,2.0,0.0,0.0,0.0,1.0,0.0,0.0,1.0,RECOVER
Steel,Severely Damaged,High,units,4661.0,9.2,0.0,3.0,0.0,1.0,1.0,0.0,0.0,1.0,0.0,DISPOSAL / SPECIALIZED HANDLING
Gypsum,Damaged,Low,units,1493.6,30.4,1.0,1.0,0.0,0.0,0.0,0.0,0.0,0.0,1.0,RECOVER
Ceramic / Tiles,Excellent,None,kg,7583.3,4.9,4.0,0.0,0.0,0.0,0.0,0.0,0.0,0.0,1.0,REUSE
Plastic,Severely Damaged,High,tonnes,4255.7,64.7,0.0,3.0,0.0,0.0,0.0,0.0,0.0,1.0,0.0,DISPOSAL / SPECIALIZED HANDLING
Brick,Damaged,Moderate,tonnes,2262.8,64.6,1.0,2.0,0.0,1.0,0.0,0.0,0.0,0.0,1.0,RECYCLE
Glass,Damaged,None,cubic metres,388.9,56.0,1.0,0.0,0.0,0.0,0.0,0.0,0.0,0.0,1.0,RECYCLE
Brick,Severely Damaged,Low,units,1885.6,75.1,0.0,1.0,0.0,1.0,0.0,0.0,0.0,0.0,1.0,RECYCLE
Brick,Good,None,cubic metres,1641.4,5.6,3.0,0.0,0.0,0.0,0.0,0.0,0.0,0.0,1.0,REUSE
Glass,Excellent,None,tonnes,5064.5,5.1,4.0,0.0,0.0,0.0,0.0,0.0,0.0,0.0,1.0,REUSE
Plastic,Severely Damaged,Hazardous,cubic metres,5349.0,68.0,0.0,4.0,1.0,0.0,0.0,0.0,0.0,1.0,0.0,DISPOSAL / SPECIALIZED HANDLING
Plastic,Severely Damaged,Moderate,tonnes,1733.7,26.0,0.0,2.0,0.0,0.0,0.0,0.0,0.0,0.0,1.0,RECOVER
Glass,Excellent,None,tonnes,2945.6,4.2,4.0,0.0,0.0,0.0,0.0,0.0,0.0,0.0,1.0,REUSE
Steel,Damaged,Low,kg,7568.4,32.9,1.0,1.0,1.0,1.0,1.0,0.0,0.0,0.0,1.0,REPAIR
Asphalt,Damaged,None,tonnes,868.2,55.9,1.0,0.0,0.0,1.0,0.0,0.0,0.0,0.0,1.0,RECYCLE
Wood,Damaged,None,kg,3862.2,17.5,1.0,0.0,1.0,0.0,0.0,0.0,0.0,0.0,1.0,REPAIR
Ceramic / Tiles,Moderate,Low,kg,3044.0,23.7,2.0,1.0,1.0,0.0,0.0,0.0,0.0,0.0,1.0,REPAIR
Asphalt,Severely Damaged,None,kg,4036.9,76.7,0.0,0.0,0.0,0.0,0.0,0.0,0.0,0.0,1.0,RECYCLE
Brick,Good,None,cubic metres,1329.2,15.3,3.0,0.0,1.0,0.0,0.0,0.0,0.0,0.0,1.0,REPAIR
Asphalt,Severely Damaged,Moderate,cubic metres,7765.4,45.6,0.0,2.0,1.0,0.0,0.0,0.0,0.0,0.0,1.0,RECYCLE
Brick,Excellent,High,kg,4871.3,47.4,4.0,3.0,1.0,1.0,0.0,0.0,0.0,1.0,0.0,DISPOSAL / SPECIALIZED HANDLING
Brick,Moderate,None,units,2115.2,18.5,2.0,0.0,1.0,0.0,0.0,0.0,0.0,0.0,1.0,REPAIR
Plastic,Moderate,Low,kg,1224.1,23.2,2.0,1.0,0.0,0.0,0.0,0.0,0.0,0.0,1.0,RECOVER
Plastic,Damaged,Low,kg,7638.1,49.8,1.0,1.0,0.0,0.0,0.0,0.0,0.0,0.0,1.0,RECOVER
Brick,Excellent,None,kg,5408.1,6.0,4.0,0.0,0.0,0.0,0.0,0.0,0.0,0.0,1.0,REUSE
Ceramic / Tiles,Excellent,None,kg,4449.2,2.2,4.0,0.0,0.0,0.0,0.0,0.0,0.0,0.0,1.0,REUSE
Wood,Moderate,Moderate,kg,7004.1,36.3,2.0,2.0,0.0,0.0,0.0,1.0,0.0,0.0,1.0,RECOVER
Concrete,Damaged,Low,cubic metres,1591.8,45.3,1.0,1.0,0.0,0.0,0.0,0.0,0.0,0.0,1.0,RECYCLE
Steel,Damaged,Low,cubic metres,7795.4,22.4,1.0,1.0,1.0,1.0,1.0,0.0,0.0,0.0,1.0,REPAIR
Wood,Damaged,High,units,2459.0,80.0,1.0,3.0,0.0,0.0,0.0,0.0,0.0,1.0,0.0,DISPOSAL / SPECIALIZED HANDLING
Glass,Excellent,None,units,1924.4,3.2,4.0,0.0,0.0,0.0,0.0,0.0,0.0,0.0,1.0,REUSE
Mixed Construction Waste,Severely Damaged,Moderate,units,5121.2,25.2,0.0,2.0,0.0,0.0,0.0,0.0,0.0,0.0,1.0,RECOVER
Steel,Damaged,Low,cubic metres,1960.9,20.6,1.0,1.0,1.0,1.0,1.0,0.0,0.0,0.0,1.0,REPAIR
Concrete,Moderate,None,cubic metres,1470.8,17.4,2.0,0.0,1.0,0.0,0.0,0.0,0.0,0.0,1.0,REPAIR
Steel,Excellent,None,kg,6216.3,3.5,4.0,0.0,0.0,0.0,0.0,0.0,0.0,0.0,1.0,REUSE
Steel,Moderate,Low,tonnes,3004.1,26.3,2.0,1.0,1.0,0.0,0.0,0.0,0.0,0.0,1.0,REPAIR
Steel,Moderate,Hazardous,units,3276.8,34.4,2.0,4.0,1.0,1.0,1.0,0.0,0.0,1.0,0.0,DISPOSAL / SPECIALIZED HANDLING
Ceramic / Tiles,Damaged,None,tonnes,6069.8,16.9,1.0,0.0,1.0,1.0,0.0,0.0,0.0,0.0,1.0,REPAIR
Asphalt,Damaged,Moderate,units,6032.6,57.0,1.0,2.0,0.0,0.0,0.0,0.0,0.0,0.0,1.0,RECOVER
Ceramic / Tiles,Good,Low,tonnes,6853.0,5.2,3.0,1.0,1.0,0.0,0.0,0.0,0.0,0.0,1.0,REPAIR
Ceramic / Tiles,Excellent,None,kg,400.1,1.8,4.0,0.0,0.0,0.0,0.0,0.0,0.0,0.0,1.0,REUSE
Ceramic / Tiles,Good,None,cubic metres,6607.5,1.7,3.0,0.0,0.0,0.0,0.0,0.0,0.0,0.0,1.0,REUSE
Concrete,Damaged,Low,cubic metres,2881.0,27.7,1.0,1.0,1.0,1.0,0.0,0.0,0.0,0.0,1.0,REPAIR
Brick,Good,Low,units,6053.1,29.9,3.0,1.0,1.0,0.0,0.0,0.0,0.0,0.0,1.0,REPAIR
Steel,Severely Damaged,Hazardous,units,5328.9,70.1,0.0,4.0,1.0,1.0,1.0,0.0,0.0,1.0,0.0,DISPOSAL / SPECIALIZED HANDLING
Glass,Moderate,Moderate,kg,7149.6,60.0,2.0,2.0,1.0,0.0,0.0,0.0,0.0,0.0,1.0,RECYCLE
Glass,Good,Hazardous,cubic metres,4491.1,35.4,3.0,4.0,0.0,0.0,0.0,0.0,0.0,1.0,0.0,DISPOSAL / SPECIALIZED HANDLING
Asphalt,Moderate,Low,tonnes,5527.8,47.3,2.0,1.0,0.0,0.0,0.0,0.0,0.0,0.0,1.0,RECOVER
Concrete,Good,High,tonnes,3469.2,20.6,3.0,3.0,1.0,0.0,0.0,0.0,0.0,1.0,0.0,DISPOSAL / SPECIALIZED HANDLING
Mixed Construction Waste,Moderate,Low,kg,3986.9,59.4,2.0,1.0,0.0,0.0,0.0,0.0,0.0,0.0,1.0,RECOVER
Glass,Good,None,tonnes,6334.5,3.1,3.0,0.0,0.0,0.0,0.0,0.0,0.0,0.0,1.0,REUSE
Gypsum,Severely Damaged,None,kg,1370.5,29.7,0.0,0.0,1.0,0.0,0.0,0.0,0.0,0.0,1.0,RECYCLE
Mixed Construction Waste,Moderate,Low,kg,4816.6,54.0,2.0,1.0,0.0,0.0,0.0,0.0,0.0,0.0,0.0,RECOVER
Gypsum,Damaged,Moderate,units,7610.9,70.9,1.0,2.0,1.0,0.0,0.0,0.0,0.0,0.0,1.0,RECYCLE
Mixed Construction Waste,Damaged,Low,cubic metres,5292.3,35.0,1.0,1.0,0.0,0.0,0.0,0.0,0.0,0.0,1.0,RECOVER
Concrete,Good,None,units,7860.0,0.8,3.0,0.0,0.0,0.0,0.0,0.0,0.0,0.0,1.0,REUSE
Wood,Good,Hazardous,units,4278.6,27.5,3.0,4.0,0.0,0.0,0.0,0.0,0.0,1.0,0.0,DISPOSAL / SPECIALIZED HANDLING
Ceramic / Tiles,Good,Low,tonnes,5952.2,29.4,3.0,1.0,1.0,0.0,0.0,0.0,0.0,0.0,1.0,REPAIR
Plastic,Severely Damaged,Moderate,units,3659.7,24.0,0.0,2.0,0.0,0.0,0.0,0.0,0.0,0.0,1.0,RECOVER
Gypsum,Damaged,Hazardous,kg,5979.6,53.7,1.0,4.0,0.0,1.0,0.0,0.0,0.0,1.0,0.0,DISPOSAL / SPECIALIZED HANDLING
Wood,Severely Damaged,Low,tonnes,3749.0,59.6,0.0,1.0,0.0,0.0,0.0,1.0,1.0,0.0,1.0,RECOVER
Brick,Damaged,Low,cubic metres,5298.8,59.0,1.0,1.0,1.0,0.0,0.0,0.0,0.0,0.0,1.0,RECYCLE
Glass,Good,High,tonnes,7300.8,82.9,3.0,3.0,0.0,1.0,0.0,0.0,0.0,1.0,0.0,DISPOSAL / SPECIALIZED HANDLING
Glass,Damaged,None,tonnes,873.3,25.8,1.0,0.0,1.0,0.0,0.0,0.0,0.0,0.0,1.0,REPAIR
Concrete,Excellent,Hazardous,kg,4406.4,71.4,4.0,4.0,0.0,1.0,0.0,0.0,0.0,1.0,0.0,DISPOSAL / SPECIALIZED HANDLING
Soil,Moderate,High,tonnes,421.0,15.4,2.0,3.0,0.0,0.0,0.0,0.0,0.0,1.0,0.0,DISPOSAL / SPECIALIZED HANDLING
Ceramic / Tiles,Good,None,kg,1519.0,0.7,3.0,0.0,0.0,0.0,0.0,0.0,0.0,0.0,1.0,REUSE
Concrete,Excellent,None,cubic metres,4215.5,3.5,4.0,0.0,0.0,0.0,0.0,0.0,0.0,0.0,1.0,REUSE
Soil,Severely Damaged,Moderate,cubic metres,5739.4,45.6,0.0,2.0,1.0,0.0,0.0,0.0,1.0,0.0,1.0,RECYCLE
Brick,Moderate,Low,cubic metres,7983.8,28.6,2.0,1.0,1.0,0.0,0.0,0.0,0.0,0.0,1.0,REPAIR
Soil,Excellent,Hazardous,units,4304.1,87.3,4.0,4.0,1.0,1.0,0.0,0.0,0.0,1.0,0.0,DISPOSAL / SPECIALIZED HANDLING
Concrete,Severely Damaged,High,cubic metres,2980.1,81.7,0.0,3.0,0.0,0.0,0.0,0.0,0.0,1.0,0.0,DISPOSAL / SPECIALIZED HANDLING
Mixed Construction Waste,Severely Damaged,Low,units,1983.7,42.3,0.0,1.0,0.0,0.0,0.0,0.0,0.0,0.0,1.0,RECOVER
Brick,Damaged,Low,tonnes,6895.7,19.1,1.0,1.0,1.0,1.0,0.0,0.0,0.0,0.0,1.0,REPAIR
Plastic,Damaged,Hazardous,tonnes,3259.0,82.3,1.0,4.0,0.0,0.0,0.0,0.0,0.0,1.0,0.0,DISPOSAL / SPECIALIZED HANDLING
Soil,Good,High,units,7154.4,48.9,3.0,3.0,1.0,1.0,0.0,0.0,0.0,1.0,0.0,DISPOSAL / SPECIALIZED HANDLING
Ceramic / Tiles,Damaged,Low,tonnes,1197.0,29.2,1.0,1.0,1.0,1.0,0.0,0.0,0.0,0.0,1.0,REPAIR
Wood,Good,Low,tonnes,367.5,5.2,3.0,1.0,1.0,0.0,0.0,0.0,0.0,0.0,1.0,REPAIR
Plastic,Damaged,Hazardous,kg,5075.3,63.9,1.0,4.0,0.0,1.0,0.0,0.0,0.0,1.0,0.0,DISPOSAL / SPECIALIZED HANDLING
Plastic,Severely Damaged,Low,kg,341.1,32.0,0.0,1.0,0.0,0.0,0.0,0.0,0.0,0.0,1.0,RECOVER
Concrete,Damaged,Moderate,tonnes,2127.6,63.9,1.0,2.0,0.0,1.0,0.0,0.0,0.0,0.0,1.0,RECYCLE
Ceramic / Tiles,Excellent,None,tonnes,4798.1,5.3,4.0,0.0,0.0,0.0,0.0,0.0,0.0,0.0,1.0,REUSE
Asphalt,Good,High,cubic metres,6997.1,57.5,3.0,3.0,0.0,0.0,0.0,0.0,0.0,1.0,0.0,DISPOSAL / SPECIALIZED HANDLING
Glass,Moderate,Hazardous,tonnes,1092.5,52.8,2.0,4.0,1.0,0.0,0.0,0.0,0.0,1.0,0.0,DISPOSAL / SPECIALIZED HANDLING
Gypsum,Damaged,Moderate,units,2427.7,60.8,1.0,2.0,0.0,0.0,0.0,0.0,0.0,0.0,1.0,RECOVER
Ceramic / Tiles,Good,None,units,6920.8,5.4,3.0,0.0,0.0,0.0,0.0,0.0,0.0,0.0,1.0,REUSE
Steel,Excellent,High,kg,5704.3,67.4,4.0,3.0,1.0,1.0,1.0,0.0,0.0,1.0,0.0,DISPOSAL / SPECIALIZED HANDLING
Soil,Damaged,Moderate,units,730.0,79.6,1.0,2.0,0.0,1.0,0.0,0.0,0.0,0.0,1.0,RECYCLE
Ceramic / Tiles,Excellent,None,cubic metres,1832.7,1.2,4.0,0.0,0.0,0.0,0.0,0.0,0.0,0.0,1.0,REUSE
Steel,Damaged,High,kg,7920.7,50.8,1.0,3.0,1.0,0.0,1.0,0.0,0.0,1.0,0.0,DISPOSAL / SPECIALIZED HANDLING
Glass,Damaged,None,kg,1461.2,77.9,1.0,0.0,1.0,0.0,0.0,0.0,0.0,0.0,1.0,RECYCLE
Steel,Excellent,None,cubic metres,4259.0,6.5,4.0,0.0,0.0,0.0,0.0,0.0,0.0,0.0,1.0,REUSE
Asphalt,Moderate,Low,units,5938.6,50.7,2.0,1.0,0.0,0.0,0.0,0.0,0.0,0.0,1.0,RECOVER
Gypsum,Severely Damaged,Low,cubic metres,3089.9,78.8,0.0,1.0,1.0,0.0,0.0,0.0,0.0,0.0,1.0,RECYCLE
Glass,Good,Low,units,5033.1,10.5,3.0,1.0,1.0,0.0,0.0,0.0,0.0,0.0,1.0,REPAIR
Steel,Moderate,Hazardous,cubic metres,3720.7,49.2,2.0,4.0,1.0,1.0,1.0,0.0,0.0,1.0,0.0,DISPOSAL / SPECIALIZED HANDLING
Concrete,Good,None,kg,4199.6,8.4,3.0,0.0,1.0,0.0,0.0,0.0,0.0,0.0,1.0,REPAIR
Mixed Construction Waste,Moderate,Low,cubic metres,6964.8,26.2,2.0,1.0,0.0,0.0,0.0,0.0,0.0,0.0,1.0,RECOVER
Brick,Good,None,cubic metres,3836.0,10.0,3.0,0.0,1.0,0.0,0.0,0.0,0.0,0.0,1.0,REPAIR
Mixed Construction Waste,Moderate,High,kg,4631.0,38.5,2.0,3.0,0.0,1.0,0.0,0.0,0.0,1.0,0.0,DISPOSAL / SPECIALIZED HANDLING
Plastic,Damaged,Moderate,tonnes,4695.8,28.3,1.0,2.0,0.0,0.0,0.0,0.0,0.0,0.0,1.0,RECOVER
Gypsum,Damaged,None,tonnes,7309.5,33.7,1.0,0.0,1.0,0.0,0.0,0.0,1.0,0.0,1.0,RECYCLE
Steel,Moderate,None,tonnes,2895.5,23.3,2.0,0.0,1.0,0.0,1.0,0.0,0.0,0.0,1.0,REPAIR
Steel,Good,None,units,3523.8,1.0,3.0,0.0,0.0,0.0,0.0,0.0,0.0,0.0,1.0,REUSE
Brick,Damaged,None,tonnes,3061.5,62.8,1.0,0.0,1.0,1.0,0.0,0.0,0.0,0.0,1.0,RECYCLE
Wood,Moderate,Low,kg,5180.9,26.5,2.0,1.0,1.0,0.0,0.0,0.0,0.0,0.0,1.0,REPAIR
Plastic,Good,High,kg,5476.6,73.6,3.0,3.0,1.0,1.0,0.0,0.0,0.0,1.0,0.0,DISPOSAL / SPECIALIZED HANDLING
Glass,Good,None,tonnes,637.2,5.4,3.0,0.0,0.0,0.0,0.0,0.0,0.0,0.0,1.0,REUSE
Gypsum,Severely Damaged,Moderate,kg,2311.7,49.6,0.0,2.0,0.0,0.0,0.0,0.0,1.0,0.0,1.0,RECOVER
Gypsum,Severely Damaged,Moderate,cubic metres,6446.9,51.8,0.0,2.0,1.0,1.0,0.0,0.0,0.0,0.0,1.0,RECYCLE
Ceramic / Tiles,Severely Damaged,High,units,1055.5,86.6,0.0,3.0,0.0,0.0,0.0,0.0,0.0,1.0,0.0,DISPOSAL / SPECIALIZED HANDLING
Soil,Good,Hazardous,tonnes,1878.7,13.1,3.0,4.0,0.0,0.0,0.0,0.0,0.0,1.0,0.0,DISPOSAL / SPECIALIZED HANDLING
Brick,Damaged,Moderate,cubic metres,798.2,72.7,1.0,2.0,1.0,1.0,0.0,0.0,0.0,0.0,1.0,RECYCLE
Ceramic / Tiles,Good,None,tonnes,4011.2,1.5,3.0,0.0,0.0,0.0,0.0,0.0,0.0,0.0,1.0,REUSE
Gypsum,Severely Damaged,None,units,3607.5,67.3,0.0,0.0,0.0,1.0,0.0,0.0,1.0,0.0,1.0,RECYCLE
Glass,Moderate,None,cubic metres,6418.7,8.6,2.0,0.0,1.0,0.0,0.0,0.0,0.0,0.0,1.0,REPAIR
Asphalt,Severely Damaged,Moderate,tonnes,3661.1,46.4,0.0,2.0,0.0,0.0,0.0,0.0,0.0,0.0,1.0,RECOVER
Gypsum,Moderate,Moderate,units,7502.6,43.9,2.0,2.0,0.0,0.0,0.0,0.0,0.0,0.0,1.0,RECOVER
Brick,Damaged,None,tonnes,7487.2,46.8,1.0,0.0,0.0,1.0,0.0,0.0,0.0,0.0,1.0,RECYCLE
Brick,Excellent,None,cubic metres,1267.8,7.7,4.0,0.0,0.0,0.0,0.0,0.0,0.0,0.0,1.0,REUSE
Steel,Excellent,Hazardous,cubic metres,4173.1,23.9,4.0,4.0,1.0,1.0,1.0,0.0,0.0,1.0,0.0,DISPOSAL / SPECIALIZED HANDLING
Concrete,Good,None,units,1947.1,9.2,3.0,0.0,1.0,0.0,0.0,0.0,0.0,0.0,1.0,REPAIR
Steel,Good,None,tonnes,5510.2,3.0,3.0,0.0,0.0,0.0,0.0,0.0,0.0,0.0,1.0,REUSE
Concrete,Moderate,None,kg,4521.8,56.6,2.0,0.0,1.0,0.0,0.0,0.0,0.0,0.0,1.0,RECYCLE
Concrete,Excellent,None,tonnes,6688.0,0.2,4.0,0.0,0.0,0.0,0.0,0.0,0.0,0.0,1.0,REUSE
Asphalt,Severely Damaged,Low,units,4043.3,56.5,0.0,1.0,0.0,0.0,0.0,0.0,0.0,0.0,1.0,RECOVER
Wood,Excellent,High,units,6188.8,60.2,4.0,3.0,0.0,1.0,0.0,0.0,0.0,1.0,0.0,DISPOSAL / SPECIALIZED HANDLING
Ceramic / Tiles,Good,None,tonnes,5198.8,7.3,3.0,0.0,0.0,0.0,0.0,0.0,0.0,0.0,1.0,REUSE
Glass,Excellent,None,units,2095.7,4.0,4.0,0.0,0.0,0.0,0.0,0.0,0.0,0.0,1.0,REUSE
Soil,Moderate,High,tonnes,6457.3,79.5,2.0,3.0,0.0,1.0,0.0,0.0,0.0,1.0,0.0,DISPOSAL / SPECIALIZED HANDLING
Brick,Damaged,Moderate,kg,5061.8,70.6,1.0,2.0,0.0,0.0,0.0,0.0,0.0,0.0,1.0,RECYCLE
Asphalt,Moderate,None,tonnes,1009.5,43.6,2.0,0.0,0.0,0.0,0.0,0.0,0.0,0.0,1.0,RECYCLE
Brick,Severely Damaged,Moderate,units,7178.4,77.5,0.0,2.0,0.0,0.0,0.0,0.0,0.0,0.0,1.0,RECYCLE
Brick,Good,None,units,7247.4,4.0,3.0,0.0,0.0,0.0,0.0,0.0,0.0,0.0,1.0,REUSE
Plastic,Severely Damaged,Low,units,7634.2,43.2,0.0,1.0,0.0,0.0,0.0,0.0,0.0,0.0,1.0,RECOVER
Gypsum,Moderate,Hazardous,tonnes,253.9,19.1,2.0,4.0,0.0,1.0,0.0,0.0,0.0,1.0,0.0,DISPOSAL / SPECIALIZED HANDLING
Glass,Damaged,None,units,7795.0,34.2,1.0,0.0,1.0,0.0,0.0,0.0,0.0,0.0,1.0,REPAIR
Steel,Moderate,None,kg,3434.3,6.2,2.0,0.0,1.0,0.0,1.0,0.0,0.0,0.0,1.0,REPAIR
Brick,Damaged,None,units,2255.3,77.7,1.0,0.0,1.0,0.0,0.0,0.0,0.0,0.0,1.0,RECYCLE
Concrete,Severely Damaged,Moderate,kg,4172.4,75.4,0.0,2.0,0.0,1.0,0.0,0.0,0.0,0.0,1.0,RECYCLE
Brick,Excellent,High,units,7426.0,86.6,4.0,3.0,1.0,1.0,0.0,0.0,0.0,1.0,0.0,DISPOSAL / SPECIALIZED HANDLING
Glass,Damaged,Moderate,tonnes,7645.1,42.4,1.0,2.0,0.0,1.0,0.0,0.0,0.0,0.0,1.0,RECYCLE
Gypsum,Moderate,Moderate,kg,4878.6,48.4,2.0,2.0,1.0,0.0,0.0,0.0,0.0,0.0,1.0,RECYCLE
Gypsum,Moderate,Low,tonnes,3107.8,48.0,2.0,1.0,1.0,0.0,0.0,0.0,1.0,0.0,1.0,RECYCLE
Brick,Excellent,None,cubic metres,4870.2,4.5,4.0,0.0,0.0,0.0,0.0,0.0,0.0,0.0,1.0,REUSE
Concrete,Excellent,None,cubic metres,302.3,7.9,4.0,0.0,0.0,0.0,0.0,0.0,0.0,0.0,1.0,REUSE
Concrete,Moderate,Hazardous,cubic metres,3090.2,55.7,2.0,4.0,1.0,1.0,0.0,0.0,0.0,1.0,0.0,DISPOSAL / SPECIALIZED HANDLING
Ceramic / Tiles,Severely Damaged,High,kg,1429.8,67.6,0.0,3.0,0.0,1.0,0.0,0.0,0.0,1.0,0.0,DISPOSAL / SPECIALIZED HANDLING
Gypsum,Damaged,Low,cubic metres,3689.7,58.7,1.0,1.0,1.0,0.0,0.0,0.0,0.0,0.0,1.0,RECYCLE
Concrete,Excellent,None,units,7979.5,1.9,4.0,0.0,0.0,0.0,0.0,0.0,0.0,0.0,1.0,REUSE
Soil,Severely Damaged,Low,tonnes,5803.5,65.7,0.0,1.0,1.0,1.0,0.0,0.0,1.0,0.0,1.0,RECYCLE
Brick,Severely Damaged,Low,cubic metres,6698.8,60.7,0.0,1.0,1.0,0.0,0.0,0.0,0.0,0.0,1.0,RECYCLE
Gypsum,Severely Damaged,Low,tonnes,3272.4,41.4,0.0,1.0,0.0,0.0,0.0,0.0,1.0,0.0,1.0,RECYCLE
Concrete,Damaged,None,kg,2893.7,27.7,1.0,0.0,1.0,1.0,0.0,0.0,0.0,0.0,1.0,REPAIR
Concrete,Moderate,None,tonnes,3597.0,48.4,2.0,0.0,0.0,0.0,0.0,0.0,0.0,0.0,1.0,RECYCLE
Gypsum,Moderate,Low,kg,5905.2,67.5,2.0,1.0,0.0,0.0,0.0,0.0,0.0,0.0,1.0,RECOVER
Mixed Construction Waste,Excellent,High,cubic metres,5272.0,59.8,4.0,3.0,0.0,1.0,0.0,0.0,0.0,1.0,0.0,DISPOSAL / SPECIALIZED HANDLING
Asphalt,Moderate,Moderate,cubic metres,6010.4,55.7,2.0,2.0,0.0,0.0,0.0,0.0,0.0,0.0,1.0,RECOVER
Ceramic / Tiles,Moderate,Low,tonnes,4183.6,28.2,2.0,1.0,1.0,0.0,0.0,0.0,0.0,0.0,1.0,REPAIR
Concrete,Moderate,Moderate,tonnes,1583.8,65.8,2.0,2.0,0.0,0.0,0.0,0.0,0.0,0.0,1.0,RECYCLE
Mixed Construction Waste,Severely Damaged,Low,tonnes,1996.7,64.2,0.0,1.0,0.0,0.0,0.0,0.0,0.0,0.0,1.0,RECOVER
Glass,Damaged,Low,cubic metres,6788.7,34.7,1.0,1.0,1.0,1.0,0.0,0.0,0.0,0.0,1.0,REPAIR
Ceramic / Tiles,Good,None,cubic metres,7182.8,6.6,3.0,0.0,0.0,0.0,0.0,0.0,0.0,0.0,1.0,REUSE
Brick,Excellent,High,kg,5647.4,82.5,4.0,3.0,0.0,0.0,0.0,0.0,0.0,1.0,0.0,DISPOSAL / SPECIALIZED HANDLING
Ceramic / Tiles,Severely Damaged,High,tonnes,7528.6,58.4,0.0,3.0,0.0,0.0,0.0,0.0,0.0,1.0,0.0,DISPOSAL / SPECIALIZED HANDLING
Wood,Moderate,None,cubic metres,5069.3,30.8,2.0,0.0,1.0,0.0,0.0,0.0,0.0,0.0,1.0,REPAIR
Glass,Good,None,tonnes,4028.8,19.2,3.0,0.0,1.0,0.0,0.0,0.0,0.0,0.0,1.0,REPAIR
Mixed Construction Waste,Severely Damaged,High,units,6599.9,52.5,0.0,3.0,0.0,1.0,0.0,0.0,0.0,1.0,0.0,DISPOSAL / SPECIALIZED HANDLING
Asphalt,Excellent,High,cubic metres,2259.5,11.1,4.0,3.0,1.0,0.0,0.0,0.0,0.0,1.0,0.0,DISPOSAL / SPECIALIZED HANDLING
Plastic,Moderate,Low,kg,4973.3,68.6,2.0,1.0,0.0,0.0,0.0,0.0,0.0,0.0,1.0,RECOVER
Gypsum,Moderate,Moderate,tonnes,6861.4,76.4,2.0,2.0,0.0,0.0,0.0,0.0,1.0,0.0,1.0,RECYCLE
Soil,Damaged,Low,tonnes,3792.8,28.8,1.0,1.0,1.0,0.0,0.0,0.0,1.0,0.0,1.0,RECYCLE
Steel,Damaged,Low,units,3395.9,19.2,1.0,1.0,0.0,1.0,1.0,0.0,0.0,0.0,1.0,REPAIR
Mixed Construction Waste,Damaged,Moderate,tonnes,7219.8,51.7,1.0,2.0,0.0,0.0,0.0,0.0,0.0,0.0,1.0,RECOVER
Steel,Good,None,tonnes,461.7,0.7,3.0,0.0,0.0,0.0,0.0,0.0,0.0,0.0,1.0,REUSE
Concrete,Moderate,Low,cubic metres,5004.8,31.8,2.0,1.0,1.0,0.0,0.0,0.0,0.0,0.0,1.0,REPAIR
Brick,Damaged,Low,units,3763.0,51.5,1.0,1.0,1.0,0.0,0.0,0.0,0.0,0.0,1.0,RECYCLE
Steel,Damaged,Low,kg,344.5,20.0,1.0,1.0,1.0,1.0,1.0,0.0,0.0,0.0,1.0,REPAIR
Concrete,Moderate,Low,units,2437.3,28.7,2.0,1.0,1.0,0.0,0.0,0.0,0.0,0.0,1.0,REPAIR
Steel,Damaged,Low,kg,2297.5,23.7,1.0,1.0,1.0,0.0,1.0,0.0,0.0,0.0,1.0,REPAIR
Glass,Damaged,Low,tonnes,1634.1,17.4,1.0,1.0,1.0,1.0,0.0,0.0,0.0,0.0,1.0,REPAIR
Steel,Good,Low,cubic metres,6620.8,16.6,3.0,1.0,0.0,0.0,1.0,0.0,0.0,0.0,1.0,REPAIR
Concrete,Severely Damaged,None,units,7186.2,29.2,0.0,0.0,1.0,0.0,0.0,0.0,0.0,0.0,1.0,RECYCLE
Asphalt,Damaged,High,kg,7896.1,84.0,1.0,3.0,1.0,0.0,0.0,0.0,0.0,1.0,0.0,DISPOSAL / SPECIALIZED HANDLING
Steel,Good,None,tonnes,4233.2,8.0,3.0,0.0,0.0,0.0,1.0,0.0,0.0,0.0,1.0,REPAIR
Ceramic / Tiles,Excellent,None,units,865.7,4.4,4.0,0.0,0.0,0.0,0.0,0.0,0.0,0.0,1.0,REUSE
Plastic,Moderate,Low,units,566.4,24.1,2.0,1.0,0.0,0.0,0.0,0.0,0.0,0.0,1.0,RECOVER
Glass,Good,None,cubic metres,2745.3,7.2,3.0,0.0,0.0,0.0,0.0,0.0,0.0,0.0,1.0,REUSE
Ceramic / Tiles,Good,Hazardous,kg,1177.0,37.7,3.0,4.0,1.0,0.0,0.0,0.0,0.0,1.0,0.0,DISPOSAL / SPECIALIZED HANDLING
Wood,Severely Damaged,Moderate,cubic metres,1806.7,64.5,0.0,2.0,0.0,0.0,0.0,0.0,0.0,0.0,1.0,RECOVER
Gypsum,Severely Damaged,Moderate,kg,3070.7,72.2,0.0,2.0,0.0,0.0,0.0,0.0,1.0,0.0,1.0,RECOVER
Gypsum,Severely Damaged,Moderate,units,162.8,33.0,0.0,2.0,1.0,1.0,0.0,0.0,1.0,0.0,1.0,RECYCLE
Mixed Construction Waste,Moderate,Low,kg,5425.7,61.9,2.0,1.0,0.0,0.0,0.0,0.0,0.0,0.0,1.0,RECOVER
Ceramic / Tiles,Good,None,tonnes,3936.7,32.7,3.0,0.0,1.0,0.0,0.0,0.0,0.0,0.0,1.0,REPAIR
Glass,Good,None,tonnes,3987.9,7.9,3.0,0.0,0.0,0.0,0.0,0.0,0.0,0.0,1.0,REUSE
Steel,Excellent,None,tonnes,5995.4,4.1,4.0,0.0,0.0,0.0,0.0,0.0,0.0,0.0,1.0,REUSE
Asphalt,Moderate,Low,units,6733.4,72.7,2.0,1.0,0.0,0.0,0.0,0.0,0.0,0.0,1.0,RECOVER
Brick,Good,High,tonnes,1301.4,4.4,3.0,3.0,0.0,0.0,0.0,0.0,0.0,1.0,0.0,DISPOSAL / SPECIALIZED HANDLING
Ceramic / Tiles,Excellent,None,units,6192.8,6.9,4.0,0.0,0.0,0.0,0.0,0.0,0.0,0.0,1.0,REUSE
Concrete,Moderate,Moderate,kg,3996.4,25.9,2.0,2.0,1.0,0.0,0.0,0.0,0.0,0.0,1.0,RECYCLE
Glass,Severely Damaged,High,cubic metres,6743.8,18.4,0.0,3.0,0.0,0.0,0.0,0.0,0.0,1.0,0.0,DISPOSAL / SPECIALIZED HANDLING
Brick,Moderate,Hazardous,tonnes,2020.1,89.8,2.0,4.0,1.0,1.0,0.0,0.0,0.0,1.0,0.0,DISPOSAL / SPECIALIZED HANDLING
Mixed Construction Waste,Severely Damaged,Moderate,kg,5166.8,41.8,0.0,2.0,0.0,0.0,0.0,0.0,0.0,0.0,1.0,RECOVER
Wood,Good,Hazardous,tonnes,2390.7,9.8,3.0,4.0,1.0,1.0,0.0,0.0,0.0,1.0,0.0,DISPOSAL / SPECIALIZED HANDLING
Gypsum,Severely Damaged,Hazardous,tonnes,528.6,53.2,0.0,4.0,0.0,0.0,0.0,0.0,0.0,1.0,0.0,DISPOSAL / SPECIALIZED HANDLING
Plastic,Severely Damaged,Low,tonnes,6142.9,37.8,0.0,1.0,0.0,0.0,0.0,0.0,0.0,0.0,1.0,RECOVER
Ceramic / Tiles,Damaged,High,cubic metres,3999.8,6.4,1.0,3.0,1.0,0.0,0.0,0.0,0.0,1.0,0.0,DISPOSAL / SPECIALIZED HANDLING
Concrete,Moderate,Low,kg,2313.0,16.6,2.0,1.0,1.0,0.0,0.0,0.0,0.0,0.0,1.0,REPAIR
Brick,Moderate,None,tonnes,4155.1,8.3,2.0,0.0,1.0,0.0,0.0,0.0,0.0,0.0,1.0,REPAIR
Steel,Good,None,cubic metres,1012.0,7.2,3.0,0.0,0.0,0.0,0.0,0.0,0.0,0.0,1.0,REUSE
Asphalt,Damaged,High,cubic metres,7089.2,53.9,1.0,3.0,0.0,0.0,0.0,0.0,0.0,1.0,0.0,DISPOSAL / SPECIALIZED HANDLING
Mixed Construction Waste,Severely Damaged,High,cubic metres,2664.1,18.3,0.0,3.0,1.0,1.0,0.0,0.0,0.0,1.0,0.0,DISPOSAL / SPECIALIZED HANDLING
Wood,Damaged,None,tonnes,3469.0,30.9,1.0,0.0,0.0,1.0,0.0,1.0,0.0,0.0,1.0,REPAIR
Gypsum,Severely Damaged,Moderate,tonnes,2889.7,60.2,0.0,2.0,0.0,0.0,0.0,0.0,0.0,0.0,1.0,RECYCLE
Glass,Moderate,None,tonnes,3564.4,64.3,2.0,0.0,1.0,0.0,0.0,0.0,0.0,0.0,1.0,RECYCLE
Steel,Good,None,units,5286.4,13.2,3.0,0.0,0.0,0.0,1.0,0.0,0.0,0.0,1.0,REPAIR
Plastic,Moderate,Moderate,kg,5594.2,69.8,2.0,2.0,0.0,0.0,0.0,0.0,0.0,0.0,1.0,RECOVER
Concrete,Severely Damaged,Low,units,3788.0,33.2,0.0,1.0,0.0,1.0,0.0,0.0,0.0,0.0,1.0,RECYCLE
Steel,Good,Low,tonnes,5708.9,13.5,3.0,1.0,1.0,0.0,1.0,0.0,0.0,0.0,1.0,REPAIR
Brick,Good,Low,tonnes,4901.9,7.1,3.0,1.0,1.0,0.0,0.0,0.0,0.0,0.0,1.0,REPAIR
Mixed Construction Waste,Moderate,Hazardous,cubic metres,1014.1,42.1,2.0,4.0,1.0,1.0,0.0,0.0,0.0,1.0,0.0,DISPOSAL / SPECIALIZED HANDLING
Plastic,Damaged,Hazardous,cubic metres,831.1,83.1,1.0,4.0,0.0,1.0,0.0,0.0,0.0,1.0,0.0,DISPOSAL / SPECIALIZED HANDLING
Soil,Moderate,None,cubic metres,7917.7,76.8,2.0,0.0,1.0,0.0,0.0,0.0,0.0,0.0,1.0,RECYCLE
Gypsum,Severely Damaged,Moderate,cubic metres,553.1,34.9,0.0,2.0,0.0,0.0,0.0,0.0,1.0,0.0,1.0,RECOVER
Steel,Moderate,None,kg,4002.3,30.1,2.0,0.0,0.0,0.0,1.0,0.0,0.0,0.0,1.0,REPAIR
Brick,Good,None,cubic metres,871.2,3.6,3.0,0.0,0.0,0.0,0.0,0.0,0.0,0.0,1.0,REUSE
Soil,Damaged,None,tonnes,6267.1,71.5,1.0,0.0,1.0,1.0,0.0,0.0,0.0,0.0,1.0,RECYCLE
Concrete,Good,Hazardous,tonnes,7883.7,57.0,3.0,4.0,1.0,0.0,0.0,0.0,0.0,1.0,0.0,DISPOSAL / SPECIALIZED HANDLING
Mixed Construction Waste,Moderate,Low,kg,4626.2,52.5,2.0,1.0,0.0,0.0,0.0,0.0,0.0,0.0,1.0,RECOVER
Concrete,Moderate,None,kg,4135.2,13.7,2.0,0.0,1.0,0.0,0.0,0.0,0.0,0.0,1.0,REPAIR
Concrete,Severely Damaged,Moderate,tonnes,3500.9,76.9,0.0,2.0,0.0,0.0,0.0,0.0,0.0,0.0,1.0,RECYCLE
Mixed Construction Waste,Damaged,Hazardous,cubic metres,7673.3,3.1,1.0,4.0,0.0,1.0,0.0,0.0,0.0,1.0,0.0,DISPOSAL / SPECIALIZED HANDLING
Ceramic / Tiles,Damaged,None,kg,3099.9,33.6,1.0,0.0,1.0,0.0,0.0,0.0,0.0,0.0,1.0,REPAIR
Plastic,Severely Damaged,Moderate,tonnes,923.1,41.2,0.0,2.0,0.0,0.0,0.0,0.0,0.0,0.0,1.0,RECOVER
Ceramic / Tiles,Good,None,cubic metres,5525.0,3.5,3.0,0.0,0.0,0.0,0.0,0.0,0.0,0.0,1.0,REUSE
Glass,Moderate,None,tonnes,4051.9,8.1,2.0,0.0,1.0,0.0,0.0,0.0,0.0,0.0,1.0,REPAIR
Wood,Moderate,Low,tonnes,1029.7,33.7,2.0,1.0,1.0,0.0,0.0,0.0,0.0,0.0,1.0,REPAIR
Concrete,Damaged,Low,units,6582.4,51.6,1.0,1.0,0.0,0.0,0.0,0.0,0.0,0.0,1.0,RECYCLE
Brick,Good,None,cubic metres,4620.5,18.6,3.0,0.0,1.0,0.0,0.0,0.0,0.0,0.0,1.0,REPAIR
Wood,Severely Damaged,Moderate,cubic metres,6067.5,70.2,0.0,2.0,0.0,0.0,0.0,1.0,1.0,0.0,1.0,RECOVER
Brick,Severely Damaged,Low,tonnes,6422.7,52.5,0.0,1.0,0.0,1.0,0.0,0.0,0.0,0.0,1.0,RECYCLE
Gypsum,Severely Damaged,Low,tonnes,3732.3,71.5,0.0,1.0,0.0,0.0,0.0,0.0,0.0,0.0,1.0,RECOVER
Asphalt,Excellent,Hazardous,kg,7786.5,39.1,4.0,4.0,0.0,1.0,0.0,0.0,0.0,1.0,0.0,DISPOSAL / SPECIALIZED HANDLING
Concrete,Excellent,None,tonnes,3273.1,3.7,4.0,0.0,0.0,0.0,0.0,0.0,0.0,0.0,1.0,REUSE
Glass,Good,None,cubic metres,204.1,6.7,3.0,0.0,0.0,0.0,0.0,0.0,0.0,0.0,1.0,REUSE
Brick,Good,None,tonnes,2987.7,7.0,3.0,0.0,0.0,0.0,0.0,0.0,0.0,0.0,1.0,REUSE
Wood,Damaged,Moderate,tonnes,4516.6,65.3,1.0,2.0,0.0,0.0,0.0,1.0,1.0,0.0,1.0,RECOVER
Mixed Construction Waste,Excellent,Hazardous,tonnes,1196.4,55.9,4.0,4.0,1.0,0.0,0.0,0.0,0.0,1.0,0.0,DISPOSAL / SPECIALIZED HANDLING
Concrete,Damaged,Low,kg,5596.3,20.7,1.0,1.0,1.0,0.0,0.0,0.0,0.0,0.0,1.0,REPAIR
Concrete,Good,Low,units,4949.0,10.1,3.0,1.0,1.0,0.0,0.0,0.0,0.0,0.0,1.0,REPAIR
Gypsum,Moderate,Hazardous,kg,857.1,83.4,2.0,4.0,1.0,0.0,0.0,0.0,0.0,1.0,0.0,DISPOSAL / SPECIALIZED HANDLING
Ceramic / Tiles,Good,None,kg,6790.7,6.2,3.0,0.0,0.0,0.0,0.0,0.0,0.0,0.0,1.0,REUSE
Concrete,Severely Damaged,High,kg,752.7,45.9,0.0,3.0,0.0,0.0,0.0,0.0,0.0,1.0,0.0,DISPOSAL / SPECIALIZED HANDLING
Brick,Damaged,Hazardous,kg,1133.2,14.5,1.0,4.0,0.0,0.0,0.0,0.0,0.0,1.0,0.0,DISPOSAL / SPECIALIZED HANDLING
Brick,Moderate,None,units,4953.7,18.0,2.0,0.0,1.0,0.0,0.0,0.0,0.0,0.0,1.0,REPAIR
Glass,Excellent,None,units,4946.5,3.5,4.0,0.0,0.0,0.0,0.0,0.0,0.0,0.0,1.0,REUSE
Steel,Damaged,Low,kg,932.2,27.1,1.0,1.0,0.0,1.0,1.0,0.0,0.0,0.0,1.0,REPAIR
Glass,Moderate,Low,units,6989.2,38.6,2.0,1.0,1.0,0.0,0.0,0.0,0.0,0.0,1.0,RECYCLE
Glass,Moderate,Moderate,cubic metres,2316.0,57.7,2.0,2.0,1.0,0.0,0.0,0.0,0.0,0.0,1.0,RECYCLE
Concrete,Excellent,Hazardous,kg,357.9,49.9,4.0,4.0,1.0,1.0,0.0,0.0,0.0,1.0,0.0,DISPOSAL / SPECIALIZED HANDLING
Asphalt,Severely Damaged,Moderate,cubic metres,601.6,21.4,0.0,2.0,0.0,0.0,0.0,0.0,0.0,0.0,1.0,RECOVER
Brick,Good,None,tonnes,104.3,2.6,3.0,0.0,0.0,0.0,0.0,0.0,0.0,0.0,1.0,REUSE
Ceramic / Tiles,Good,None,tonnes,4829.1,19.2,3.0,0.0,1.0,0.0,0.0,0.0,0.0,0.0,1.0,REPAIR
Ceramic / Tiles,Good,None,tonnes,5749.5,0.9,3.0,0.0,0.0,0.0,0.0,0.0,0.0,0.0,1.0,REUSE
Brick,Severely Damaged,Hazardous,tonnes,6610.1,0.0,0.0,4.0,0.0,1.0,0.0,0.0,0.0,1.0,0.0,DISPOSAL / SPECIALIZED HANDLING
Concrete,Moderate,Moderate,kg,6597.7,58.5,2.0,2.0,1.0,0.0,0.0,0.0,0.0,0.0,1.0,RECYCLE
Brick,Severely Damaged,Moderate,cubic metres,1493.0,48.9,0.0,2.0,0.0,0.0,0.0,0.0,0.0,0.0,1.0,RECYCLE
Concrete,Damaged,Hazardous,kg,2772.0,11.7,1.0,4.0,1.0,1.0,0.0,0.0,0.0,1.0,0.0,DISPOSAL / SPECIALIZED HANDLING
Glass,Good,None,tonnes,2792.5,6.2,3.0,0.0,0.0,0.0,0.0,0.0,0.0,0.0,1.0,REUSE
Plastic,Severely Damaged,Low,units,7207.8,72.1,0.0,1.0,0.0,0.0,0.0,0.0,0.0,0.0,1.0,RECOVER
Glass,Good,None,units,150.6,0.6,3.0,0.0,0.0,0.0,0.0,0.0,0.0,0.0,1.0,REUSE
Steel,Good,None,tonnes,7606.4,6.7,3.0,0.0,1.0,0.0,1.0,0.0,0.0,0.0,1.0,REPAIR
Glass,Severely Damaged,Low,tonnes,3863.3,69.5,0.0,1.0,0.0,1.0,0.0,0.0,0.0,0.0,1.0,RECYCLE
Soil,Moderate,None,tonnes,318.5,40.6,2.0,0.0,0.0,0.0,0.0,0.0,1.0,0.0,1.0,RECYCLE
Mixed Construction Waste,Damaged,Hazardous,tonnes,2567.4,30.6,1.0,4.0,1.0,0.0,0.0,0.0,0.0,1.0,0.0,DISPOSAL / SPECIALIZED HANDLING
Brick,Moderate,Low,kg,367.2,32.5,2.0,1.0,1.0,0.0,0.0,0.0,0.0,0.0,1.0,REPAIR
Steel,Good,None,kg,1633.5,16.5,3.0,0.0,1.0,0.0,1.0,0.0,0.0,0.0,1.0,REPAIR
Plastic,Severely Damaged,Low,kg,2637.5,33.5,0.0,1.0,0.0,0.0,0.0,0.0,0.0,0.0,1.0,RECOVER
Brick,Excellent,High,cubic metres,1692.3,29.5,4.0,3.0,1.0,0.0,0.0,0.0,0.0,1.0,0.0,DISPOSAL / SPECIALIZED HANDLING
Asphalt,Severely Damaged,Moderate,cubic metres,1657.1,55.2,0.0,2.0,0.0,0.0,0.0,0.0,0.0,0.0,1.0,RECOVER
Asphalt,Moderate,High,tonnes,4767.7,29.1,2.0,3.0,1.0,0.0,0.0,0.0,0.0,1.0,0.0,DISPOSAL / SPECIALIZED HANDLING
Mixed Construction Waste,Damaged,Low,units,6370.3,70.6,1.0,1.0,0.0,0.0,0.0,0.0,0.0,0.0,1.0,RECOVER
Ceramic / Tiles,Damaged,High,cubic metres,678.7,50.9,1.0,3.0,1.0,1.0,0.0,0.0,0.0,1.0,0.0,DISPOSAL / SPECIALIZED HANDLING
Asphalt,Damaged,Low,units,4022.5,58.9,1.0,1.0,0.0,0.0,0.0,0.0,0.0,0.0,1.0,RECOVER
Glass,Moderate,None,units,1549.1,28.9,2.0,0.0,1.0,0.0,0.0,0.0,0.0,0.0,1.0,REPAIR
Brick,Good,None,tonnes,1928.3,2.8,3.0,0.0,0.0,0.0,0.0,0.0,0.0,0.0,1.0,REUSE
Wood,Moderate,None,units,1537.9,14.8,2.0,0.0,1.0,0.0,0.0,0.0,0.0,0.0,1.0,REPAIR
Ceramic / Tiles,Good,High,tonnes,3670.0,34.2,3.0,3.0,0.0,0.0,0.0,0.0,0.0,1.0,0.0,DISPOSAL / SPECIALIZED HANDLING
Ceramic / Tiles,Damaged,None,units,5528.7,29.0,1.0,0.0,1.0,1.0,0.0,0.0,0.0,0.0,1.0,REPAIR
Concrete,Damaged,Moderate,units,5324.1,43.5,1.0,2.0,1.0,0.0,0.0,0.0,0.0,0.0,1.0,RECYCLE
Wood,Damaged,Low,tonnes,1865.3,33.5,1.0,1.0,0.0,0.0,0.0,1.0,0.0,0.0,1.0,RECOVER
Ceramic / Tiles,Excellent,None,cubic metres,6317.0,4.5,4.0,0.0,0.0,0.0,0.0,0.0,0.0,0.0,1.0,REUSE
Wood,Damaged,Moderate,cubic metres,675.7,31.2,1.0,2.0,0.0,0.0,0.0,0.0,0.0,0.0,1.0,RECOVER
Concrete,Excellent,None,cubic metres,644.9,4.0,4.0,0.0,0.0,0.0,0.0,0.0,0.0,0.0,1.0,REUSE
Steel,Good,None,cubic metres,4876.3,5.3,3.0,0.0,0.0,0.0,0.0,0.0,0.0,0.0,1.0,REUSE
Steel,Good,None,cubic metres,7731.8,4.0,3.0,0.0,0.0,0.0,0.0,0.0,0.0,0.0,1.0,REUSE
Mixed Construction Waste,Damaged,Low,units,7092.1,22.4,1.0,1.0,0.0,0.0,0.0,0.0,0.0,0.0,0.0,RECOVER
Plastic,Excellent,Hazardous,cubic metres,1633.5,36.6,4.0,4.0,0.0,1.0,0.0,0.0,0.0,1.0,0.0,DISPOSAL / SPECIALIZED HANDLING
Concrete,Excellent,None,kg,4249.9,4.0,4.0,0.0,0.0,0.0,0.0,0.0,0.0,0.0,1.0,REUSE
Brick,Good,None,cubic metres,1271.0,6.5,3.0,0.0,1.0,0.0,0.0,0.0,0.0,0.0,1.0,REPAIR
Soil,Excellent,Hazardous,cubic metres,7211.6,33.2,4.0,4.0,1.0,1.0,0.0,0.0,0.0,1.0,0.0,DISPOSAL / SPECIALIZED HANDLING
Concrete,Excellent,None,kg,7310.2,4.3,4.0,0.0,0.0,0.0,0.0,0.0,0.0,0.0,1.0,REUSE
Brick,Excellent,None,kg,4511.9,4.0,4.0,0.0,0.0,0.0,0.0,0.0,0.0,0.0,1.0,REUSE
Steel,Good,None,cubic metres,7705.0,6.4,3.0,0.0,0.0,0.0,0.0,0.0,0.0,0.0,1.0,REUSE
Brick,Moderate,Low,units,4632.6,34.7,2.0,1.0,0.0,0.0,0.0,0.0,0.0,0.0,1.0,RECYCLE
Steel,Severely Damaged,Hazardous,cubic metres,2147.9,22.0,0.0,4.0,0.0,0.0,1.0,0.0,0.0,1.0,0.0,DISPOSAL / SPECIALIZED HANDLING
Mixed Construction Waste,Damaged,Low,kg,3501.5,39.5,1.0,1.0,0.0,0.0,0.0,0.0,0.0,0.0,1.0,RECOVER
Concrete,Severely Damaged,Low,units,5439.5,25.9,0.0,1.0,0.0,0.0,0.0,0.0,0.0,0.0,1.0,RECYCLE
Wood,Good,None,cubic metres,1655.3,17.7,3.0,0.0,1.0,0.0,0.0,0.0,0.0,0.0,1.0,REPAIR
Mixed Construction Waste,Excellent,High,kg,4178.7,21.4,4.0,3.0,1.0,0.0,0.0,0.0,0.0,1.0,0.0,DISPOSAL / SPECIALIZED HANDLING
Brick,Good,High,tonnes,4051.5,64.6,3.0,3.0,0.0,1.0,0.0,0.0,0.0,1.0,0.0,DISPOSAL / SPECIALIZED HANDLING
Glass,Severely Damaged,Hazardous,units,4684.0,84.1,0.0,4.0,1.0,0.0,0.0,0.0,0.0,1.0,0.0,DISPOSAL / SPECIALIZED HANDLING
Ceramic / Tiles,Good,None,units,2972.0,5.5,3.0,0.0,0.0,0.0,0.0,0.0,0.0,0.0,1.0,REUSE
Soil,Damaged,High,tonnes,6657.7,78.4,1.0,3.0,1.0,0.0,0.0,0.0,0.0,1.0,0.0,DISPOSAL / SPECIALIZED HANDLING
Gypsum,Damaged,Moderate,cubic metres,3831.0,54.9,1.0,2.0,0.0,0.0,0.0,0.0,0.0,0.0,1.0,RECOVER
Glass,Good,None,units,2537.7,7.3,3.0,0.0,0.0,0.0,0.0,0.0,0.0,0.0,1.0,REUSE
Gypsum,Severely Damaged,Low,cubic metres,6120.9,68.6,0.0,1.0,0.0,0.0,0.0,0.0,1.0,0.0,1.0,RECOVER
Ceramic / Tiles,Moderate,Hazardous,kg,7742.7,45.2,2.0,4.0,0.0,1.0,0.0,0.0,0.0,1.0,0.0,DISPOSAL / SPECIALIZED HANDLING
Plastic,Moderate,Moderate,tonnes,7978.9,30.6,2.0,2.0,0.0,0.0,0.0,0.0,0.0,0.0,1.0,RECOVER
Concrete,Good,Low,units,2921.2,9.9,3.0,1.0,1.0,0.0,0.0,0.0,0.0,0.0,1.0,REPAIR
Glass,Excellent,High,tonnes,6109.5,43.2,4.0,3.0,0.0,0.0,0.0,0.0,0.0,1.0,0.0,DISPOSAL / SPECIALIZED HANDLING
Concrete,Excellent,None,cubic metres,549.3,1.9,4.0,0.0,0.0,0.0,0.0,0.0,0.0,0.0,1.0,REUSE
Brick,Moderate,None,kg,4182.6,25.0,2.0,0.0,1.0,0.0,0.0,0.0,0.0,0.0,1.0,RECYCLE
Gypsum,Good,High,kg,288.4,20.3,3.0,3.0,1.0,1.0,0.0,0.0,0.0,1.0,0.0,DISPOSAL / SPECIALIZED HANDLING
Mixed Construction Waste,Excellent,High,cubic metres,4397.0,63.2,4.0,3.0,0.0,1.0,0.0,0.0,0.0,1.0,0.0,DISPOSAL / SPECIALIZED HANDLING
Steel,Damaged,None,cubic metres,3970.0,6.4,1.0,0.0,1.0,0.0,0.0,0.0,0.0,0.0,1.0,REPAIR
Ceramic / Tiles,Moderate,Low,cubic metres,7979.9,25.4,2.0,1.0,1.0,0.0,0.0,0.0,0.0,0.0,1.0,REPAIR
Glass,Moderate,None,kg,7741.7,10.3,2.0,0.0,1.0,0.0,0.0,0.0,0.0,0.0,1.0,REPAIR
Mixed Construction Waste,Damaged,Hazardous,units,6310.8,16.8,1.0,4.0,0.0,0.0,0.0,0.0,0.0,1.0,0.0,DISPOSAL / SPECIALIZED HANDLING
Glass,Damaged,None,kg,4884.8,18.4,1.0,0.0,1.0,0.0,0.0,0.0,0.0,0.0,1.0,REPAIR
Steel,Damaged,None,units,1377.8,11.8,1.0,0.0,1.0,0.0,0.0,0.0,0.0,0.0,1.0,REPAIR
Soil,Moderate,Low,tonnes,5139.7,50.0,2.0,1.0,1.0,0.0,0.0,0.0,1.0,0.0,1.0,RECYCLE
Gypsum,Severely Damaged,Moderate,tonnes,6784.2,43.6,0.0,2.0,0.0,0.0,0.0,0.0,0.0,0.0,1.0,RECOVER
Concrete,Moderate,None,kg,6664.8,15.8,2.0,0.0,1.0,0.0,0.0,0.0,0.0,0.0,1.0,REPAIR
Concrete,Damaged,None,tonnes,4081.1,65.9,1.0,0.0,0.0,0.0,0.0,0.0,0.0,0.0,1.0,RECYCLE
Wood,Moderate,Low,cubic metres,3734.9,66.3,2.0,1.0,0.0,0.0,0.0,1.0,0.0,0.0,1.0,RECOVER
Wood,Damaged,Moderate,tonnes,2251.0,31.8,1.0,2.0,0.0,0.0,0.0,1.0,0.0,0.0,1.0,RECOVER
Glass,Good,None,units,3137.6,7.3,3.0,0.0,0.0,0.0,0.0,0.0,0.0,0.0,1.0,REUSE
Concrete,Moderate,None,cubic metres,617.6,42.9,2.0,0.0,0.0,0.0,0.0,0.0,0.0,0.0,1.0,RECYCLE
Gypsum,Moderate,Moderate,kg,5624.1,70.1,2.0,2.0,0.0,0.0,0.0,0.0,1.0,0.0,1.0,RECYCLE
Steel,Good,Low,tonnes,4521.8,22.2,3.0,1.0,1.0,0.0,1.0,0.0,0.0,0.0,1.0,REPAIR
Ceramic / Tiles,Moderate,None,tonnes,4635.9,31.4,2.0,0.0,1.0,0.0,0.0,0.0,0.0,0.0,1.0,REPAIR
Plastic,Damaged,Low,tonnes,1255.0,71.0,1.0,1.0,0.0,0.0,0.0,0.0,0.0,0.0,1.0,RECOVER
Wood,Damaged,Low,tonnes,7408.8,49.4,1.0,1.0,0.0,0.0,0.0,1.0,1.0,0.0,1.0,RECOVER
Ceramic / Tiles,Good,None,cubic metres,7333.5,10.8,3.0,0.0,1.0,0.0,0.0,0.0,0.0,0.0,1.0,REPAIR
Soil,Damaged,Hazardous,kg,3823.0,0.6,1.0,4.0,1.0,1.0,0.0,0.0,0.0,1.0,0.0,DISPOSAL / SPECIALIZED HANDLING
Concrete,Severely Damaged,Low,tonnes,2689.8,79.0,0.0,1.0,1.0,1.0,0.0,0.0,0.0,0.0,1.0,RECYCLE
Ceramic / Tiles,Good,None,cubic metres,4372.0,4.7,3.0,0.0,0.0,0.0,0.0,0.0,0.0,0.0,1.0,REUSE
Steel,Good,None,units,3042.9,3.3,3.0,0.0,0.0,0.0,0.0,0.0,0.0,0.0,1.0,REUSE
Brick,Moderate,Low,cubic metres,6817.2,22.6,2.0,1.0,1.0,0.0,0.0,0.0,0.0,0.0,1.0,REPAIR
Soil,Moderate,Low,cubic metres,3432.0,29.3,2.0,1.0,1.0,0.0,0.0,0.0,0.0,0.0,1.0,RECYCLE
Glass,Moderate,Moderate,cubic metres,2317.8,53.5,2.0,2.0,1.0,0.0,0.0,0.0,0.0,0.0,1.0,RECYCLE
Ceramic / Tiles,Good,None,cubic metres,2351.6,4.6,3.0,0.0,0.0,0.0,0.0,0.0,0.0,0.0,1.0,REUSE
Glass,Moderate,Low,units,7647.1,34.9,2.0,1.0,1.0,0.0,0.0,0.0,0.0,0.0,1.0,REPAIR
Wood,Moderate,Moderate,tonnes,7312.9,21.6,2.0,2.0,0.0,0.0,0.0,0.0,1.0,0.0,1.0,RECOVER
Ceramic / Tiles,Damaged,Hazardous,tonnes,3413.4,45.0,1.0,4.0,1.0,1.0,0.0,0.0,0.0,1.0,0.0,DISPOSAL / SPECIALIZED HANDLING
Wood,Moderate,Low,units,6485.4,19.7,2.0,1.0,1.0,0.0,0.0,0.0,0.0,0.0,1.0,REPAIR
Gypsum,Moderate,None,units,1117.4,75.8,2.0,0.0,1.0,0.0,0.0,0.0,1.0,0.0,1.0,RECYCLE
Plastic,Severely Damaged,Moderate,tonnes,4399.6,50.6,0.0,2.0,0.0,0.0,0.0,0.0,0.0,0.0,1.0,RECOVER
Ceramic / Tiles,Moderate,Low,cubic metres,4383.7,26.4,2.0,1.0,1.0,0.0,0.0,0.0,0.0,0.0,1.0,REPAIR
Soil,Severely Damaged,Moderate,tonnes,1976.7,45.2,0.0,2.0,0.0,0.0,0.0,0.0,0.0,0.0,1.0,RECYCLE
Ceramic / Tiles,Good,None,cubic metres,4964.0,5.2,3.0,0.0,0.0,0.0,0.0,0.0,0.0,0.0,1.0,REUSE
Ceramic / Tiles,Good,None,units,1873.4,24.6,3.0,0.0,1.0,0.0,0.0,0.0,0.0,0.0,1.0,REPAIR
Wood,Damaged,Moderate,cubic metres,5418.4,56.0,1.0,2.0,0.0,0.0,0.0,0.0,0.0,0.0,1.0,RECOVER
Steel,Severely Damaged,Hazardous,cubic metres,6902.6,39.9,0.0,4.0,1.0,0.0,1.0,0.0,0.0,1.0,0.0,DISPOSAL / SPECIALIZED HANDLING
Ceramic / Tiles,Good,Hazardous,tonnes,4760.6,58.9,3.0,4.0,1.0,1.0,0.0,0.0,0.0,1.0,0.0,DISPOSAL / SPECIALIZED HANDLING
Asphalt,Damaged,Low,units,5625.2,56.0,1.0,1.0,1.0,1.0,0.0,0.0,0.0,0.0,1.0,RECYCLE
Plastic,Moderate,Low,cubic metres,287.7,41.9,2.0,1.0,0.0,0.0,0.0,0.0,0.0,0.0,1.0,RECOVER
Glass,Good,Hazardous,units,1493.7,33.1,3.0,4.0,1.0,1.0,0.0,0.0,0.0,1.0,0.0,DISPOSAL / SPECIALIZED HANDLING
Wood,Severely Damaged,Low,tonnes,1848.5,59.4,0.0,1.0,0.0,0.0,0.0,0.0,1.0,0.0,1.0,RECOVER
Brick,Good,Low,tonnes,1352.1,19.7,3.0,1.0,1.0,0.0,0.0,0.0,0.0,0.0,1.0,REPAIR
Soil,Moderate,Low,cubic metres,6721.6,61.9,2.0,1.0,1.0,0.0,0.0,0.0,1.0,0.0,1.0,RECYCLE
Brick,Damaged,None,tonnes,3360.5,22.5,1.0,0.0,1.0,1.0,0.0,0.0,0.0,0.0,1.0,REPAIR
Ceramic / Tiles,Moderate,None,units,7224.8,21.0,2.0,0.0,1.0,0.0,0.0,0.0,0.0,0.0,1.0,REPAIR
Glass,Moderate,Low,cubic metres,5398.8,26.6,2.0,1.0,0.0,0.0,0.0,0.0,0.0,0.0,1.0,RECYCLE
Asphalt,Severely Damaged,Low,cubic metres,4012.7,50.1,0.0,1.0,0.0,0.0,0.0,0.0,0.0,0.0,1.0,RECOVER
Gypsum,Severely Damaged,Moderate,kg,5711.3,67.5,0.0,2.0,0.0,0.0,0.0,0.0,1.0,0.0,1.0,RECOVER
Gypsum,Moderate,Low,cubic metres,5008.1,59.6,2.0,1.0,1.0,0.0,0.0,0.0,1.0,0.0,1.0,RECYCLE
Soil,Severely Damaged,Hazardous,cubic metres,2527.3,62.9,0.0,4.0,1.0,1.0,0.0,0.0,0.0,1.0,0.0,DISPOSAL / SPECIALIZED HANDLING
Concrete,Excellent,None,units,7447.3,6.5,4.0,0.0,0.0,0.0,0.0,0.0,0.0,0.0,1.0,REUSE
Soil,Damaged,Low,units,1148.9,52.2,1.0,1.0,1.0,1.0,0.0,0.0,1.0,0.0,1.0,RECYCLE
Brick,Moderate,Moderate,kg,535.8,30.2,2.0,2.0,1.0,0.0,0.0,0.0,0.0,0.0,1.0,RECYCLE
Brick,Damaged,None,units,3392.8,11.7,1.0,0.0,1.0,0.0,0.0,0.0,0.0,0.0,1.0,REPAIR
Brick,Moderate,Low,kg,5465.3,20.2,2.0,1.0,1.0,0.0,0.0,0.0,0.0,0.0,1.0,REPAIR
Glass,Good,High,tonnes,2732.3,39.4,3.0,3.0,1.0,1.0,0.0,0.0,0.0,1.0,0.0,DISPOSAL / SPECIALIZED HANDLING
Steel,Good,None,units,4862.8,15.3,3.0,0.0,0.0,0.0,1.0,0.0,0.0,0.0,1.0,REPAIR
Glass,Severely Damaged,None,cubic metres,3333.5,55.3,0.0,0.0,1.0,1.0,0.0,0.0,0.0,0.0,1.0,RECYCLE
Soil,Damaged,Moderate,units,936.7,30.5,1.0,2.0,0.0,1.0,0.0,0.0,0.0,0.0,1.0,RECYCLE
Brick,Moderate,None,tonnes,5203.0,16.0,2.0,0.0,1.0,0.0,0.0,0.0,0.0,0.0,1.0,REPAIR
Glass,Good,None,kg,3475.9,4.3,3.0,0.0,0.0,0.0,0.0,0.0,0.0,0.0,1.0,REUSE
Gypsum,Excellent,High,units,7432.0,5.6,4.0,3.0,1.0,1.0,0.0,0.0,0.0,1.0,0.0,DISPOSAL / SPECIALIZED HANDLING
Ceramic / Tiles,Good,None,tonnes,2440.9,1.9,3.0,0.0,0.0,0.0,0.0,0.0,0.0,0.0,1.0,REUSE
Glass,Damaged,None,tonnes,2043.0,5.6,1.0,0.0,1.0,0.0,0.0,0.0,0.0,0.0,1.0,REPAIR
Brick,Severely Damaged,Low,tonnes,1458.0,47.8,0.0,1.0,1.0,0.0,0.0,0.0,0.0,0.0,1.0,RECYCLE
Wood,Severely Damaged,Low,kg,6928.7,26.9,0.0,1.0,0.0,0.0,0.0,0.0,1.0,0.0,1.0,RECOVER
Plastic,Damaged,Moderate,kg,1245.6,67.9,1.0,2.0,0.0,0.0,0.0,0.0,0.0,0.0,1.0,RECOVER
Mixed Construction Waste,Severely Damaged,Low,cubic metres,2591.1,57.4,0.0,1.0,0.0,0.0,0.0,0.0,0.0,0.0,1.0,RECOVER
Concrete,Good,None,cubic metres,3582.3,25.7,3.0,0.0,1.0,0.0,0.0,0.0,0.0,0.0,1.0,REPAIR
Wood,Good,Low,tonnes,4903.8,20.7,3.0,1.0,1.0,0.0,0.0,0.0,0.0,0.0,1.0,REPAIR
Concrete,Excellent,None,cubic metres,2205.2,1.7,4.0,0.0,0.0,0.0,0.0,0.0,0.0,0.0,1.0,REUSE
Concrete,Moderate,None,kg,5312.7,22.8,2.0,0.0,1.0,0.0,0.0,0.0,0.0,0.0,1.0,REPAIR
Brick,Moderate,Low,kg,944.6,25.5,2.0,1.0,1.0,0.0,0.0,0.0,0.0,0.0,1.0,REPAIR
Ceramic / Tiles,Moderate,None,cubic metres,1465.6,31.7,2.0,0.0,1.0,0.0,0.0,0.0,0.0,0.0,1.0,REPAIR
Mixed Construction Waste,Good,Hazardous,tonnes,1473.4,54.9,3.0,4.0,1.0,0.0,0.0,0.0,0.0,1.0,0.0,DISPOSAL / SPECIALIZED HANDLING
Steel,Damaged,Low,tonnes,5393.1,14.9,1.0,1.0,0.0,0.0,1.0,0.0,0.0,0.0,1.0,REPAIR
Steel,Damaged,Low,kg,176.6,33.5,1.0,1.0,0.0,0.0,1.0,0.0,0.0,0.0,1.0,REPAIR
Concrete,Excellent,None,kg,1870.1,5.7,4.0,0.0,0.0,0.0,0.0,0.0,0.0,0.0,1.0,REUSE
Asphalt,Excellent,Hazardous,units,6742.7,0.1,4.0,4.0,0.0,0.0,0.0,0.0,0.0,1.0,0.0,DISPOSAL / SPECIALIZED HANDLING
Concrete,Damaged,Moderate,kg,1332.6,76.6,1.0,2.0,0.0,1.0,0.0,0.0,0.0,0.0,1.0,RECYCLE
Brick,Moderate,High,cubic metres,677.0,18.5,2.0,3.0,1.0,0.0,0.0,0.0,0.0,1.0,0.0,DISPOSAL / SPECIALIZED HANDLING
Plastic,Severely Damaged,Low,tonnes,4204.3,69.8,0.0,1.0,0.0,0.0,0.0,0.0,0.0,0.0,1.0,RECOVER
Concrete,Good,Low,kg,6683.9,20.9,3.0,1.0,1.0,0.0,0.0,0.0,0.0,0.0,1.0,REPAIR
Gypsum,Moderate,None,units,5290.3,41.5,2.0,0.0,1.0,0.0,0.0,0.0,1.0,0.0,1.0,RECYCLE
Concrete,Severely Damaged,Low,kg,4597.4,65.5,0.0,1.0,1.0,1.0,0.0,0.0,0.0,0.0,1.0,RECYCLE
Brick,Good,None,cubic metres,3720.4,5.4,3.0,0.0,0.0,0.0,0.0,0.0,0.0,0.0,1.0,REUSE
Soil,Damaged,Moderate,cubic metres,1637.8,66.1,1.0,2.0,1.0,1.0,0.0,0.0,1.0,0.0,1.0,RECYCLE
Glass,Good,Low,kg,4806.2,33.7,3.0,1.0,1.0,0.0,0.0,0.0,0.0,0.0,1.0,REPAIR
Glass,Severely Damaged,Low,kg,1557.1,25.3,0.0,1.0,1.0,1.0,0.0,0.0,0.0,0.0,1.0,RECYCLE
Steel,Excellent,None,kg,5996.4,7.7,4.0,0.0,0.0,0.0,0.0,0.0,0.0,0.0,1.0,REUSE
Glass,Severely Damaged,Low,tonnes,3090.5,36.8,0.0,1.0,1.0,1.0,0.0,0.0,0.0,0.0,1.0,RECYCLE
Wood,Damaged,None,units,6724.2,14.5,1.0,0.0,1.0,1.0,0.0,0.0,0.0,0.0,1.0,REPAIR
Brick,Severely Damaged,None,cubic metres,6526.5,42.6,0.0,0.0,0.0,1.0,0.0,0.0,0.0,0.0,1.0,RECYCLE
Steel,Good,Low,cubic metres,992.2,28.2,3.0,1.0,1.0,0.0,1.0,0.0,0.0,0.0,1.0,REPAIR
Ceramic / Tiles,Excellent,None,units,7457.5,5.3,4.0,0.0,0.0,0.0,0.0,0.0,0.0,0.0,1.0,REUSE
Glass,Good,None,units,1395.7,3.7,3.0,0.0,0.0,0.0,0.0,0.0,0.0,0.0,1.0,REUSE
Asphalt,Severely Damaged,None,units,1355.1,38.0,0.0,0.0,0.0,1.0,0.0,0.0,0.0,0.0,1.0,RECYCLE
Brick,Damaged,None,tonnes,4646.1,28.7,1.0,0.0,1.0,1.0,0.0,0.0,0.0,0.0,1.0,REPAIR
Mixed Construction Waste,Severely Damaged,Moderate,units,6118.0,56.5,0.0,2.0,0.0,0.0,0.0,0.0,0.0,0.0,1.0,RECOVER
Brick,Damaged,Moderate,kg,5571.0,50.2,1.0,2.0,1.0,1.0,0.0,0.0,0.0,0.0,1.0,RECYCLE
Asphalt,Severely Damaged,Moderate,units,4696.7,39.3,0.0,2.0,1.0,1.0,0.0,0.0,0.0,0.0,1.0,RECYCLE
Concrete,Excellent,None,units,4359.2,2.1,4.0,0.0,0.0,0.0,0.0,0.0,0.0,0.0,1.0,REUSE
Glass,Excellent,None,tonnes,2472.0,3.7,4.0,0.0,0.0,0.0,0.0,0.0,0.0,0.0,1.0,REUSE
Plastic,Excellent,High,units,1784.4,74.7,4.0,3.0,1.0,0.0,0.0,0.0,0.0,1.0,0.0,DISPOSAL / SPECIALIZED HANDLING
Asphalt,Severely Damaged,Low,cubic metres,685.6,54.1,0.0,1.0,0.0,0.0,0.0,0.0,0.0,0.0,1.0,RECOVER
Brick,Good,Low,kg,3205.3,31.9,3.0,1.0,1.0,0.0,0.0,0.0,0.0,0.0,1.0,REPAIR
Brick,Damaged,Low,cubic metres,1950.9,44.8,1.0,1.0,1.0,0.0,0.0,0.0,0.0,0.0,1.0,RECYCLE
Plastic,Excellent,Hazardous,kg,1348.8,20.6,4.0,4.0,1.0,1.0,0.0,0.0,0.0,1.0,0.0,DISPOSAL / SPECIALIZED HANDLING
Brick,Good,Hazardous,kg,666.1,33.1,3.0,4.0,0.0,1.0,0.0,0.0,0.0,1.0,0.0,DISPOSAL / SPECIALIZED HANDLING
Glass,Moderate,High,cubic metres,4597.7,4.7,2.0,3.0,0.0,1.0,0.0,0.0,0.0,1.0,0.0,DISPOSAL / SPECIALIZED HANDLING
Mixed Construction Waste,Moderate,Low,units,6743.5,31.4,2.0,1.0,0.0,0.0,0.0,0.0,0.0,0.0,1.0,RECOVER
Glass,Damaged,High,tonnes,1780.8,69.8,1.0,3.0,0.0,0.0,0.0,0.0,0.0,1.0,0.0,DISPOSAL / SPECIALIZED HANDLING
Steel,Moderate,Low,kg,5908.6,15.6,2.0,1.0,0.0,0.0,1.0,0.0,0.0,0.0,1.0,REPAIR
Wood,Severely Damaged,Moderate,units,5823.3,45.1,0.0,2.0,0.0,0.0,0.0,0.0,0.0,0.0,1.0,RECOVER
Concrete,Severely Damaged,Hazardous,tonnes,7535.7,68.1,0.0,4.0,0.0,0.0,0.0,0.0,0.0,1.0,0.0,DISPOSAL / SPECIALIZED HANDLING
Glass,Moderate,Low,cubic metres,5534.7,13.2,2.0,1.0,1.0,0.0,0.0,0.0,0.0,0.0,1.0,REPAIR
Soil,Damaged,None,cubic metres,927.2,66.1,1.0,0.0,1.0,0.0,0.0,0.0,1.0,0.0,1.0,RECYCLE
Asphalt,Damaged,Low,tonnes,5038.8,61.7,1.0,1.0,0.0,0.0,0.0,0.0,0.0,0.0,1.0,RECOVER
Concrete,Moderate,Low,kg,2164.8,43.8,2.0,1.0,1.0,0.0,0.0,0.0,0.0,0.0,1.0,RECYCLE
Concrete,Good,None,kg,4712.4,6.5,3.0,0.0,0.0,0.0,0.0,0.0,0.0,0.0,1.0,REUSE
Glass,Good,None,tonnes,6517.1,2.0,3.0,0.0,0.0,0.0,0.0,0.0,0.0,0.0,1.0,REUSE
Brick,Moderate,None,tonnes,1117.5,13.7,2.0,0.0,1.0,0.0,0.0,0.0,0.0,0.0,1.0,REPAIR
Concrete,Severely Damaged,Moderate,tonnes,708.5,33.4,0.0,2.0,1.0,1.0,0.0,0.0,0.0,0.0,1.0,RECYCLE
Gypsum,Severely Damaged,Moderate,tonnes,4965.6,35.6,0.0,2.0,0.0,0.0,0.0,0.0,0.0,0.0,1.0,RECOVER
Plastic,Moderate,Moderate,kg,7171.9,50.7,2.0,2.0,0.0,0.0,0.0,0.0,0.0,0.0,1.0,RECOVER
Mixed Construction Waste,Damaged,Low,cubic metres,6079.8,68.2,1.0,1.0,0.0,0.0,0.0,0.0,0.0,0.0,1.0,RECOVER
Concrete,Moderate,Low,units,3753.7,73.1,2.0,1.0,1.0,0.0,0.0,0.0,0.0,0.0,1.0,RECYCLE
Wood,Good,Hazardous,tonnes,4197.7,12.7,3.0,4.0,0.0,1.0,0.0,0.0,0.0,1.0,0.0,DISPOSAL / SPECIALIZED HANDLING
Gypsum,Moderate,Moderate,tonnes,3319.8,51.6,2.0,2.0,0.0,0.0,0.0,0.0,1.0,0.0,1.0,RECOVER
Brick,Severely Damaged,Moderate,cubic metres,2561.6,58.1,0.0,2.0,0.0,0.0,0.0,0.0,0.0,0.0,1.0,RECYCLE
Concrete,Moderate,None,units,1134.8,15.1,2.0,0.0,1.0,0.0,0.0,0.0,0.0,0.0,1.0,REPAIR
Wood,Moderate,Low,units,1114.4,11.7,2.0,1.0,1.0,0.0,0.0,0.0,0.0,0.0,1.0,REPAIR
Glass,Severely Damaged,Moderate,units,2227.1,42.3,0.0,2.0,0.0,0.0,0.0,0.0,0.0,0.0,1.0,RECYCLE
Plastic,Severely Damaged,Moderate,units,438.9,67.2,0.0,2.0,0.0,0.0,0.0,0.0,0.0,0.0,1.0,RECOVER
Plastic,Severely Damaged,Moderate,units,5681.3,20.0,0.0,2.0,0.0,0.0,0.0,0.0,0.0,0.0,1.0,RECOVER
Plastic,Moderate,Low,kg,5872.9,32.9,2.0,1.0,0.0,0.0,0.0,0.0,0.0,0.0,1.0,RECOVER
Ceramic / Tiles,Good,Low,tonnes,5431.5,8.5,3.0,1.0,1.0,0.0,0.0,0.0,0.0,0.0,1.0,REPAIR
Glass,Good,None,units,1483.1,0.1,3.0,0.0,0.0,0.0,0.0,0.0,0.0,0.0,1.0,REUSE
Gypsum,Damaged,None,cubic metres,7285.8,76.2,1.0,0.0,1.0,1.0,0.0,0.0,1.0,0.0,1.0,RECYCLE
Steel,Good,Low,units,6453.9,12.0,3.0,1.0,1.0,0.0,1.0,0.0,0.0,0.0,1.0,REPAIR
Concrete,Excellent,None,cubic metres,179.4,0.8,4.0,0.0,0.0,0.0,0.0,0.0,0.0,0.0,1.0,REUSE
Brick,Damaged,Low,tonnes,597.6,13.3,1.0,1.0,1.0,1.0,0.0,0.0,0.0,0.0,1.0,REPAIR
Gypsum,Damaged,High,tonnes,1769.5,9.2,1.0,3.0,1.0,1.0,0.0,0.0,0.0,1.0,0.0,DISPOSAL / SPECIALIZED HANDLING
Ceramic / Tiles,Moderate,None,units,341.9,6.5,2.0,0.0,1.0,0.0,0.0,0.0,0.0,0.0,1.0,REPAIR
Gypsum,Severely Damaged,High,tonnes,6869.5,14.8,0.0,3.0,0.0,0.0,0.0,0.0,0.0,1.0,0.0,DISPOSAL / SPECIALIZED HANDLING
Mixed Construction Waste,Severely Damaged,Hazardous,units,7511.0,51.3,0.0,4.0,0.0,1.0,0.0,0.0,0.0,1.0,0.0,DISPOSAL / SPECIALIZED HANDLING
Wood,Moderate,Low,cubic metres,4826.7,31.0,2.0,1.0,1.0,0.0,0.0,0.0,0.0,0.0,1.0,REPAIR
Steel,Good,Low,units,6293.4,20.0,3.0,1.0,1.0,0.0,1.0,0.0,0.0,0.0,1.0,REPAIR
Gypsum,Severely Damaged,Moderate,cubic metres,454.5,36.5,0.0,2.0,0.0,0.0,0.0,0.0,1.0,0.0,1.0,RECOVER
Concrete,Moderate,Hazardous,kg,524.1,83.2,2.0,4.0,1.0,1.0,0.0,0.0,0.0,1.0,0.0,DISPOSAL / SPECIALIZED HANDLING
Asphalt,Severely Damaged,Moderate,kg,3888.2,38.5,0.0,2.0,0.0,0.0,0.0,0.0,0.0,0.0,1.0,RECOVER
Mixed Construction Waste,Severely Damaged,Hazardous,tonnes,6506.1,38.4,0.0,4.0,0.0,0.0,0.0,0.0,0.0,1.0,0.0,DISPOSAL / SPECIALIZED HANDLING
Gypsum,Damaged,Low,tonnes,888.2,66.8,1.0,1.0,1.0,1.0,0.0,0.0,1.0,0.0,1.0,RECYCLE
Steel,Moderate,Low,tonnes,84.1,28.1,2.0,1.0,1.0,0.0,1.0,0.0,0.0,0.0,1.0,REPAIR
Glass,Good,None,tonnes,1306.5,27.2,3.0,0.0,1.0,0.0,0.0,0.0,0.0,0.0,1.0,REPAIR
Wood,Good,None,kg,5912.9,5.7,3.0,0.0,1.0,0.0,0.0,0.0,0.0,0.0,1.0,REPAIR
Plastic,Moderate,Moderate,tonnes,3855.6,28.8,2.0,2.0,0.0,0.0,0.0,0.0,0.0,0.0,1.0,RECOVER
Asphalt,Good,High,kg,5153.4,57.6,3.0,3.0,0.0,0.0,0.0,0.0,0.0,1.0,0.0,DISPOSAL / SPECIALIZED HANDLING
Gypsum,Moderate,Low,tonnes,2817.3,63.3,2.0,1.0,1.0,0.0,0.0,0.0,1.0,0.0,1.0,RECYCLE
Brick,Damaged,Low,cubic metres,7033.2,61.3,1.0,1.0,1.0,1.0,0.0,0.0,0.0,0.0,1.0,RECYCLE
Asphalt,Damaged,High,cubic metres,4032.6,4.0,1.0,3.0,1.0,0.0,0.0,0.0,0.0,1.0,0.0,DISPOSAL / SPECIALIZED HANDLING
Glass,Moderate,Moderate,units,2493.8,40.6,2.0,2.0,1.0,0.0,0.0,0.0,0.0,0.0,1.0,RECYCLE
Soil,Moderate,Low,units,4781.7,48.5,2.0,1.0,0.0,0.0,0.0,0.0,1.0,0.0,1.0,RECYCLE
Brick,Moderate,Low,kg,6964.8,17.5,2.0,1.0,1.0,0.0,0.0,0.0,0.0,0.0,1.0,REPAIR
Brick,Good,None,cubic metres,6886.7,4.9,3.0,0.0,0.0,0.0,0.0,0.0,0.0,0.0,1.0,REUSE
Glass,Severely Damaged,Moderate,units,4695.2,47.2,0.0,2.0,1.0,1.0,0.0,0.0,0.0,0.0,1.0,RECYCLE
Soil,Moderate,Moderate,units,4869.1,52.0,2.0,2.0,0.0,0.0,0.0,0.0,1.0,0.0,1.0,RECYCLE
Gypsum,Severely Damaged,None,kg,1422.1,28.6,0.0,0.0,1.0,1.0,0.0,0.0,1.0,0.0,1.0,RECYCLE
Concrete,Good,None,cubic metres,1895.5,0.4,3.0,0.0,0.0,0.0,0.0,0.0,0.0,0.0,1.0,REUSE
Mixed Construction Waste,Severely Damaged,Low,units,5126.8,26.4,0.0,1.0,0.0,0.0,0.0,0.0,0.0,0.0,1.0,RECOVER
Concrete,Damaged,Low,units,3608.7,65.1,1.0,1.0,0.0,1.0,0.0,0.0,0.0,0.0,1.0,RECYCLE
Brick,Excellent,None,tonnes,4728.1,2.7,4.0,0.0,0.0,0.0,0.0,0.0,0.0,0.0,1.0,REUSE
Ceramic / Tiles,Good,Low,cubic metres,7256.9,26.8,3.0,1.0,1.0,0.0,0.0,0.0,0.0,0.0,1.0,REPAIR
Soil,Moderate,Moderate,tonnes,6222.8,70.5,2.0,2.0,1.0,0.0,0.0,0.0,1.0,0.0,1.0,RECYCLE
Gypsum,Severely Damaged,Moderate,tonnes,1848.3,64.3,0.0,2.0,0.0,0.0,0.0,0.0,1.0,0.0,1.0,RECOVER
Glass,Severely Damaged,Hazardous,units,3007.2,33.4,0.0,4.0,1.0,1.0,0.0,0.0,0.0,1.0,0.0,DISPOSAL / SPECIALIZED HANDLING
Gypsum,Severely Damaged,Low,units,3633.8,51.3,0.0,1.0,0.0,0.0,0.0,0.0,1.0,0.0,1.0,RECOVER
Gypsum,Good,Hazardous,kg,3202.1,69.3,3.0,4.0,0.0,0.0,0.0,0.0,0.0,1.0,0.0,DISPOSAL / SPECIALIZED HANDLING
Wood,Moderate,Moderate,cubic metres,134.0,44.9,2.0,2.0,0.0,0.0,0.0,0.0,1.0,0.0,1.0,RECOVER
Asphalt,Damaged,Moderate,kg,6814.8,55.0,1.0,2.0,0.0,0.0,0.0,0.0,0.0,0.0,1.0,RECOVER
Glass,Moderate,Low,kg,1544.1,26.9,2.0,1.0,1.0,0.0,0.0,0.0,0.0,0.0,1.0,REPAIR
Brick,Good,None,units,4176.8,34.3,3.0,0.0,1.0,0.0,0.0,0.0,0.0,0.0,1.0,REPAIR
Concrete,Moderate,High,tonnes,1054.3,70.2,2.0,3.0,0.0,1.0,0.0,0.0,0.0,1.0,0.0,DISPOSAL / SPECIALIZED HANDLING
Concrete,Good,None,tonnes,5781.2,2.0,3.0,0.0,0.0,0.0,0.0,0.0,0.0,0.0,1.0,REUSE
Gypsum,Severely Damaged,Low,kg,7398.3,22.5,0.0,1.0,0.0,0.0,0.0,0.0,0.0,0.0,1.0,RECOVER
Steel,Good,High,cubic metres,843.2,3.5,3.0,3.0,0.0,0.0,1.0,0.0,0.0,1.0,0.0,DISPOSAL / SPECIALIZED HANDLING
Mixed Construction Waste,Moderate,Low,units,7869.9,41.2,2.0,1.0,0.0,0.0,0.0,0.0,0.0,0.0,1.0,RECOVER
Gypsum,Severely Damaged,Hazardous,units,3191.7,55.3,0.0,4.0,1.0,0.0,0.0,0.0,0.0,1.0,0.0,DISPOSAL / SPECIALIZED HANDLING
Concrete,Severely Damaged,Low,tonnes,3246.4,43.1,0.0,1.0,0.0,0.0,0.0,0.0,0.0,0.0,1.0,RECYCLE
Glass,Good,Low,tonnes,1670.2,11.3,3.0,1.0,1.0,0.0,0.0,0.0,0.0,0.0,1.0,REPAIR
Gypsum,Severely Damaged,Low,cubic metres,7164.6,35.9,0.0,1.0,0.0,0.0,0.0,0.0,0.0,0.0,1.0,RECOVER
Glass,Good,Hazardous,cubic metres,3565.8,3.8,3.0,4.0,0.0,1.0,0.0,0.0,0.0,1.0,0.0,DISPOSAL / SPECIALIZED HANDLING
Brick,Moderate,High,tonnes,6549.4,18.2,2.0,3.0,0.0,0.0,0.0,0.0,0.0,1.0,0.0,DISPOSAL / SPECIALIZED HANDLING
Plastic,Moderate,Moderate,cubic metres,1308.3,26.5,2.0,2.0,0.0,0.0,0.0,0.0,0.0,0.0,1.0,RECOVER
Gypsum,Moderate,Moderate,tonnes,7090.1,56.3,2.0,2.0,0.0,0.0,0.0,0.0,1.0,0.0,1.0,RECYCLE
Gypsum,Damaged,Low,cubic metres,2326.0,67.2,1.0,1.0,0.0,0.0,0.0,0.0,0.0,0.0,1.0,RECOVER
Steel,Good,None,cubic metres,1640.6,23.9,3.0,0.0,1.0,0.0,0.0,0.0,0.0,0.0,1.0,REPAIR
Brick,Moderate,Low,cubic metres,3405.1,21.8,2.0,1.0,1.0,0.0,0.0,0.0,0.0,0.0,1.0,REPAIR
Brick,Damaged,None,units,7286.9,70.4,1.0,0.0,1.0,0.0,0.0,0.0,0.0,0.0,1.0,RECYCLE
Concrete,Good,High,tonnes,596.3,69.7,3.0,3.0,1.0,0.0,0.0,0.0,0.0,1.0,0.0,DISPOSAL / SPECIALIZED HANDLING
Concrete,Damaged,None,tonnes,7285.2,17.8,1.0,0.0,1.0,0.0,0.0,0.0,0.0,0.0,1.0,REPAIR
Gypsum,Damaged,Moderate,tonnes,7029.2,45.9,1.0,2.0,1.0,1.0,0.0,0.0,0.0,0.0,1.0,RECYCLE
Brick,Moderate,None,tonnes,4167.2,6.3,2.0,0.0,1.0,0.0,0.0,0.0,0.0,0.0,1.0,REPAIR
Brick,Good,None,tonnes,5520.0,11.7,3.0,0.0,1.0,0.0,0.0,0.0,0.0,0.0,1.0,REPAIR
Ceramic / Tiles,Good,None,units,4292.8,8.0,3.0,0.0,1.0,0.0,0.0,0.0,0.0,0.0,1.0,REPAIR
Glass,Moderate,High,units,5239.9,4.2,2.0,3.0,1.0,0.0,0.0,0.0,0.0,1.0,0.0,DISPOSAL / SPECIALIZED HANDLING
Steel,Good,None,tonnes,6097.3,7.8,3.0,0.0,0.0,0.0,0.0,0.0,0.0,0.0,1.0,REUSE
Asphalt,Damaged,Moderate,tonnes,6523.1,62.2,1.0,2.0,0.0,0.0,0.0,0.0,0.0,0.0,1.0,RECOVER
Ceramic / Tiles,Good,None,tonnes,7259.4,33.4,3.0,0.0,1.0,0.0,0.0,0.0,0.0,0.0,1.0,REPAIR
Concrete,Severely Damaged,Moderate,cubic metres,3496.1,42.1,0.0,2.0,1.0,1.0,0.0,0.0,0.0,0.0,1.0,RECYCLE
Steel,Excellent,High,tonnes,4590.1,85.2,4.0,3.0,1.0,1.0,1.0,0.0,0.0,1.0,0.0,DISPOSAL / SPECIALIZED HANDLING
Asphalt,Severely Damaged,Moderate,kg,2538.9,66.7,0.0,2.0,1.0,0.0,0.0,0.0,0.0,0.0,1.0,RECYCLE
Gypsum,Severely Damaged,Low,cubic metres,4129.3,35.2,0.0,1.0,0.0,0.0,0.0,0.0,0.0,0.0,1.0,RECYCLE
Brick,Damaged,High,cubic metres,4071.2,54.9,1.0,3.0,0.0,1.0,0.0,0.0,0.0,1.0,0.0,DISPOSAL / SPECIALIZED HANDLING
Gypsum,Moderate,None,cubic metres,573.0,28.4,2.0,0.0,1.0,0.0,0.0,0.0,0.0,0.0,1.0,RECYCLE
Glass,Moderate,None,kg,7853.5,8.4,2.0,0.0,1.0,0.0,0.0,0.0,0.0,0.0,1.0,REPAIR
Glass,Severely Damaged,Low,units,2005.1,59.9,0.0,1.0,1.0,1.0,0.0,0.0,0.0,0.0,1.0,RECYCLE
Wood,Moderate,Moderate,cubic metres,6438.8,58.8,2.0,2.0,0.0,0.0,0.0,1.0,0.0,0.0,1.0,RECOVER
Gypsum,Severely Damaged,None,units,1533.1,56.4,0.0,0.0,0.0,1.0,0.0,0.0,1.0,0.0,1.0,RECYCLE
Soil,Moderate,None,units,7118.0,32.8,2.0,0.0,1.0,0.0,0.0,0.0,0.0,0.0,1.0,RECYCLE
Wood,Excellent,High,cubic metres,6079.3,76.9,4.0,3.0,1.0,1.0,0.0,0.0,0.0,1.0,0.0,DISPOSAL / SPECIALIZED HANDLING
Concrete,Excellent,Hazardous,kg,2379.6,33.8,4.0,4.0,0.0,1.0,0.0,0.0,0.0,1.0,0.0,DISPOSAL / SPECIALIZED HANDLING
Asphalt,Moderate,Low,tonnes,79.6,22.0,2.0,1.0,0.0,0.0,0.0,0.0,0.0,0.0,1.0,RECOVER
Concrete,Excellent,None,cubic metres,4077.6,7.6,4.0,0.0,0.0,0.0,0.0,0.0,0.0,0.0,1.0,REUSE
Concrete,Excellent,None,kg,2134.4,4.7,4.0,0.0,0.0,0.0,0.0,0.0,0.0,0.0,1.0,REUSE
Ceramic / Tiles,Damaged,None,tonnes,7778.7,8.6,1.0,0.0,1.0,0.0,0.0,0.0,0.0,0.0,1.0,REPAIR
Concrete,Excellent,Hazardous,kg,410.2,62.2,4.0,4.0,0.0,0.0,0.0,0.0,0.0,1.0,0.0,DISPOSAL / SPECIALIZED HANDLING
Gypsum,Moderate,Moderate,tonnes,5996.7,50.9,2.0,2.0,0.0,0.0,0.0,0.0,0.0,0.0,1.0,RECOVER
Soil,Damaged,None,tonnes,3298.5,49.2,1.0,0.0,1.0,1.0,0.0,0.0,0.0,0.0,1.0,RECYCLE
Gypsum,Excellent,Hazardous,units,805.9,59.5,4.0,4.0,1.0,1.0,0.0,0.0,0.0,1.0,0.0,DISPOSAL / SPECIALIZED HANDLING
Glass,Moderate,None,units,1749.5,42.5,2.0,0.0,0.0,0.0,0.0,0.0,0.0,0.0,1.0,RECYCLE
Brick,Severely Damaged,Moderate,kg,2205.2,41.6,0.0,2.0,1.0,0.0,0.0,0.0,0.0,0.0,1.0,RECYCLE
Ceramic / Tiles,Excellent,None,cubic metres,3845.7,3.3,4.0,0.0,0.0,0.0,0.0,0.0,0.0,0.0,1.0,REUSE
Soil,Severely Damaged,Moderate,units,4948.0,79.0,0.0,2.0,1.0,0.0,0.0,0.0,1.0,0.0,1.0,RECYCLE
Gypsum,Severely Damaged,None,tonnes,3386.5,64.3,0.0,0.0,1.0,1.0,0.0,0.0,1.0,0.0,1.0,RECYCLE
Brick,Moderate,None,cubic metres,7759.3,78.9,2.0,0.0,1.0,0.0,0.0,0.0,0.0,0.0,1.0,RECYCLE
Glass,Moderate,Low,kg,4302.5,32.1,2.0,1.0,1.0,0.0,0.0,0.0,0.0,0.0,1.0,REPAIR
Brick,Damaged,None,kg,7839.3,72.3,1.0,0.0,0.0,0.0,0.0,0.0,0.0,0.0,1.0,RECYCLE
Wood,Severely Damaged,Hazardous,kg,3227.7,34.0,0.0,4.0,1.0,1.0,0.0,0.0,0.0,1.0,0.0,DISPOSAL / SPECIALIZED HANDLING
Gypsum,Damaged,None,units,399.3,46.4,1.0,0.0,1.0,0.0,0.0,0.0,1.0,0.0,1.0,RECYCLE
Brick,Good,None,kg,3572.9,3.7,3.0,0.0,0.0,0.0,0.0,0.0,0.0,0.0,1.0,REUSE
Concrete,Damaged,Low,tonnes,1518.7,9.6,1.0,1.0,1.0,0.0,0.0,0.0,0.0,0.0,1.0,REPAIR
Steel,Damaged,None,units,3075.6,8.8,1.0,0.0,0.0,1.0,1.0,0.0,0.0,0.0,1.0,REPAIR
Glass,Moderate,None,tonnes,710.6,18.6,2.0,0.0,1.0,0.0,0.0,0.0,0.0,0.0,1.0,REPAIR
Asphalt,Severely Damaged,None,tonnes,181.9,33.1,0.0,0.0,1.0,1.0,0.0,0.0,0.0,0.0,1.0,RECYCLE
Plastic,Damaged,Low,tonnes,7602.2,22.3,1.0,1.0,0.0,0.0,0.0,0.0,0.0,0.0,1.0,RECOVER
Wood,Moderate,Low,cubic metres,202.0,15.8,2.0,1.0,1.0,0.0,0.0,0.0,0.0,0.0,1.0,REPAIR
Mixed Construction Waste,Damaged,Low,cubic metres,7534.9,24.1,1.0,1.0,0.0,0.0,0.0,0.0,0.0,0.0,0.0,RECOVER
Steel,Good,None,tonnes,7395.1,0.6,3.0,0.0,0.0,0.0,0.0,0.0,0.0,0.0,1.0,REUSE
Wood,Moderate,None,cubic metres,7769.8,9.6,2.0,0.0,1.0,0.0,0.0,0.0,0.0,0.0,1.0,REPAIR
Gypsum,Moderate,High,units,2439.0,5.4,2.0,3.0,1.0,1.0,0.0,0.0,0.0,1.0,0.0,DISPOSAL / SPECIALIZED HANDLING
Plastic,Severely Damaged,Moderate,units,2786.9,30.6,0.0,2.0,0.0,0.0,0.0,0.0,0.0,0.0,1.0,RECOVER
Gypsum,Moderate,High,tonnes,7274.7,53.2,2.0,3.0,1.0,1.0,0.0,0.0,0.0,1.0,0.0,DISPOSAL / SPECIALIZED HANDLING
Brick,Excellent,None,tonnes,283.0,2.6,4.0,0.0,0.0,0.0,0.0,0.0,0.0,0.0,1.0,REUSE
Gypsum,Damaged,None,tonnes,4187.7,73.5,1.0,0.0,0.0,1.0,0.0,0.0,0.0,0.0,1.0,RECYCLE
Glass,Moderate,Low,tonnes,2550.1,66.3,2.0,1.0,1.0,0.0,0.0,0.0,0.0,0.0,1.0,RECYCLE
Gypsum,Severely Damaged,Low,units,1342.3,72.2,0.0,1.0,1.0,0.0,0.0,0.0,1.0,0.0,1.0,RECYCLE
Gypsum,Damaged,Moderate,units,5335.3,22.1,1.0,2.0,0.0,0.0,0.0,0.0,0.0,0.0,1.0,RECOVER
Brick,Excellent,None,units,6251.9,5.3,4.0,0.0,0.0,0.0,0.0,0.0,0.0,0.0,1.0,REUSE
Concrete,Good,Low,cubic metres,6585.1,21.7,3.0,1.0,1.0,0.0,0.0,0.0,0.0,0.0,1.0,REPAIR
Wood,Damaged,Moderate,kg,7857.0,61.3,1.0,2.0,0.0,0.0,0.0,1.0,0.0,0.0,1.0,RECOVER
Plastic,Moderate,Moderate,units,5089.3,57.9,2.0,2.0,0.0,0.0,0.0,0.0,0.0,0.0,1.0,RECOVER
Concrete,Damaged,Low,units,7758.4,24.4,1.0,1.0,1.0,0.0,0.0,0.0,0.0,0.0,1.0,REPAIR
Asphalt,Damaged,Low,kg,7906.1,22.1,1.0,1.0,0.0,0.0,0.0,0.0,0.0,0.0,1.0,RECOVER
Gypsum,Moderate,Hazardous,kg,2788.3,36.6,2.0,4.0,0.0,0.0,0.0,0.0,0.0,1.0,0.0,DISPOSAL / SPECIALIZED HANDLING
Ceramic / Tiles,Damaged,None,tonnes,7549.1,11.2,1.0,0.0,1.0,0.0,0.0,0.0,0.0,0.0,1.0,REPAIR
Brick,Excellent,None,units,1837.7,2.2,4.0,0.0,0.0,0.0,0.0,0.0,0.0,0.0,1.0,REUSE
Gypsum,Damaged,Moderate,cubic metres,5568.4,35.1,1.0,2.0,1.0,1.0,0.0,0.0,0.0,0.0,1.0,RECYCLE
Wood,Good,Hazardous,cubic metres,5170.0,56.8,3.0,4.0,0.0,0.0,0.0,0.0,0.0,1.0,0.0,DISPOSAL / SPECIALIZED HANDLING
Glass,Good,None,kg,2794.1,1.7,3.0,0.0,0.0,0.0,0.0,0.0,0.0,0.0,1.0,REUSE
Plastic,Moderate,Low,cubic metres,2597.2,59.4,2.0,1.0,0.0,0.0,0.0,0.0,0.0,0.0,1.0,RECOVER
Asphalt,Excellent,Hazardous,cubic metres,4408.5,33.1,4.0,4.0,1.0,0.0,0.0,0.0,0.0,1.0,0.0,DISPOSAL / SPECIALIZED HANDLING
Wood,Moderate,Low,units,1671.8,9.4,2.0,1.0,1.0,0.0,0.0,0.0,0.0,0.0,1.0,REPAIR
Brick,Good,Low,units,654.4,7.8,3.0,1.0,1.0,0.0,0.0,0.0,0.0,0.0,1.0,REPAIR
Ceramic / Tiles,Good,None,tonnes,7089.0,4.7,3.0,0.0,0.0,0.0,0.0,0.0,0.0,0.0,1.0,REUSE
Asphalt,Moderate,Moderate,units,1699.2,48.9,2.0,2.0,1.0,0.0,0.0,0.0,0.0,0.0,1.0,RECYCLE
Gypsum,Damaged,High,kg,546.0,1.9,1.0,3.0,1.0,0.0,0.0,0.0,0.0,1.0,0.0,DISPOSAL / SPECIALIZED HANDLING
Gypsum,Severely Damaged,Low,kg,3666.9,43.9,0.0,1.0,0.0,0.0,0.0,0.0,1.0,0.0,1.0,RECOVER
Wood,Good,Hazardous,cubic metres,289.2,13.6,3.0,4.0,0.0,1.0,0.0,0.0,0.0,1.0,0.0,DISPOSAL / SPECIALIZED HANDLING
Wood,Moderate,Low,cubic metres,7177.8,63.8,2.0,1.0,0.0,0.0,0.0,0.0,1.0,0.0,1.0,RECOVER
Brick,Damaged,High,units,6453.3,8.5,1.0,3.0,1.0,0.0,0.0,0.0,0.0,1.0,0.0,DISPOSAL / SPECIALIZED HANDLING
Concrete,Damaged,Low,kg,4519.9,52.9,1.0,1.0,1.0,1.0,0.0,0.0,0.0,0.0,1.0,RECYCLE
Gypsum,Severely Damaged,Low,kg,5026.3,64.7,0.0,1.0,1.0,1.0,0.0,0.0,0.0,0.0,1.0,RECYCLE
Wood,Damaged,High,kg,709.9,68.4,1.0,3.0,0.0,1.0,0.0,0.0,0.0,1.0,0.0,DISPOSAL / SPECIALIZED HANDLING
Ceramic / Tiles,Excellent,None,cubic metres,2760.1,3.0,4.0,0.0,0.0,0.0,0.0,0.0,0.0,0.0,1.0,REUSE
Glass,Good,Low,units,6547.1,10.4,3.0,1.0,1.0,0.0,0.0,0.0,0.0,0.0,1.0,REPAIR
Asphalt,Severely Damaged,Low,units,475.6,32.0,0.0,1.0,1.0,1.0,0.0,0.0,0.0,0.0,1.0,RECYCLE
Concrete,Good,None,kg,4308.3,6.8,3.0,0.0,0.0,0.0,0.0,0.0,0.0,0.0,1.0,REUSE
Soil,Damaged,Low,cubic metres,2806.9,56.7,1.0,1.0,1.0,0.0,0.0,0.0,1.0,0.0,1.0,RECYCLE
Brick,Good,None,tonnes,5930.3,5.7,3.0,0.0,0.0,0.0,0.0,0.0,0.0,0.0,1.0,REUSE
Steel,Good,None,cubic metres,2063.8,7.9,3.0,0.0,0.0,0.0,0.0,0.0,0.0,0.0,1.0,REUSE
Gypsum,Severely Damaged,Moderate,units,6288.9,75.5,0.0,2.0,0.0,1.0,0.0,0.0,0.0,0.0,1.0,RECYCLE
Soil,Damaged,High,kg,1424.5,64.0,1.0,3.0,1.0,0.0,0.0,0.0,0.0,1.0,0.0,DISPOSAL / SPECIALIZED HANDLING
Glass,Good,None,cubic metres,6834.0,1.6,3.0,0.0,0.0,0.0,0.0,0.0,0.0,0.0,1.0,REUSE
Concrete,Severely Damaged,Hazardous,units,2559.2,75.0,0.0,4.0,0.0,1.0,0.0,0.0,0.0,1.0,0.0,DISPOSAL / SPECIALIZED HANDLING
Brick,Good,None,kg,6182.9,5.9,3.0,0.0,0.0,0.0,0.0,0.0,0.0,0.0,1.0,REUSE
Concrete,Excellent,None,kg,4771.9,1.6,4.0,0.0,0.0,0.0,0.0,0.0,0.0,0.0,1.0,REUSE
Asphalt,Moderate,Hazardous,kg,7610.8,59.9,2.0,4.0,1.0,1.0,0.0,0.0,0.0,1.0,0.0,DISPOSAL / SPECIALIZED HANDLING
Mixed Construction Waste,Severely Damaged,Moderate,units,3303.2,31.3,0.0,2.0,0.0,0.0,0.0,0.0,0.0,0.0,1.0,RECOVER
Glass,Good,None,cubic metres,6442.4,6.7,3.0,0.0,0.0,0.0,0.0,0.0,0.0,0.0,1.0,REUSE
Steel,Good,Low,tonnes,3942.1,13.2,3.0,1.0,1.0,0.0,0.0,0.0,0.0,0.0,1.0,REPAIR
Soil,Damaged,None,kg,2813.2,61.4,1.0,0.0,0.0,0.0,0.0,0.0,0.0,0.0,1.0,RECYCLE
Asphalt,Damaged,Moderate,kg,6408.3,55.7,1.0,2.0,0.0,0.0,0.0,0.0,0.0,0.0,1.0,RECYCLE
Ceramic / Tiles,Good,None,units,936.8,6.1,3.0,0.0,0.0,0.0,0.0,0.0,0.0,0.0,1.0,REUSE
Asphalt,Severely Damaged,None,units,6821.1,59.8,0.0,0.0,1.0,1.0,0.0,0.0,0.0,0.0,1.0,RECYCLE
Steel,Damaged,Low,units,3210.6,10.8,1.0,1.0,0.0,1.0,1.0,0.0,0.0,0.0,1.0,REPAIR
Wood,Severely Damaged,High,tonnes,5871.8,39.9,0.0,3.0,1.0,1.0,0.0,0.0,0.0,1.0,0.0,DISPOSAL / SPECIALIZED HANDLING
Ceramic / Tiles,Excellent,Hazardous,units,6999.4,48.3,4.0,4.0,1.0,1.0,0.0,0.0,0.0,1.0,0.0,DISPOSAL / SPECIALIZED HANDLING
Steel,Good,None,kg,6791.7,25.3,3.0,0.0,1.0,0.0,1.0,0.0,0.0,0.0,1.0,REPAIR
Concrete,Severely Damaged,Hazardous,kg,3121.0,32.5,0.0,4.0,0.0,1.0,0.0,0.0,0.0,1.0,0.0,DISPOSAL / SPECIALIZED HANDLING
Wood,Damaged,Moderate,units,2141.8,69.8,1.0,2.0,0.0,0.0,0.0,0.0,0.0,0.0,1.0,RECOVER
Soil,Good,High,kg,1984.6,27.7,3.0,3.0,1.0,0.0,0.0,0.0,0.0,1.0,0.0,DISPOSAL / SPECIALIZED HANDLING
Ceramic / Tiles,Severely Damaged,Hazardous,cubic metres,7701.3,58.3,0.0,4.0,0.0,0.0,0.0,0.0,0.0,1.0,0.0,DISPOSAL / SPECIALIZED HANDLING
Brick,Good,None,kg,398.0,20.7,3.0,0.0,1.0,0.0,0.0,0.0,0.0,0.0,1.0,REPAIR
Glass,Excellent,None,units,2845.6,7.7,4.0,0.0,0.0,0.0,0.0,0.0,0.0,0.0,1.0,REUSE
Wood,Moderate,Low,kg,4673.6,31.5,2.0,1.0,0.0,0.0,0.0,1.0,0.0,0.0,1.0,RECOVER
Ceramic / Tiles,Excellent,None,tonnes,1932.3,3.5,4.0,0.0,0.0,0.0,0.0,0.0,0.0,0.0,1.0,REUSE
Mixed Construction Waste,Moderate,Moderate,units,4475.6,51.5,2.0,2.0,0.0,0.0,0.0,0.0,0.0,0.0,1.0,RECOVER
Soil,Moderate,Moderate,kg,6920.1,33.4,2.0,2.0,1.0,0.0,0.0,0.0,0.0,0.0,1.0,RECYCLE
Concrete,Good,None,kg,5772.0,5.0,3.0,0.0,0.0,0.0,0.0,0.0,0.0,0.0,1.0,REUSE
Concrete,Moderate,Low,kg,2080.0,13.1,2.0,1.0,1.0,0.0,0.0,0.0,0.0,0.0,1.0,REPAIR
Concrete,Damaged,Moderate,kg,2523.8,35.9,1.0,2.0,1.0,0.0,0.0,0.0,0.0,0.0,1.0,RECYCLE
Glass,Excellent,None,units,2066.5,5.1,4.0,0.0,0.0,0.0,0.0,0.0,0.0,0.0,1.0,REUSE
Concrete,Moderate,High,tonnes,6418.2,87.3,2.0,3.0,1.0,0.0,0.0,0.0,0.0,1.0,0.0,DISPOSAL / SPECIALIZED HANDLING
Glass,Excellent,None,kg,7883.2,1.3,4.0,0.0,0.0,0.0,0.0,0.0,0.0,0.0,1.0,REUSE
Wood,Damaged,Moderate,cubic metres,2064.7,40.7,1.0,2.0,0.0,0.0,0.0,1.0,0.0,0.0,1.0,RECOVER
Soil,Severely Damaged,Low,kg,3208.9,77.3,0.0,1.0,1.0,1.0,0.0,0.0,0.0,0.0,1.0,RECYCLE
Concrete,Excellent,None,tonnes,1349.0,4.3,4.0,0.0,0.0,0.0,0.0,0.0,0.0,0.0,1.0,REUSE
Brick,Moderate,None,units,1845.8,48.5,2.0,0.0,0.0,0.0,0.0,0.0,0.0,0.0,1.0,RECYCLE
Mixed Construction Waste,Severely Damaged,Moderate,units,937.8,63.0,0.0,2.0,0.0,0.0,0.0,0.0,0.0,0.0,1.0,RECOVER
Glass,Damaged,Moderate,cubic metres,3855.7,61.0,1.0,2.0,0.0,0.0,0.0,0.0,0.0,0.0,1.0,RECYCLE
Steel,Excellent,None,kg,2382.3,0.4,4.0,0.0,0.0,0.0,0.0,0.0,0.0,0.0,1.0,REUSE
Glass,Severely Damaged,Low,kg,1734.7,26.5,0.0,1.0,0.0,1.0,0.0,0.0,0.0,0.0,1.0,RECYCLE
Glass,Damaged,None,kg,171.3,13.2,1.0,0.0,1.0,0.0,0.0,0.0,0.0,0.0,1.0,REPAIR
Ceramic / Tiles,Good,Low,tonnes,1462.8,14.2,3.0,1.0,1.0,0.0,0.0,0.0,0.0,0.0,1.0,REPAIR
Mixed Construction Waste,Moderate,Moderate,tonnes,7413.4,35.4,2.0,2.0,0.0,0.0,0.0,0.0,0.0,0.0,0.0,RECOVER
Gypsum,Damaged,Low,kg,3682.5,58.6,1.0,1.0,1.0,1.0,0.0,0.0,1.0,0.0,1.0,RECYCLE
Glass,Good,None,tonnes,3704.3,2.5,3.0,0.0,0.0,0.0,0.0,0.0,0.0,0.0,1.0,REUSE
Asphalt,Damaged,Moderate,units,5241.8,49.8,1.0,2.0,0.0,0.0,0.0,0.0,0.0,0.0,1.0,RECYCLE
Brick,Moderate,None,tonnes,4064.0,30.7,2.0,0.0,1.0,0.0,0.0,0.0,0.0,0.0,1.0,REPAIR
Asphalt,Moderate,Low,tonnes,4822.8,50.0,2.0,1.0,0.0,0.0,0.0,0.0,0.0,0.0,1.0,RECOVER
Soil,Damaged,High,units,6776.8,45.7,1.0,3.0,0.0,0.0,0.0,0.0,0.0,1.0,0.0,DISPOSAL / SPECIALIZED HANDLING
Gypsum,Severely Damaged,None,cubic metres,5067.1,57.9,0.0,0.0,0.0,1.0,0.0,0.0,0.0,0.0,1.0,RECYCLE
Glass,Excellent,None,tonnes,4555.2,2.4,4.0,0.0,0.0,0.0,0.0,0.0,0.0,0.0,1.0,REUSE
Glass,Moderate,Hazardous,cubic metres,6252.9,10.4,2.0,4.0,0.0,1.0,0.0,0.0,0.0,1.0,0.0,DISPOSAL / SPECIALIZED HANDLING
Brick,Good,None,tonnes,644.9,7.0,3.0,0.0,0.0,0.0,0.0,0.0,0.0,0.0,1.0,REUSE
Wood,Severely Damaged,High,kg,855.0,51.1,0.0,3.0,0.0,1.0,0.0,0.0,0.0,1.0,0.0,DISPOSAL / SPECIALIZED HANDLING
Mixed Construction Waste,Moderate,Moderate,units,4926.7,25.7,2.0,2.0,0.0,0.0,0.0,0.0,0.0,0.0,1.0,RECOVER
Wood,Severely Damaged,Hazardous,units,3297.0,78.9,0.0,4.0,1.0,0.0,0.0,0.0,0.0,1.0,0.0,DISPOSAL / SPECIALIZED HANDLING
Brick,Good,None,kg,6560.8,6.4,3.0,0.0,0.0,0.0,0.0,0.0,0.0,0.0,1.0,REUSE
Plastic,Damaged,Low,tonnes,2303.4,68.5,1.0,1.0,0.0,0.0,0.0,0.0,0.0,0.0,1.0,RECOVER
Mixed Construction Waste,Damaged,Moderate,tonnes,4959.6,50.7,1.0,2.0,0.0,0.0,0.0,0.0,0.0,0.0,1.0,RECOVER
Brick,Damaged,Moderate,kg,3028.9,48.0,1.0,2.0,1.0,1.0,0.0,0.0,0.0,0.0,1.0,RECYCLE
Concrete,Moderate,Hazardous,tonnes,3948.8,3.4,2.0,4.0,1.0,1.0,0.0,0.0,0.0,1.0,0.0,DISPOSAL / SPECIALIZED HANDLING
Glass,Damaged,None,tonnes,5711.4,22.3,1.0,0.0,1.0,1.0,0.0,0.0,0.0,0.0,1.0,REPAIR
Ceramic / Tiles,Excellent,None,cubic metres,3631.6,6.2,4.0,0.0,0.0,0.0,0.0,0.0,0.0,0.0,1.0,REUSE
Steel,Excellent,None,kg,7431.2,0.1,4.0,0.0,0.0,0.0,0.0,0.0,0.0,0.0,1.0,REUSE
Asphalt,Damaged,Low,cubic metres,4422.7,56.8,1.0,1.0,0.0,0.0,0.0,0.0,0.0,0.0,1.0,RECOVER
Plastic,Damaged,Low,tonnes,5493.5,59.8,1.0,1.0,0.0,0.0,0.0,0.0,0.0,0.0,1.0,RECOVER
Ceramic / Tiles,Good,None,units,7683.1,27.4,3.0,0.0,1.0,0.0,0.0,0.0,0.0,0.0,1.0,REPAIR
Soil,Moderate,Hazardous,tonnes,7680.8,86.0,2.0,4.0,1.0,0.0,0.0,0.0,0.0,1.0,0.0,DISPOSAL / SPECIALIZED HANDLING
Concrete,Excellent,None,tonnes,1634.9,6.0,4.0,0.0,0.0,0.0,0.0,0.0,0.0,0.0,1.0,REUSE
Mixed Construction Waste,Damaged,Low,kg,6557.3,73.6,1.0,1.0,0.0,0.0,0.0,0.0,0.0,0.0,1.0,RECOVER
Concrete,Excellent,None,kg,4737.1,1.1,4.0,0.0,0.0,0.0,0.0,0.0,0.0,0.0,1.0,REUSE
Concrete,Excellent,None,tonnes,1824.5,5.9,4.0,0.0,0.0,0.0,0.0,0.0,0.0,0.0,1.0,REUSE
Soil,Damaged,None,tonnes,5296.4,72.5,1.0,0.0,0.0,0.0,0.0,0.0,0.0,0.0,1.0,RECYCLE
Glass,Moderate,Hazardous,units,920.4,83.0,2.0,4.0,1.0,1.0,0.0,0.0,0.0,1.0,0.0,DISPOSAL / SPECIALIZED HANDLING
Ceramic / Tiles,Good,None,cubic metres,1910.3,6.0,3.0,0.0,0.0,0.0,0.0,0.0,0.0,0.0,1.0,REUSE
Gypsum,Damaged,Low,kg,2160.8,20.0,1.0,1.0,0.0,0.0,0.0,0.0,0.0,0.0,1.0,RECOVER
Mixed Construction Waste,Severely Damaged,Moderate,tonnes,1214.9,28.5,0.0,2.0,0.0,0.0,0.0,0.0,0.0,0.0,1.0,RECOVER
Asphalt,Moderate,Moderate,cubic metres,873.4,66.9,2.0,2.0,0.0,0.0,0.0,0.0,0.0,0.0,1.0,RECOVER
Mixed Construction Waste,Severely Damaged,Hazardous,tonnes,7178.8,57.6,0.0,4.0,0.0,1.0,0.0,0.0,0.0,1.0,0.0,DISPOSAL / SPECIALIZED HANDLING
Concrete,Moderate,None,units,3307.9,23.4,2.0,0.0,1.0,0.0,0.0,0.0,0.0,0.0,1.0,REPAIR
Soil,Severely Damaged,None,units,3310.3,79.7,0.0,0.0,0.0,0.0,0.0,0.0,1.0,0.0,1.0,RECYCLE
Glass,Damaged,Moderate,kg,3617.5,52.9,1.0,2.0,0.0,1.0,0.0,0.0,0.0,0.0,1.0,RECYCLE
Concrete,Excellent,None,kg,7825.0,5.9,4.0,0.0,0.0,0.0,0.0,0.0,0.0,0.0,1.0,REUSE
Brick,Excellent,None,units,6741.3,7.0,4.0,0.0,0.0,0.0,0.0,0.0,0.0,0.0,1.0,REUSE
Concrete,Severely Damaged,None,cubic metres,7118.7,48.2,0.0,0.0,0.0,0.0,0.0,0.0,0.0,0.0,1.0,RECYCLE
Steel,Excellent,None,cubic metres,1405.6,5.8,4.0,0.0,0.0,0.0,0.0,0.0,0.0,0.0,1.0,REUSE
Gypsum,Severely Damaged,Low,units,3355.6,20.4,0.0,1.0,0.0,0.0,0.0,0.0,1.0,0.0,1.0,RECOVER
Asphalt,Severely Damaged,Moderate,units,6902.9,57.9,0.0,2.0,0.0,0.0,0.0,0.0,0.0,0.0,1.0,RECOVER
Steel,Excellent,None,kg,1622.1,0.2,4.0,0.0,0.0,0.0,0.0,0.0,0.0,0.0,1.0,REUSE
Gypsum,Severely Damaged,High,kg,4396.5,84.9,0.0,3.0,1.0,1.0,0.0,0.0,0.0,1.0,0.0,DISPOSAL / SPECIALIZED HANDLING
Gypsum,Excellent,Hazardous,cubic metres,4842.0,73.8,4.0,4.0,1.0,1.0,0.0,0.0,0.0,1.0,0.0,DISPOSAL / SPECIALIZED HANDLING
Ceramic / Tiles,Good,None,cubic metres,3354.3,3.3,3.0,0.0,0.0,0.0,0.0,0.0,0.0,0.0,1.0,REUSE
Asphalt,Moderate,None,tonnes,335.1,45.5,2.0,0.0,1.0,0.0,0.0,0.0,0.0,0.0,1.0,RECYCLE
Gypsum,Moderate,Low,cubic metres,7147.1,60.0,2.0,1.0,0.0,0.0,0.0,0.0,1.0,0.0,1.0,RECOVER
Brick,Good,High,kg,4357.4,26.7,3.0,3.0,1.0,1.0,0.0,0.0,0.0,1.0,0.0,DISPOSAL / SPECIALIZED HANDLING
Steel,Good,None,tonnes,7030.2,1.9,3.0,0.0,0.0,0.0,0.0,0.0,0.0,0.0,1.0,REUSE
Asphalt,Moderate,Low,tonnes,3821.8,37.5,2.0,1.0,1.0,0.0,0.0,0.0,0.0,0.0,1.0,RECYCLE
Asphalt,Severely Damaged,Low,tonnes,5639.6,54.0,0.0,1.0,1.0,1.0,0.0,0.0,0.0,0.0,1.0,RECYCLE
Concrete,Damaged,None,kg,2316.0,58.1,1.0,0.0,1.0,0.0,0.0,0.0,0.0,0.0,1.0,RECYCLE
Concrete,Damaged,None,tonnes,5827.8,50.0,1.0,0.0,1.0,0.0,0.0,0.0,0.0,0.0,1.0,RECYCLE
Wood,Moderate,High,kg,7978.1,46.7,2.0,3.0,1.0,0.0,0.0,0.0,0.0,1.0,0.0,DISPOSAL / SPECIALIZED HANDLING
Gypsum,Good,Hazardous,cubic metres,4890.6,22.9,3.0,4.0,1.0,0.0,0.0,0.0,0.0,1.0,0.0,DISPOSAL / SPECIALIZED HANDLING
Asphalt,Moderate,Low,cubic metres,1165.4,23.3,2.0,1.0,0.0,0.0,0.0,0.0,0.0,0.0,1.0,RECOVER
Asphalt,Good,Hazardous,tonnes,1660.8,84.4,3.0,4.0,1.0,0.0,0.0,0.0,0.0,1.0,0.0,DISPOSAL / SPECIALIZED HANDLING
Mixed Construction Waste,Damaged,High,tonnes,346.5,30.3,1.0,3.0,1.0,0.0,0.0,0.0,0.0,1.0,0.0,DISPOSAL / SPECIALIZED HANDLING
Gypsum,Moderate,High,cubic metres,1317.7,55.8,2.0,3.0,0.0,0.0,0.0,0.0,0.0,1.0,0.0,DISPOSAL / SPECIALIZED HANDLING
Asphalt,Moderate,Low,units,4443.0,22.9,2.0,1.0,0.0,0.0,0.0,0.0,0.0,0.0,1.0,RECOVER
Wood,Moderate,Low,tonnes,951.3,62.8,2.0,1.0,0.0,0.0,0.0,1.0,1.0,0.0,1.0,RECOVER
Steel,Good,High,tonnes,1420.5,1.3,3.0,3.0,1.0,1.0,1.0,0.0,0.0,1.0,0.0,DISPOSAL / SPECIALIZED HANDLING
Plastic,Good,High,units,2654.8,87.8,3.0,3.0,1.0,0.0,0.0,0.0,0.0,1.0,0.0,DISPOSAL / SPECIALIZED HANDLING
Plastic,Damaged,Moderate,tonnes,7211.5,25.6,1.0,2.0,0.0,0.0,0.0,0.0,0.0,0.0,1.0,RECOVER
Asphalt,Damaged,High,kg,6164.4,83.1,1.0,3.0,1.0,1.0,0.0,0.0,0.0,1.0,0.0,DISPOSAL / SPECIALIZED HANDLING
Brick,Damaged,Low,units,811.9,13.1,1.0,1.0,1.0,1.0,0.0,0.0,0.0,0.0,1.0,REPAIR
Plastic,Severely Damaged,Low,tonnes,3550.8,33.5,0.0,1.0,0.0,0.0,0.0,0.0,0.0,0.0,1.0,RECOVER
Mixed Construction Waste,Damaged,Moderate,units,4263.8,24.9,1.0,2.0,0.0,0.0,0.0,0.0,0.0,0.0,1.0,RECOVER
Steel,Moderate,Low,kg,153.1,17.5,2.0,1.0,1.0,0.0,1.0,0.0,0.0,0.0,1.0,REPAIR
Asphalt,Damaged,Moderate,tonnes,2662.7,47.1,1.0,2.0,0.0,0.0,0.0,0.0,0.0,0.0,1.0,RECOVER
Glass,Good,None,tonnes,2657.3,1.2,3.0,0.0,0.0,0.0,0.0,0.0,0.0,0.0,1.0,REUSE
Wood,Severely Damaged,Low,kg,6598.8,22.6,0.0,1.0,0.0,0.0,0.0,0.0,0.0,0.0,1.0,RECOVER
Plastic,Severely Damaged,High,kg,6329.8,82.4,0.0,3.0,0.0,0.0,0.0,0.0,0.0,1.0,0.0,DISPOSAL / SPECIALIZED HANDLING
Steel,Excellent,None,cubic metres,4800.3,0.4,4.0,0.0,0.0,0.0,0.0,0.0,0.0,0.0,1.0,REUSE
Ceramic / Tiles,Moderate,Low,kg,4229.6,11.7,2.0,1.0,1.0,0.0,0.0,0.0,0.0,0.0,1.0,REPAIR
Gypsum,Moderate,Moderate,cubic metres,1388.6,27.9,2.0,2.0,0.0,0.0,0.0,0.0,0.0,0.0,1.0,RECOVER
Asphalt,Severely Damaged,Low,kg,6972.3,27.7,0.0,1.0,0.0,0.0,0.0,0.0,0.0,0.0,1.0,RECOVER
Glass,Moderate,None,cubic metres,3858.2,19.4,2.0,0.0,1.0,0.0,0.0,0.0,0.0,0.0,1.0,REPAIR
Ceramic / Tiles,Good,Hazardous,kg,1827.3,30.9,3.0,4.0,1.0,1.0,0.0,0.0,0.0,1.0,0.0,DISPOSAL / SPECIALIZED HANDLING
Concrete,Moderate,None,units,5764.8,40.6,2.0,0.0,0.0,0.0,0.0,0.0,0.0,0.0,1.0,RECYCLE
Concrete,Excellent,None,cubic metres,4444.0,3.2,4.0,0.0,0.0,0.0,0.0,0.0,0.0,0.0,1.0,REUSE
Gypsum,Damaged,Hazardous,cubic metres,5354.8,83.5,1.0,4.0,1.0,1.0,0.0,0.0,0.0,1.0,0.0,DISPOSAL / SPECIALIZED HANDLING
Concrete,Damaged,None,units,1594.9,9.8,1.0,0.0,1.0,0.0,0.0,0.0,0.0,0.0,1.0,REPAIR
Concrete,Good,None,tonnes,1760.4,4.0,3.0,0.0,0.0,0.0,0.0,0.0,0.0,0.0,1.0,REUSE
Soil,Severely Damaged,None,kg,7426.6,28.7,0.0,0.0,1.0,1.0,0.0,0.0,0.0,0.0,1.0,RECYCLE
Concrete,Severely Damaged,Moderate,cubic metres,5538.3,60.3,0.0,2.0,1.0,1.0,0.0,0.0,0.0,0.0,1.0,RECYCLE
Plastic,Moderate,Moderate,cubic metres,3637.7,65.0,2.0,2.0,0.0,0.0,0.0,0.0,0.0,0.0,1.0,RECOVER
Mixed Construction Waste,Moderate,Moderate,kg,6429.0,20.1,2.0,2.0,0.0,0.0,0.0,0.0,0.0,0.0,0.0,RECOVER
Brick,Good,Hazardous,kg,5034.0,75.3,3.0,4.0,0.0,1.0,0.0,0.0,0.0,1.0,0.0,DISPOSAL / SPECIALIZED HANDLING
Gypsum,Damaged,Moderate,cubic metres,4920.2,70.1,1.0,2.0,0.0,0.0,0.0,0.0,0.0,0.0,1.0,RECOVER
Wood,Moderate,None,units,1135.2,6.0,2.0,0.0,1.0,0.0,0.0,0.0,0.0,0.0,1.0,REPAIR
Mixed Construction Waste,Good,Hazardous,units,7500.0,11.5,3.0,4.0,1.0,1.0,0.0,0.0,0.0,1.0,0.0,DISPOSAL / SPECIALIZED HANDLING
Glass,Excellent,None,tonnes,5723.1,0.4,4.0,0.0,0.0,0.0,0.0,0.0,0.0,0.0,1.0,REUSE
Glass,Damaged,None,units,3327.0,29.1,1.0,0.0,1.0,0.0,0.0,0.0,0.0,0.0,1.0,REPAIR
Asphalt,Severely Damaged,Low,kg,5648.0,53.7,0.0,1.0,0.0,0.0,0.0,0.0,0.0,0.0,1.0,RECOVER
Brick,Moderate,Low,kg,4566.8,6.0,2.0,1.0,1.0,0.0,0.0,0.0,0.0,0.0,1.0,REPAIR
Gypsum,Damaged,Hazardous,kg,4584.1,34.5,1.0,4.0,1.0,1.0,0.0,0.0,0.0,1.0,0.0,DISPOSAL / SPECIALIZED HANDLING
Glass,Damaged,None,units,5020.6,5.6,1.0,0.0,1.0,1.0,0.0,0.0,0.0,0.0,1.0,REPAIR
Ceramic / Tiles,Good,High,cubic metres,6090.0,6.3,3.0,3.0,0.0,0.0,0.0,0.0,0.0,1.0,0.0,DISPOSAL / SPECIALIZED HANDLING
Concrete,Severely Damaged,Hazardous,tonnes,4125.6,56.0,0.0,4.0,0.0,1.0,0.0,0.0,0.0,1.0,0.0,DISPOSAL / SPECIALIZED HANDLING
Concrete,Moderate,Moderate,cubic metres,4767.6,34.3,2.0,2.0,1.0,0.0,0.0,0.0,0.0,0.0,1.0,RECYCLE
Steel,Damaged,None,kg,2658.5,19.9,1.0,0.0,0.0,0.0,1.0,0.0,0.0,0.0,1.0,REPAIR
Plastic,Moderate,Hazardous,kg,2922.7,81.8,2.0,4.0,1.0,0.0,0.0,0.0,0.0,1.0,0.0,DISPOSAL / SPECIALIZED HANDLING
Glass,Damaged,None,cubic metres,7954.9,5.9,1.0,0.0,1.0,1.0,0.0,0.0,0.0,0.0,1.0,REPAIR
Mixed Construction Waste,Moderate,Low,kg,6467.3,71.4,2.0,1.0,0.0,0.0,0.0,0.0,0.0,0.0,1.0,RECOVER
Glass,Damaged,Low,kg,4301.9,18.0,1.0,1.0,1.0,0.0,0.0,0.0,0.0,0.0,1.0,REPAIR
Concrete,Damaged,None,tonnes,5497.7,13.3,1.0,0.0,1.0,0.0,0.0,0.0,0.0,0.0,1.0,REPAIR
Gypsum,Moderate,Hazardous,kg,73.9,87.3,2.0,4.0,1.0,0.0,0.0,0.0,0.0,1.0,0.0,DISPOSAL / SPECIALIZED HANDLING
Steel,Good,None,units,2892.3,5.3,3.0,0.0,0.0,0.0,1.0,0.0,0.0,0.0,1.0,REPAIR
Steel,Damaged,Hazardous,kg,5975.4,36.5,1.0,4.0,0.0,1.0,1.0,0.0,0.0,1.0,0.0,DISPOSAL / SPECIALIZED HANDLING
Mixed Construction Waste,Damaged,Hazardous,kg,7529.4,12.2,1.0,4.0,1.0,0.0,0.0,0.0,0.0,1.0,0.0,DISPOSAL / SPECIALIZED HANDLING
Ceramic / Tiles,Moderate,Hazardous,units,6286.4,28.4,2.0,4.0,1.0,1.0,0.0,0.0,0.0,1.0,0.0,DISPOSAL / SPECIALIZED HANDLING
Asphalt,Severely Damaged,Low,units,3828.5,51.2,0.0,1.0,0.0,0.0,0.0,0.0,0.0,0.0,1.0,RECOVER
Asphalt,Damaged,Hazardous,cubic metres,5750.8,61.8,1.0,4.0,0.0,1.0,0.0,0.0,0.0,1.0,0.0,DISPOSAL / SPECIALIZED HANDLING
Brick,Severely Damaged,None,units,2661.2,35.8,0.0,0.0,0.0,0.0,0.0,0.0,0.0,0.0,1.0,RECYCLE
Concrete,Severely Damaged,Low,tonnes,1495.9,77.8,0.0,1.0,0.0,0.0,0.0,0.0,0.0,0.0,1.0,RECYCLE
Soil,Damaged,None,units,7546.8,53.0,1.0,0.0,1.0,0.0,0.0,0.0,0.0,0.0,1.0,RECYCLE
Steel,Damaged,High,units,6650.7,69.0,1.0,3.0,1.0,0.0,1.0,0.0,0.0,1.0,0.0,DISPOSAL / SPECIALIZED HANDLING
Glass,Moderate,None,kg,866.0,34.4,2.0,0.0,1.0,0.0,0.0,0.0,0.0,0.0,1.0,REPAIR
Soil,Moderate,None,tonnes,3090.1,78.2,2.0,0.0,1.0,0.0,0.0,0.0,0.0,0.0,1.0,RECYCLE
Concrete,Excellent,High,kg,1229.6,25.0,4.0,3.0,0.0,0.0,0.0,0.0,0.0,1.0,0.0,DISPOSAL / SPECIALIZED HANDLING
Brick,Severely Damaged,Moderate,kg,2190.8,38.0,0.0,2.0,1.0,1.0,0.0,0.0,0.0,0.0,1.0,RECYCLE
Concrete,Moderate,None,kg,1465.0,7.6,2.0,0.0,1.0,0.0,0.0,0.0,0.0,0.0,1.0,REPAIR
Plastic,Severely Damaged,Moderate,cubic metres,6594.8,40.4,0.0,2.0,0.0,0.0,0.0,0.0,0.0,0.0,1.0,RECOVER
Wood,Damaged,Low,cubic metres,7973.2,14.9,1.0,1.0,0.0,1.0,0.0,1.0,0.0,0.0,1.0,REPAIR
Concrete,Good,None,tonnes,3928.5,19.4,3.0,0.0,1.0,0.0,0.0,0.0,0.0,0.0,1.0,REPAIR
Glass,Moderate,Low,units,5510.5,24.4,2.0,1.0,1.0,0.0,0.0,0.0,0.0,0.0,1.0,REPAIR
Concrete,Moderate,None,cubic metres,6956.8,61.1,2.0,0.0,1.0,0.0,0.0,0.0,0.0,0.0,1.0,RECYCLE
Plastic,Severely Damaged,High,cubic metres,1324.1,20.6,0.0,3.0,0.0,1.0,0.0,0.0,0.0,1.0,0.0,DISPOSAL / SPECIALIZED HANDLING
Plastic,Good,Hazardous,units,562.1,79.0,3.0,4.0,0.0,1.0,0.0,0.0,0.0,1.0,0.0,DISPOSAL / SPECIALIZED HANDLING
Ceramic / Tiles,Good,Hazardous,cubic metres,7675.2,39.4,3.0,4.0,0.0,1.0,0.0,0.0,0.0,1.0,0.0,DISPOSAL / SPECIALIZED HANDLING
Gypsum,Damaged,Moderate,cubic metres,997.4,30.8,1.0,2.0,0.0,0.0,0.0,0.0,1.0,0.0,1.0,RECOVER
Wood,Moderate,Low,kg,6661.8,55.3,2.0,1.0,0.0,0.0,0.0,0.0,1.0,0.0,1.0,RECOVER
Concrete,Moderate,None,cubic metres,5902.0,26.4,2.0,0.0,1.0,0.0,0.0,0.0,0.0,0.0,1.0,REPAIR
Ceramic / Tiles,Moderate,Low,kg,1327.9,29.0,2.0,1.0,1.0,0.0,0.0,0.0,0.0,0.0,1.0,REPAIR
Concrete,Severely Damaged,Moderate,kg,3405.4,61.2,0.0,2.0,0.0,0.0,0.0,0.0,0.0,0.0,1.0,RECYCLE
Steel,Good,Low,kg,4147.3,13.0,3.0,1.0,1.0,0.0,1.0,0.0,0.0,0.0,1.0,REPAIR
Glass,Moderate,Low,units,2789.0,15.4,2.0,1.0,1.0,0.0,0.0,0.0,0.0,0.0,1.0,REPAIR
Steel,Severely Damaged,High,units,6626.6,70.6,0.0,3.0,0.0,1.0,1.0,0.0,0.0,1.0,0.0,DISPOSAL / SPECIALIZED HANDLING
Brick,Moderate,None,tonnes,5240.3,31.9,2.0,0.0,1.0,0.0,0.0,0.0,0.0,0.0,1.0,REPAIR
Steel,Good,None,cubic metres,1941.7,30.1,3.0,0.0,1.0,0.0,1.0,0.0,0.0,0.0,1.0,REPAIR
Glass,Damaged,Low,cubic metres,5393.2,10.4,1.0,1.0,1.0,1.0,0.0,0.0,0.0,0.0,1.0,REPAIR
Steel,Damaged,None,cubic metres,7542.4,15.1,1.0,0.0,1.0,1.0,1.0,0.0,0.0,0.0,1.0,REPAIR
Steel,Moderate,High,tonnes,5675.1,18.8,2.0,3.0,1.0,1.0,1.0,0.0,0.0,1.0,0.0,DISPOSAL / SPECIALIZED HANDLING
Mixed Construction Waste,Moderate,High,kg,206.5,41.6,2.0,3.0,0.0,1.0,0.0,0.0,0.0,1.0,0.0,DISPOSAL / SPECIALIZED HANDLING
Concrete,Moderate,None,kg,5583.5,25.8,2.0,0.0,0.0,0.0,0.0,0.0,0.0,0.0,1.0,RECYCLE
Asphalt,Damaged,Moderate,cubic metres,3004.0,45.6,1.0,2.0,0.0,0.0,0.0,0.0,0.0,0.0,1.0,RECOVER
Mixed Construction Waste,Moderate,Moderate,kg,3693.0,25.3,2.0,2.0,0.0,0.0,0.0,0.0,0.0,0.0,1.0,RECOVER
Brick,Damaged,Low,units,1040.7,45.8,1.0,1.0,1.0,0.0,0.0,0.0,0.0,0.0,1.0,RECYCLE
Gypsum,Moderate,Low,kg,7591.3,59.9,2.0,1.0,0.0,0.0,0.0,0.0,0.0,0.0,1.0,RECOVER
Gypsum,Moderate,Low,tonnes,5971.8,27.3,2.0,1.0,0.0,0.0,0.0,0.0,0.0,0.0,1.0,RECOVER
Brick,Severely Damaged,Low,units,2520.9,77.7,0.0,1.0,1.0,0.0,0.0,0.0,0.0,0.0,1.0,RECYCLE
Plastic,Severely Damaged,Hazardous,cubic metres,4950.9,82.7,0.0,4.0,1.0,1.0,0.0,0.0,0.0,1.0,0.0,DISPOSAL / SPECIALIZED HANDLING
Concrete,Damaged,Low,cubic metres,1778.8,51.6,1.0,1.0,0.0,0.0,0.0,0.0,0.0,0.0,1.0,RECYCLE
Concrete,Good,None,cubic metres,7368.4,0.8,3.0,0.0,0.0,0.0,0.0,0.0,0.0,0.0,1.0,REUSE
Concrete,Damaged,Low,tonnes,6155.6,34.6,1.0,1.0,1.0,1.0,0.0,0.0,0.0,0.0,1.0,REPAIR
Steel,Good,None,cubic metres,5554.2,26.2,3.0,0.0,1.0,0.0,1.0,0.0,0.0,0.0,1.0,REPAIR
Mixed Construction Waste,Moderate,Moderate,cubic metres,4782.4,22.8,2.0,2.0,0.0,0.0,0.0,0.0,0.0,0.0,1.0,RECOVER
Ceramic / Tiles,Good,None,units,2034.4,3.2,3.0,0.0,0.0,0.0,0.0,0.0,0.0,0.0,1.0,REUSE
Glass,Good,None,kg,5185.9,6.5,3.0,0.0,0.0,0.0,0.0,0.0,0.0,0.0,1.0,REUSE
Ceramic / Tiles,Good,High,kg,4482.3,51.1,3.0,3.0,1.0,1.0,0.0,0.0,0.0,1.0,0.0,DISPOSAL / SPECIALIZED HANDLING
Wood,Damaged,Moderate,kg,3536.2,68.6,1.0,2.0,0.0,0.0,0.0,1.0,1.0,0.0,1.0,RECOVER
Soil,Severely Damaged,Moderate,units,5077.1,61.2,0.0,2.0,1.0,1.0,0.0,0.0,1.0,0.0,1.0,RECYCLE
Steel,Severely Damaged,High,tonnes,5620.0,33.8,0.0,3.0,0.0,1.0,1.0,0.0,0.0,1.0,0.0,DISPOSAL / SPECIALIZED HANDLING
Ceramic / Tiles,Good,None,kg,3625.4,3.7,3.0,0.0,0.0,0.0,0.0,0.0,0.0,0.0,1.0,REUSE
Asphalt,Severely Damaged,Low,kg,5869.3,38.3,0.0,1.0,1.0,1.0,0.0,0.0,0.0,0.0,1.0,RECYCLE
Wood,Damaged,None,cubic metres,823.2,34.2,1.0,0.0,1.0,0.0,0.0,0.0,0.0,0.0,1.0,REPAIR
Plastic,Severely Damaged,High,kg,5649.3,51.2,0.0,3.0,0.0,0.0,0.0,0.0,0.0,1.0,0.0,DISPOSAL / SPECIALIZED HANDLING
Wood,Moderate,Hazardous,tonnes,7054.7,24.0,2.0,4.0,1.0,0.0,0.0,0.0,0.0,1.0,0.0,DISPOSAL / SPECIALIZED HANDLING
Glass,Severely Damaged,None,kg,216.9,34.8,0.0,0.0,0.0,1.0,0.0,0.0,0.0,0.0,1.0,RECYCLE
Wood,Good,Low,tonnes,1562.2,20.2,3.0,1.0,1.0,0.0,0.0,0.0,0.0,0.0,1.0,REPAIR
Mixed Construction Waste,Damaged,Moderate,kg,5270.0,42.7,1.0,2.0,0.0,0.0,0.0,0.0,0.0,0.0,1.0,RECOVER
Ceramic / Tiles,Moderate,None,cubic metres,5444.0,13.7,2.0,0.0,1.0,0.0,0.0,0.0,0.0,0.0,1.0,REPAIR
Ceramic / Tiles,Damaged,Low,tonnes,5514.7,23.2,1.0,1.0,1.0,1.0,0.0,0.0,0.0,0.0,1.0,REPAIR
Glass,Good,Hazardous,tonnes,516.2,20.0,3.0,4.0,1.0,0.0,0.0,0.0,0.0,1.0,0.0,DISPOSAL / SPECIALIZED HANDLING
Glass,Excellent,None,kg,7260.1,7.8,4.0,0.0,0.0,0.0,0.0,0.0,0.0,0.0,1.0,REUSE
Soil,Moderate,None,tonnes,779.5,27.9,2.0,0.0,1.0,0.0,0.0,0.0,1.0,0.0,1.0,RECYCLE
Concrete,Excellent,High,tonnes,2706.7,44.2,4.0,3.0,0.0,1.0,0.0,0.0,0.0,1.0,0.0,DISPOSAL / SPECIALIZED HANDLING
Brick,Good,None,units,3600.7,29.6,3.0,0.0,1.0,0.0,0.0,0.0,0.0,0.0,1.0,REPAIR
Steel,Excellent,None,tonnes,7566.1,3.6,4.0,0.0,0.0,0.0,0.0,0.0,0.0,0.0,1.0,REUSE
Wood,Severely Damaged,Hazardous,tonnes,2690.5,36.8,0.0,4.0,0.0,0.0,0.0,0.0,0.0,1.0,0.0,DISPOSAL / SPECIALIZED HANDLING
Gypsum,Severely Damaged,Low,tonnes,4549.8,37.2,0.0,1.0,0.0,0.0,0.0,0.0,1.0,0.0,1.0,RECOVER
Steel,Excellent,None,tonnes,6850.8,3.5,4.0,0.0,0.0,0.0,0.0,0.0,0.0,0.0,1.0,REUSE
Steel,Excellent,None,units,7343.3,1.1,4.0,0.0,0.0,0.0,0.0,0.0,0.0,0.0,1.0,REUSE
Brick,Severely Damaged,Moderate,units,7138.1,33.5,0.0,2.0,0.0,0.0,0.0,0.0,0.0,0.0,1.0,RECYCLE
Wood,Severely Damaged,Low,kg,1679.4,25.7,0.0,1.0,0.0,0.0,0.0,1.0,0.0,0.0,1.0,RECOVER
Brick,Good,None,units,1377.4,7.6,3.0,0.0,0.0,0.0,0.0,0.0,0.0,0.0,1.0,REUSE
Brick,Excellent,None,units,4270.3,1.1,4.0,0.0,0.0,0.0,0.0,0.0,0.0,0.0,1.0,REUSE
Steel,Good,Low,units,3419.3,23.3,3.0,1.0,1.0,0.0,1.0,0.0,0.0,0.0,1.0,REPAIR
Wood,Excellent,Hazardous,units,4612.5,58.9,4.0,4.0,1.0,0.0,0.0,0.0,0.0,1.0,0.0,DISPOSAL / SPECIALIZED HANDLING
Concrete,Good,None,cubic metres,1960.8,25.1,3.0,0.0,1.0,0.0,0.0,0.0,0.0,0.0,1.0,REPAIR
Concrete,Moderate,Low,kg,5389.5,12.0,2.0,1.0,1.0,0.0,0.0,0.0,0.0,0.0,1.0,REPAIR
Brick,Good,None,cubic metres,2951.9,3.0,3.0,0.0,0.0,0.0,0.0,0.0,0.0,0.0,1.0,REUSE
Brick,Damaged,Low,units,7794.6,62.4,1.0,1.0,0.0,0.0,0.0,0.0,0.0,0.0,1.0,RECYCLE
Ceramic / Tiles,Good,Low,units,1808.5,21.3,3.0,1.0,1.0,0.0,0.0,0.0,0.0,0.0,1.0,REPAIR
Wood,Good,High,kg,5379.1,36.7,3.0,3.0,0.0,1.0,0.0,0.0,0.0,1.0,0.0,DISPOSAL / SPECIALIZED HANDLING
Gypsum,Moderate,Low,kg,3539.9,57.8,2.0,1.0,0.0,0.0,0.0,0.0,0.0,0.0,1.0,RECOVER
Gypsum,Moderate,None,kg,722.5,65.1,2.0,0.0,1.0,0.0,0.0,0.0,0.0,0.0,1.0,RECYCLE
Glass,Moderate,None,cubic metres,1161.5,53.4,2.0,0.0,1.0,0.0,0.0,0.0,0.0,0.0,1.0,RECYCLE
Mixed Construction Waste,Damaged,Hazardous,tonnes,2936.0,32.8,1.0,4.0,0.0,1.0,0.0,0.0,0.0,1.0,0.0,DISPOSAL / SPECIALIZED HANDLING
Ceramic / Tiles,Good,None,units,2846.9,3.4,3.0,0.0,0.0,0.0,0.0,0.0,0.0,0.0,1.0,REUSE
Mixed Construction Waste,Good,High,tonnes,389.8,15.5,3.0,3.0,1.0,0.0,0.0,0.0,0.0,1.0,0.0,DISPOSAL / SPECIALIZED HANDLING
Asphalt,Excellent,Hazardous,kg,2519.3,5.2,4.0,4.0,0.0,0.0,0.0,0.0,0.0,1.0,0.0,DISPOSAL / SPECIALIZED HANDLING
Wood,Moderate,Low,cubic metres,4715.7,22.8,2.0,1.0,1.0,0.0,0.0,0.0,0.0,0.0,1.0,REPAIR
Mixed Construction Waste,Severely Damaged,Moderate,tonnes,1722.1,61.2,0.0,2.0,0.0,0.0,0.0,0.0,0.0,0.0,1.0,RECOVER
Concrete,Good,None,tonnes,4372.5,23.0,3.0,0.0,1.0,0.0,0.0,0.0,0.0,0.0,1.0,REPAIR
Concrete,Excellent,High,units,4128.2,34.0,4.0,3.0,0.0,0.0,0.0,0.0,0.0,1.0,0.0,DISPOSAL / SPECIALIZED HANDLING
Mixed Construction Waste,Severely Damaged,High,cubic metres,2776.5,9.8,0.0,3.0,0.0,0.0,0.0,0.0,0.0,1.0,0.0,DISPOSAL / SPECIALIZED HANDLING
Glass,Excellent,None,units,5156.6,1.0,4.0,0.0,0.0,0.0,0.0,0.0,0.0,0.0,1.0,REUSE
Plastic,Severely Damaged,Low,cubic metres,4516.9,38.0,0.0,1.0,0.0,0.0,0.0,0.0,0.0,0.0,1.0,RECOVER
Ceramic / Tiles,Moderate,High,cubic metres,1992.7,68.2,2.0,3.0,1.0,0.0,0.0,0.0,0.0,1.0,0.0,DISPOSAL / SPECIALIZED HANDLING
Brick,Excellent,None,cubic metres,5103.7,3.0,4.0,0.0,0.0,0.0,0.0,0.0,0.0,0.0,1.0,REUSE
Glass,Severely Damaged,None,units,3480.5,30.7,0.0,0.0,1.0,0.0,0.0,0.0,0.0,0.0,1.0,RECYCLE
Steel,Severely Damaged,High,kg,759.0,54.2,0.0,3.0,0.0,0.0,1.0,0.0,0.0,1.0,0.0,DISPOSAL / SPECIALIZED HANDLING
Gypsum,Moderate,Low,kg,931.9,29.6,2.0,1.0,0.0,0.0,0.0,0.0,0.0,0.0,1.0,RECYCLE
Concrete,Good,None,cubic metres,5090.9,7.7,3.0,0.0,1.0,0.0,0.0,0.0,0.0,0.0,1.0,REPAIR
Glass,Moderate,High,cubic metres,2147.2,25.7,2.0,3.0,1.0,0.0,0.0,0.0,0.0,1.0,0.0,DISPOSAL / SPECIALIZED HANDLING
Brick,Good,None,tonnes,1902.3,12.9,3.0,0.0,1.0,0.0,0.0,0.0,0.0,0.0,1.0,REPAIR
Soil,Severely Damaged,None,tonnes,4903.0,70.7,0.0,0.0,1.0,1.0,0.0,0.0,1.0,0.0,1.0,RECYCLE
Ceramic / Tiles,Excellent,None,tonnes,4071.8,0.6,4.0,0.0,0.0,0.0,0.0,0.0,0.0,0.0,1.0,REUSE
Mixed Construction Waste,Excellent,High,tonnes,4421.2,72.9,4.0,3.0,0.0,1.0,0.0,0.0,0.0,1.0,0.0,DISPOSAL / SPECIALIZED HANDLING
Glass,Excellent,None,tonnes,5762.4,5.1,4.0,0.0,0.0,0.0,0.0,0.0,0.0,0.0,1.0,REUSE
Brick,Good,None,kg,2254.3,6.2,3.0,0.0,0.0,0.0,0.0,0.0,0.0,0.0,1.0,REUSE
Glass,Good,None,units,686.3,12.9,3.0,0.0,1.0,0.0,0.0,0.0,0.0,0.0,1.0,REPAIR
Steel,Excellent,None,cubic metres,7354.2,1.1,4.0,0.0,0.0,0.0,0.0,0.0,0.0,0.0,1.0,REUSE
Plastic,Damaged,Hazardous,units,1728.0,33.9,1.0,4.0,1.0,1.0,0.0,0.0,0.0,1.0,0.0,DISPOSAL / SPECIALIZED HANDLING
Asphalt,Moderate,None,kg,5021.5,67.7,2.0,0.0,1.0,0.0,0.0,0.0,0.0,0.0,1.0,RECYCLE
Glass,Moderate,Low,units,1797.8,10.1,2.0,1.0,1.0,0.0,0.0,0.0,0.0,0.0,1.0,REPAIR
Gypsum,Moderate,Low,units,3216.0,72.4,2.0,1.0,1.0,0.0,0.0,0.0,1.0,0.0,1.0,RECYCLE
Wood,Excellent,High,kg,2143.2,12.8,4.0,3.0,0.0,0.0,0.0,0.0,0.0,1.0,0.0,DISPOSAL / SPECIALIZED HANDLING
Ceramic / Tiles,Damaged,Low,units,4513.6,22.5,1.0,1.0,0.0,1.0,0.0,0.0,0.0,0.0,1.0,REPAIR
Wood,Excellent,High,cubic metres,788.8,89.3,4.0,3.0,0.0,1.0,0.0,0.0,0.0,1.0,0.0,DISPOSAL / SPECIALIZED HANDLING
Brick,Excellent,None,kg,4445.3,7.4,4.0,0.0,0.0,0.0,0.0,0.0,0.0,0.0,1.0,REUSE
Gypsum,Moderate,Moderate,cubic metres,1234.8,24.4,2.0,2.0,0.0,0.0,0.0,0.0,1.0,0.0,1.0,RECOVER
Concrete,Excellent,None,cubic metres,7928.3,0.3,4.0,0.0,0.0,0.0,0.0,0.0,0.0,0.0,1.0,REUSE
Ceramic / Tiles,Moderate,Low,tonnes,5835.8,10.0,2.0,1.0,1.0,0.0,0.0,0.0,0.0,0.0,1.0,REPAIR
Glass,Moderate,None,kg,7039.3,25.2,2.0,0.0,1.0,0.0,0.0,0.0,0.0,0.0,1.0,RECYCLE
Mixed Construction Waste,Excellent,Hazardous,tonnes,515.8,11.2,4.0,4.0,0.0,1.0,0.0,0.0,0.0,1.0,0.0,DISPOSAL / SPECIALIZED HANDLING
Mixed Construction Waste,Severely Damaged,High,cubic metres,2296.0,39.6,0.0,3.0,1.0,0.0,0.0,0.0,0.0,1.0,0.0,DISPOSAL / SPECIALIZED HANDLING
Steel,Moderate,Low,kg,5944.4,9.0,2.0,1.0,0.0,0.0,1.0,0.0,0.0,0.0,1.0,REPAIR
Gypsum,Damaged,Low,units,5811.8,53.0,1.0,1.0,0.0,0.0,0.0,0.0,1.0,0.0,1.0,RECOVER
Ceramic / Tiles,Excellent,None,tonnes,7718.4,3.8,4.0,0.0,0.0,0.0,0.0,0.0,0.0,0.0,1.0,REUSE
Soil,Moderate,Low,cubic metres,3841.1,69.3,2.0,1.0,1.0,0.0,0.0,0.0,1.0,0.0,1.0,RECYCLE
Plastic,Moderate,Moderate,kg,6211.0,72.2,2.0,2.0,0.0,0.0,0.0,0.0,0.0,0.0,1.0,RECOVER
Glass,Moderate,None,tonnes,3735.5,25.7,2.0,0.0,1.0,0.0,0.0,0.0,0.0,0.0,1.0,REPAIR
Asphalt,Severely Damaged,Moderate,units,6162.8,20.9,0.0,2.0,0.0,0.0,0.0,0.0,0.0,0.0,1.0,RECOVER
Wood,Severely Damaged,Moderate,kg,87.1,25.3,0.0,2.0,0.0,0.0,0.0,0.0,1.0,0.0,1.0,RECOVER
Wood,Severely Damaged,Low,units,5301.9,74.9,0.0,1.0,0.0,0.0,0.0,0.0,1.0,0.0,1.0,RECOVER
Brick,Severely Damaged,Moderate,cubic metres,3360.2,76.9,0.0,2.0,1.0,1.0,0.0,0.0,0.0,0.0,1.0,RECYCLE
Glass,Good,None,kg,1161.2,5.2,3.0,0.0,0.0,0.0,0.0,0.0,0.0,0.0,1.0,REUSE
Concrete,Severely Damaged,Low,cubic metres,6111.6,25.2,0.0,1.0,0.0,0.0,0.0,0.0,0.0,0.0,1.0,RECYCLE
Steel,Good,None,units,4404.1,5.1,3.0,0.0,0.0,0.0,1.0,0.0,0.0,0.0,1.0,REPAIR
Ceramic / Tiles,Severely Damaged,High,cubic metres,1889.0,19.4,0.0,3.0,0.0,0.0,0.0,0.0,0.0,1.0,0.0,DISPOSAL / SPECIALIZED HANDLING
Wood,Moderate,Moderate,tonnes,6090.1,64.3,2.0,2.0,0.0,0.0,0.0,1.0,1.0,0.0,1.0,RECOVER
Soil,Damaged,High,kg,6678.0,81.7,1.0,3.0,0.0,1.0,0.0,0.0,0.0,1.0,0.0,DISPOSAL / SPECIALIZED HANDLING
Wood,Damaged,Low,units,5799.5,49.4,1.0,1.0,0.0,0.0,0.0,1.0,1.0,0.0,1.0,RECOVER
Asphalt,Severely Damaged,Low,kg,1381.1,36.5,0.0,1.0,0.0,0.0,0.0,0.0,0.0,0.0,1.0,RECYCLE
Plastic,Severely Damaged,Low,kg,80.5,30.2,0.0,1.0,0.0,0.0,0.0,0.0,0.0,0.0,1.0,RECOVER
Brick,Moderate,High,kg,4198.2,6.2,2.0,3.0,0.0,0.0,0.0,0.0,0.0,1.0,0.0,DISPOSAL / SPECIALIZED HANDLING
Wood,Severely Damaged,Moderate,tonnes,610.7,22.3,0.0,2.0,0.0,0.0,0.0,1.0,0.0,0.0,1.0,RECOVER
Glass,Moderate,Hazardous,units,348.5,41.9,2.0,4.0,1.0,0.0,0.0,0.0,0.0,1.0,0.0,DISPOSAL / SPECIALIZED HANDLING
Wood,Damaged,Low,units,1598.2,18.2,1.0,1.0,0.0,1.0,0.0,1.0,0.0,0.0,1.0,REPAIR
Ceramic / Tiles,Excellent,None,cubic metres,7961.4,5.7,4.0,0.0,0.0,0.0,0.0,0.0,0.0,0.0,1.0,REUSE
Concrete,Excellent,None,units,727.2,1.2,4.0,0.0,0.0,0.0,0.0,0.0,0.0,0.0,1.0,REUSE
Gypsum,Moderate,Low,tonnes,7031.5,29.7,2.0,1.0,0.0,0.0,0.0,0.0,0.0,0.0,1.0,RECOVER
Ceramic / Tiles,Good,None,kg,7610.4,5.1,3.0,0.0,0.0,0.0,0.0,0.0,0.0,0.0,1.0,REUSE
Ceramic / Tiles,Good,High,units,3342.2,38.4,3.0,3.0,1.0,0.0,0.0,0.0,0.0,1.0,0.0,DISPOSAL / SPECIALIZED HANDLING
Glass,Severely Damaged,High,cubic metres,7390.7,44.7,0.0,3.0,0.0,0.0,0.0,0.0,0.0,1.0,0.0,DISPOSAL / SPECIALIZED HANDLING
Concrete,Good,Low,kg,741.9,14.6,3.0,1.0,1.0,0.0,0.0,0.0,0.0,0.0,1.0,REPAIR
Ceramic / Tiles,Moderate,Hazardous,tonnes,6116.4,87.1,2.0,4.0,1.0,0.0,0.0,0.0,0.0,1.0,0.0,DISPOSAL / SPECIALIZED HANDLING
Gypsum,Severely Damaged,Low,kg,5355.0,21.5,0.0,1.0,0.0,0.0,0.0,0.0,0.0,0.0,1.0,RECOVER
Concrete,Good,None,kg,5278.4,6.9,3.0,0.0,0.0,0.0,0.0,0.0,0.0,0.0,1.0,REUSE
Asphalt,Severely Damaged,Low,kg,7413.5,56.2,0.0,1.0,0.0,0.0,0.0,0.0,0.0,0.0,1.0,RECOVER
Steel,Moderate,None,kg,876.2,5.8,2.0,0.0,0.0,0.0,1.0,0.0,0.0,0.0,1.0,REPAIR
Wood,Good,None,tonnes,3939.4,5.8,3.0,0.0,1.0,0.0,0.0,0.0,0.0,0.0,1.0,REPAIR
Wood,Severely Damaged,Moderate,cubic metres,7150.2,26.6,0.0,2.0,0.0,0.0,0.0,0.0,1.0,0.0,1.0,RECOVER
Glass,Excellent,None,kg,4211.7,5.3,4.0,0.0,0.0,0.0,0.0,0.0,0.0,0.0,1.0,REUSE
Mixed Construction Waste,Damaged,Low,units,448.1,26.7,1.0,1.0,0.0,0.0,0.0,0.0,0.0,0.0,1.0,RECOVER
Glass,Good,None,units,5102.9,0.8,3.0,0.0,0.0,0.0,0.0,0.0,0.0,0.0,1.0,REUSE
Concrete,Good,None,tonnes,7758.2,2.9,3.0,0.0,0.0,0.0,0.0,0.0,0.0,0.0,1.0,REUSE
Brick,Damaged,High,tonnes,7207.5,63.0,1.0,3.0,0.0,1.0,0.0,0.0,0.0,1.0,0.0,DISPOSAL / SPECIALIZED HANDLING
Ceramic / Tiles,Moderate,High,kg,7385.4,86.7,2.0,3.0,1.0,0.0,0.0,0.0,0.0,1.0,0.0,DISPOSAL / SPECIALIZED HANDLING
Concrete,Damaged,Low,cubic metres,3828.1,56.5,1.0,1.0,1.0,1.0,0.0,0.0,0.0,0.0,1.0,RECYCLE
Asphalt,Moderate,Low,kg,4986.5,32.7,2.0,1.0,0.0,0.0,0.0,0.0,0.0,0.0,1.0,RECOVER
Wood,Moderate,None,kg,144.0,25.9,2.0,0.0,1.0,0.0,0.0,0.0,0.0,0.0,1.0,REPAIR
Gypsum,Severely Damaged,Moderate,cubic metres,7703.0,61.8,0.0,2.0,1.0,1.0,0.0,0.0,0.0,0.0,1.0,RECYCLE
Gypsum,Severely Damaged,Low,cubic metres,6157.3,31.0,0.0,1.0,0.0,0.0,0.0,0.0,1.0,0.0,1.0,RECYCLE
Steel,Good,None,units,3436.7,31.2,3.0,0.0,1.0,0.0,1.0,0.0,0.0,0.0,1.0,REPAIR
Glass,Severely Damaged,Low,kg,2856.4,37.4,0.0,1.0,0.0,0.0,0.0,0.0,0.0,0.0,1.0,RECYCLE
Mixed Construction Waste,Damaged,Low,units,2964.4,44.1,1.0,1.0,0.0,0.0,0.0,0.0,0.0,0.0,1.0,RECOVER
Mixed Construction Waste,Damaged,Low,cubic metres,5152.5,47.1,1.0,1.0,0.0,0.0,0.0,0.0,0.0,0.0,1.0,RECOVER
Steel,Damaged,None,tonnes,6012.0,8.7,1.0,0.0,0.0,1.0,0.0,0.0,0.0,0.0,1.0,REPAIR
Ceramic / Tiles,Excellent,None,units,6748.1,1.4,4.0,0.0,0.0,0.0,0.0,0.0,0.0,0.0,1.0,REUSE
Concrete,Excellent,None,units,4619.8,3.1,4.0,0.0,0.0,0.0,0.0,0.0,0.0,0.0,1.0,REUSE
Brick,Excellent,None,tonnes,5626.9,0.1,4.0,0.0,0.0,0.0,0.0,0.0,0.0,0.0,1.0,REUSE
Asphalt,Damaged,Moderate,tonnes,7123.4,44.8,1.0,2.0,0.0,0.0,0.0,0.0,0.0,0.0,1.0,RECOVER
Concrete,Good,None,tonnes,510.4,5.6,3.0,0.0,0.0,0.0,0.0,0.0,0.0,0.0,1.0,REUSE
Plastic,Damaged,Moderate,cubic metres,3168.2,30.9,1.0,2.0,0.0,0.0,0.0,0.0,0.0,0.0,1.0,RECOVER
Steel,Excellent,None,kg,4939.3,5.2,4.0,0.0,0.0,0.0,0.0,0.0,0.0,0.0,1.0,REUSE
Asphalt,Severely Damaged,Low,kg,5796.1,68.6,0.0,1.0,0.0,0.0,0.0,0.0,0.0,0.0,1.0,RECOVER
Plastic,Damaged,Low,cubic metres,1572.3,40.0,1.0,1.0,0.0,0.0,0.0,0.0,0.0,0.0,1.0,RECOVER
Gypsum,Damaged,None,units,117.8,63.8,1.0,0.0,1.0,1.0,0.0,0.0,1.0,0.0,1.0,RECYCLE
Concrete,Damaged,High,cubic metres,1275.0,57.6,1.0,3.0,0.0,1.0,0.0,0.0,0.0,1.0,0.0,DISPOSAL / SPECIALIZED HANDLING
Glass,Severely Damaged,Moderate,units,7786.3,41.8,0.0,2.0,0.0,1.0,0.0,0.0,0.0,0.0,1.0,RECYCLE
Mixed Construction Waste,Moderate,Low,cubic metres,958.2,45.8,2.0,1.0,0.0,0.0,0.0,0.0,0.0,0.0,1.0,RECOVER
Plastic,Damaged,Moderate,tonnes,1871.3,67.9,1.0,2.0,0.0,0.0,0.0,0.0,0.0,0.0,1.0,RECOVER
Ceramic / Tiles,Damaged,None,units,7373.5,11.0,1.0,0.0,1.0,0.0,0.0,0.0,0.0,0.0,1.0,REPAIR
Plastic,Damaged,Moderate,units,329.3,20.4,1.0,2.0,0.0,0.0,0.0,0.0,0.0,0.0,1.0,RECOVER
Concrete,Damaged,None,kg,576.7,19.1,1.0,0.0,1.0,1.0,0.0,0.0,0.0,0.0,1.0,REPAIR
Soil,Damaged,Moderate,units,852.3,45.7,1.0,2.0,0.0,0.0,0.0,0.0,1.0,0.0,1.0,RECYCLE
Ceramic / Tiles,Moderate,Hazardous,tonnes,2618.6,73.3,2.0,4.0,0.0,0.0,0.0,0.0,0.0,1.0,0.0,DISPOSAL / SPECIALIZED HANDLING
Mixed Construction Waste,Severely Damaged,Moderate,tonnes,7060.4,21.3,0.0,2.0,0.0,0.0,0.0,0.0,0.0,0.0,1.0,RECOVER
Plastic,Moderate,Low,kg,1111.2,45.9,2.0,1.0,0.0,0.0,0.0,0.0,0.0,0.0,1.0,RECOVER
Brick,Severely Damaged,Moderate,cubic metres,4702.5,49.5,0.0,2.0,1.0,0.0,0.0,0.0,0.0,0.0,1.0,RECYCLE
Concrete,Good,None,units,5153.2,7.1,3.0,0.0,0.0,0.0,0.0,0.0,0.0,0.0,1.0,REUSE
Glass,Moderate,None,units,2952.4,17.6,2.0,0.0,1.0,0.0,0.0,0.0,0.0,0.0,1.0,REPAIR
Glass,Good,None,kg,6377.3,1.3,3.0,0.0,0.0,0.0,0.0,0.0,0.0,0.0,1.0,REUSE
Plastic,Severely Damaged,Hazardous,cubic metres,5537.6,65.7,0.0,4.0,1.0,1.0,0.0,0.0,0.0,1.0,0.0,DISPOSAL / SPECIALIZED HANDLING
Ceramic / Tiles,Excellent,None,kg,695.7,6.6,4.0,0.0,0.0,0.0,0.0,0.0,0.0,0.0,1.0,REUSE
Concrete,Damaged,None,kg,7596.0,76.3,1.0,0.0,1.0,0.0,0.0,0.0,0.0,0.0,1.0,RECYCLE
Concrete,Good,None,cubic metres,7712.4,1.1,3.0,0.0,0.0,0.0,0.0,0.0,0.0,0.0,1.0,REUSE
Gypsum,Severely Damaged,None,kg,2732.2,75.1,0.0,0.0,0.0,1.0,0.0,0.0,0.0,0.0,1.0,RECYCLE
Soil,Damaged,Moderate,tonnes,668.6,56.4,1.0,2.0,1.0,1.0,0.0,0.0,1.0,0.0,1.0,RECYCLE
Mixed Construction Waste,Good,Hazardous,units,6902.0,59.6,3.0,4.0,1.0,0.0,0.0,0.0,0.0,1.0,0.0,DISPOSAL / SPECIALIZED HANDLING
Asphalt,Moderate,High,tonnes,7409.0,37.3,2.0,3.0,1.0,1.0,0.0,0.0,0.0,1.0,0.0,DISPOSAL / SPECIALIZED HANDLING
Brick,Good,None,cubic metres,3756.7,6.2,3.0,0.0,0.0,0.0,0.0,0.0,0.0,0.0,1.0,REUSE
Soil,Moderate,Low,units,990.7,26.6,2.0,1.0,1.0,0.0,0.0,0.0,0.0,0.0,1.0,RECYCLE
Asphalt,Severely Damaged,Moderate,tonnes,7727.2,70.0,0.0,2.0,1.0,1.0,0.0,0.0,0.0,0.0,1.0,RECYCLE
Plastic,Good,High,units,596.1,15.9,3.0,3.0,0.0,1.0,0.0,0.0,0.0,1.0,0.0,DISPOSAL / SPECIALIZED HANDLING
Asphalt,Damaged,Low,kg,7048.3,26.6,1.0,1.0,0.0,0.0,0.0,0.0,0.0,0.0,1.0,RECOVER
Wood,Severely Damaged,Low,kg,6727.8,39.6,0.0,1.0,0.0,0.0,0.0,0.0,1.0,0.0,1.0,RECOVER
Glass,Excellent,High,kg,6645.2,11.7,4.0,3.0,1.0,1.0,0.0,0.0,0.0,1.0,0.0,DISPOSAL / SPECIALIZED HANDLING
Wood,Moderate,Moderate,tonnes,5210.1,62.6,2.0,2.0,0.0,0.0,0.0,1.0,0.0,0.0,1.0,RECOVER
Plastic,Good,High,cubic metres,3123.9,33.4,3.0,3.0,0.0,1.0,0.0,0.0,0.0,1.0,0.0,DISPOSAL / SPECIALIZED HANDLING
Steel,Good,Low,kg,3183.6,25.3,3.0,1.0,1.0,0.0,0.0,0.0,0.0,0.0,1.0,REPAIR
Steel,Good,Hazardous,kg,3621.8,54.3,3.0,4.0,0.0,1.0,1.0,0.0,0.0,1.0,0.0,DISPOSAL / SPECIALIZED HANDLING
Ceramic / Tiles,Excellent,None,tonnes,5498.3,4.6,4.0,0.0,0.0,0.0,0.0,0.0,0.0,0.0,1.0,REUSE
Concrete,Good,None,cubic metres,2829.8,1.8,3.0,0.0,0.0,0.0,0.0,0.0,0.0,0.0,1.0,REUSE
Asphalt,Damaged,Low,tonnes,6291.9,40.1,1.0,1.0,0.0,0.0,0.0,0.0,0.0,0.0,1.0,RECOVER
Steel,Severely Damaged,Hazardous,tonnes,1755.2,79.4,0.0,4.0,1.0,1.0,1.0,0.0,0.0,1.0,0.0,DISPOSAL / SPECIALIZED HANDLING
Glass,Severely Damaged,Low,tonnes,5482.4,34.5,0.0,1.0,1.0,1.0,0.0,0.0,0.0,0.0,1.0,RECYCLE
Wood,Damaged,None,kg,3032.8,11.3,1.0,0.0,0.0,1.0,0.0,0.0,0.0,0.0,1.0,REPAIR
Steel,Excellent,None,cubic metres,2156.8,3.6,4.0,0.0,0.0,0.0,0.0,0.0,0.0,0.0,1.0,REUSE
Concrete,Damaged,None,cubic metres,2798.7,18.0,1.0,0.0,1.0,1.0,0.0,0.0,0.0,0.0,1.0,REPAIR
Brick,Excellent,None,units,3970.3,2.2,4.0,0.0,0.0,0.0,0.0,0.0,0.0,0.0,1.0,REUSE
Asphalt,Damaged,Low,tonnes,6774.9,29.3,1.0,1.0,0.0,0.0,0.0,0.0,0.0,0.0,1.0,RECOVER
Plastic,Good,Hazardous,kg,1655.9,57.4,3.0,4.0,0.0,0.0,0.0,0.0,0.0,1.0,0.0,DISPOSAL / SPECIALIZED HANDLING
Steel,Excellent,None,tonnes,4552.3,1.5,4.0,0.0,0.0,0.0,0.0,0.0,0.0,0.0,1.0,REUSE
Asphalt,Severely Damaged,Hazardous,kg,177.7,21.4,0.0,4.0,0.0,1.0,0.0,0.0,0.0,1.0,0.0,DISPOSAL / SPECIALIZED HANDLING
Asphalt,Damaged,Hazardous,units,183.7,4.5,1.0,4.0,0.0,1.0,0.0,0.0,0.0,1.0,0.0,DISPOSAL / SPECIALIZED HANDLING
Plastic,Moderate,High,kg,6452.6,75.6,2.0,3.0,0.0,1.0,0.0,0.0,0.0,1.0,0.0,DISPOSAL / SPECIALIZED HANDLING
Plastic,Moderate,Low,kg,3160.8,31.9,2.0,1.0,0.0,0.0,0.0,0.0,0.0,0.0,1.0,RECOVER
Gypsum,Moderate,Low,units,3277.6,69.0,2.0,1.0,0.0,0.0,0.0,0.0,0.0,0.0,1.0,RECOVER
Ceramic / Tiles,Good,None,tonnes,4157.3,6.7,3.0,0.0,1.0,0.0,0.0,0.0,0.0,0.0,1.0,REPAIR
Glass,Moderate,None,tonnes,733.8,65.8,2.0,0.0,1.0,0.0,0.0,0.0,0.0,0.0,1.0,RECYCLE
Plastic,Damaged,Moderate,cubic metres,439.0,72.2,1.0,2.0,0.0,0.0,0.0,0.0,0.0,0.0,1.0,RECOVER
Brick,Excellent,None,kg,1996.5,1.2,4.0,0.0,0.0,0.0,0.0,0.0,0.0,0.0,1.0,REUSE
Wood,Damaged,Hazardous,units,1965.3,1.4,1.0,4.0,1.0,1.0,0.0,0.0,0.0,1.0,0.0,DISPOSAL / SPECIALIZED HANDLING
Mixed Construction Waste,Damaged,Hazardous,tonnes,6152.4,28.8,1.0,4.0,1.0,0.0,0.0,0.0,0.0,1.0,0.0,DISPOSAL / SPECIALIZED HANDLING
Plastic,Severely Damaged,Moderate,cubic metres,203.1,37.8,0.0,2.0,0.0,0.0,0.0,0.0,0.0,0.0,1.0,RECOVER
Asphalt,Damaged,High,tonnes,7872.2,68.7,1.0,3.0,1.0,0.0,0.0,0.0,0.0,1.0,0.0,DISPOSAL / SPECIALIZED HANDLING
Steel,Damaged,Hazardous,kg,3649.8,27.1,1.0,4.0,0.0,0.0,1.0,0.0,0.0,1.0,0.0,DISPOSAL / SPECIALIZED HANDLING
Brick,Severely Damaged,High,units,1362.9,72.6,0.0,3.0,0.0,1.0,0.0,0.0,0.0,1.0,0.0,DISPOSAL / SPECIALIZED HANDLING
Wood,Severely Damaged,Moderate,cubic metres,1760.9,43.7,0.0,2.0,0.0,0.0,0.0,1.0,0.0,0.0,1.0,RECOVER
Wood,Moderate,High,units,6805.6,48.7,2.0,3.0,0.0,1.0,0.0,0.0,0.0,1.0,0.0,DISPOSAL / SPECIALIZED HANDLING
Ceramic / Tiles,Excellent,None,tonnes,1358.1,4.6,4.0,0.0,0.0,0.0,0.0,0.0,0.0,0.0,1.0,REUSE
Ceramic / Tiles,Good,None,kg,1639.2,16.4,3.0,0.0,1.0,0.0,0.0,0.0,0.0,0.0,1.0,REPAIR
Brick,Excellent,None,cubic metres,259.0,1.9,4.0,0.0,0.0,0.0,0.0,0.0,0.0,0.0,1.0,REUSE
Wood,Damaged,Hazardous,kg,5821.6,80.2,1.0,4.0,1.0,0.0,0.0,0.0,0.0,1.0,0.0,DISPOSAL / SPECIALIZED HANDLING
Concrete,Good,None,kg,5812.5,3.3,3.0,0.0,0.0,0.0,0.0,0.0,0.0,0.0,1.0,REUSE
Wood,Excellent,Hazardous,kg,6214.1,47.5,4.0,4.0,0.0,0.0,0.0,0.0,0.0,1.0,0.0,DISPOSAL / SPECIALIZED HANDLING
Ceramic / Tiles,Excellent,High,tonnes,6981.1,4.9,4.0,3.0,0.0,0.0,0.0,0.0,0.0,1.0,0.0,DISPOSAL / SPECIALIZED HANDLING
Glass,Excellent,High,kg,4448.3,51.7,4.0,3.0,0.0,0.0,0.0,0.0,0.0,1.0,0.0,DISPOSAL / SPECIALIZED HANDLING
Glass,Moderate,Low,kg,7163.3,10.7,2.0,1.0,1.0,0.0,0.0,0.0,0.0,0.0,1.0,REPAIR
Concrete,Excellent,None,tonnes,4769.8,3.8,4.0,0.0,0.0,0.0,0.0,0.0,0.0,0.0,1.0,REUSE
Wood,Damaged,Low,tonnes,844.0,30.8,1.0,1.0,0.0,0.0,0.0,0.0,0.0,0.0,1.0,RECOVER
Plastic,Excellent,High,kg,3408.8,85.7,4.0,3.0,0.0,0.0,0.0,0.0,0.0,1.0,0.0,DISPOSAL / SPECIALIZED HANDLING
Plastic,Moderate,Moderate,kg,3490.3,47.3,2.0,2.0,0.0,0.0,0.0,0.0,0.0,0.0,1.0,RECOVER
Asphalt,Damaged,High,units,7578.6,65.0,1.0,3.0,1.0,1.0,0.0,0.0,0.0,1.0,0.0,DISPOSAL / SPECIALIZED HANDLING
Asphalt,Severely Damaged,None,kg,306.6,57.1,0.0,0.0,1.0,1.0,0.0,0.0,0.0,0.0,1.0,RECYCLE
Ceramic / Tiles,Good,None,kg,1942.1,33.1,3.0,0.0,1.0,0.0,0.0,0.0,0.0,0.0,1.0,REPAIR
Soil,Moderate,Hazardous,tonnes,2981.0,35.9,2.0,4.0,0.0,1.0,0.0,0.0,0.0,1.0,0.0,DISPOSAL / SPECIALIZED HANDLING
Wood,Damaged,Low,kg,6863.2,50.9,1.0,1.0,0.0,0.0,0.0,1.0,1.0,0.0,1.0,RECOVER
Plastic,Severely Damaged,Low,kg,5897.2,36.3,0.0,1.0,0.0,0.0,0.0,0.0,0.0,0.0,1.0,RECOVER
Steel,Excellent,None,kg,1836.4,4.4,4.0,0.0,0.0,0.0,0.0,0.0,0.0,0.0,1.0,REUSE
Glass,Damaged,Moderate,units,4715.6,70.1,1.0,2.0,1.0,1.0,0.0,0.0,0.0,0.0,1.0,RECYCLE
Brick,Good,None,kg,2678.9,2.2,3.0,0.0,0.0,0.0,0.0,0.0,0.0,0.0,1.0,REUSE
Ceramic / Tiles,Excellent,None,cubic metres,1024.0,2.6,4.0,0.0,0.0,0.0,0.0,0.0,0.0,0.0,1.0,REUSE
Ceramic / Tiles,Moderate,Hazardous,kg,6973.2,79.7,2.0,4.0,0.0,1.0,0.0,0.0,0.0,1.0,0.0,DISPOSAL / SPECIALIZED HANDLING
Gypsum,Moderate,Low,units,7377.8,43.9,2.0,1.0,0.0,0.0,0.0,0.0,0.0,0.0,1.0,RECYCLE
Glass,Moderate,Low,cubic metres,6483.3,55.1,2.0,1.0,1.0,0.0,0.0,0.0,0.0,0.0,1.0,RECYCLE
Gypsum,Moderate,None,tonnes,2159.0,32.5,2.0,0.0,0.0,0.0,0.0,0.0,1.0,0.0,1.0,RECYCLE
Asphalt,Good,Hazardous,kg,3036.7,1.9,3.0,4.0,1.0,0.0,0.0,0.0,0.0,1.0,0.0,DISPOSAL / SPECIALIZED HANDLING
Wood,Moderate,Low,units,2442.1,5.2,2.0,1.0,1.0,0.0,0.0,0.0,0.0,0.0,1.0,REPAIR
Plastic,Moderate,Low,kg,6867.4,36.3,2.0,1.0,0.0,0.0,0.0,0.0,0.0,0.0,1.0,RECOVER
Asphalt,Severely Damaged,None,tonnes,1873.6,35.4,0.0,0.0,1.0,1.0,0.0,0.0,0.0,0.0,1.0,RECYCLE
Brick,Severely Damaged,Low,tonnes,6421.5,43.9,0.0,1.0,0.0,0.0,0.0,0.0,0.0,0.0,1.0,RECYCLE
Ceramic / Tiles,Excellent,None,kg,5469.6,5.4,4.0,0.0,0.0,0.0,0.0,0.0,0.0,0.0,1.0,REUSE
Steel,Good,Low,kg,841.8,19.7,3.0,1.0,0.0,0.0,1.0,0.0,0.0,0.0,1.0,REPAIR
Glass,Good,None,tonnes,6726.9,2.1,3.0,0.0,0.0,0.0,0.0,0.0,0.0,0.0,1.0,REUSE
Steel,Good,None,units,409.7,6.1,3.0,0.0,0.0,0.0,0.0,0.0,0.0,0.0,1.0,REUSE
Steel,Good,None,cubic metres,1280.6,2.3,3.0,0.0,0.0,0.0,0.0,0.0,0.0,0.0,1.0,REUSE
Brick,Damaged,Moderate,units,4370.1,51.7,1.0,2.0,1.0,0.0,0.0,0.0,0.0,0.0,1.0,RECYCLE
Asphalt,Severely Damaged,Low,cubic metres,5066.5,28.6,0.0,1.0,0.0,0.0,0.0,0.0,0.0,0.0,1.0,RECOVER
Brick,Moderate,Hazardous,kg,3432.1,28.8,2.0,4.0,1.0,1.0,0.0,0.0,0.0,1.0,0.0,DISPOSAL / SPECIALIZED HANDLING
Mixed Construction Waste,Excellent,High,units,1594.9,21.5,4.0,3.0,1.0,0.0,0.0,0.0,0.0,1.0,0.0,DISPOSAL / SPECIALIZED HANDLING
Plastic,Severely Damaged,Low,tonnes,1006.8,29.0,0.0,1.0,0.0,0.0,0.0,0.0,0.0,0.0,1.0,RECOVER
Steel,Damaged,Hazardous,kg,193.7,35.7,1.0,4.0,0.0,1.0,1.0,0.0,0.0,1.0,0.0,DISPOSAL / SPECIALIZED HANDLING
Wood,Good,None,kg,302.9,11.1,3.0,0.0,1.0,0.0,0.0,0.0,0.0,0.0,1.0,REPAIR
Brick,Good,None,cubic metres,818.9,0.8,3.0,0.0,0.0,0.0,0.0,0.0,0.0,0.0,1.0,REUSE
Glass,Moderate,None,tonnes,4296.8,76.2,2.0,0.0,0.0,0.0,0.0,0.0,0.0,0.0,1.0,RECYCLE
Steel,Severely Damaged,High,kg,7786.0,4.3,0.0,3.0,1.0,0.0,1.0,0.0,0.0,1.0,0.0,DISPOSAL / SPECIALIZED HANDLING
Concrete,Damaged,None,tonnes,6324.0,12.7,1.0,0.0,1.0,0.0,0.0,0.0,0.0,0.0,1.0,REPAIR
Wood,Good,High,cubic metres,5473.3,25.7,3.0,3.0,1.0,1.0,0.0,0.0,0.0,1.0,0.0,DISPOSAL / SPECIALIZED HANDLING
Concrete,Moderate,Low,cubic metres,1161.9,52.2,2.0,1.0,1.0,0.0,0.0,0.0,0.0,0.0,1.0,RECYCLE
Gypsum,Excellent,High,tonnes,5440.4,49.0,4.0,3.0,0.0,0.0,0.0,0.0,0.0,1.0,0.0,DISPOSAL / SPECIALIZED HANDLING
Concrete,Excellent,None,kg,286.9,4.7,4.0,0.0,0.0,0.0,0.0,0.0,0.0,0.0,1.0,REUSE
Asphalt,Damaged,Moderate,tonnes,2406.1,63.9,1.0,2.0,1.0,0.0,0.0,0.0,0.0,0.0,1.0,RECYCLE
Brick,Moderate,Low,kg,6079.6,31.9,2.0,1.0,1.0,0.0,0.0,0.0,0.0,0.0,1.0,REPAIR
Glass,Severely Damaged,Hazardous,tonnes,6678.6,35.6,0.0,4.0,1.0,1.0,0.0,0.0,0.0,1.0,0.0,DISPOSAL / SPECIALIZED HANDLING
Ceramic / Tiles,Good,Low,tonnes,1121.1,5.7,3.0,1.0,1.0,0.0,0.0,0.0,0.0,0.0,1.0,REPAIR
Gypsum,Moderate,Low,cubic metres,904.9,63.4,2.0,1.0,0.0,0.0,0.0,0.0,1.0,0.0,1.0,RECOVER
Soil,Severely Damaged,Moderate,cubic metres,2228.6,76.9,0.0,2.0,0.0,1.0,0.0,0.0,0.0,0.0,1.0,RECYCLE
Soil,Severely Damaged,None,units,3237.5,76.7,0.0,0.0,1.0,0.0,0.0,0.0,0.0,0.0,1.0,RECYCLE
Gypsum,Moderate,Hazardous,kg,7360.2,57.5,2.0,4.0,0.0,0.0,0.0,0.0,0.0,1.0,0.0,DISPOSAL / SPECIALIZED HANDLING
Steel,Excellent,None,tonnes,3984.4,6.3,4.0,0.0,0.0,0.0,0.0,0.0,0.0,0.0,1.0,REUSE
Concrete,Damaged,None,units,2391.8,31.9,1.0,0.0,1.0,1.0,0.0,0.0,0.0,0.0,1.0,REPAIR
Gypsum,Damaged,None,units,2545.9,68.2,1.0,0.0,1.0,0.0,0.0,0.0,0.0,0.0,1.0,RECYCLE
Ceramic / Tiles,Excellent,None,units,1666.5,3.1,4.0,0.0,0.0,0.0,0.0,0.0,0.0,0.0,1.0,REUSE
Steel,Moderate,Low,units,4138.8,21.2,2.0,1.0,0.0,0.0,1.0,0.0,0.0,0.0,1.0,REPAIR
Brick,Good,Low,cubic metres,1637.4,7.6,3.0,1.0,1.0,0.0,0.0,0.0,0.0,0.0,1.0,REPAIR
Glass,Severely Damaged,Moderate,tonnes,832.4,55.1,0.0,2.0,0.0,0.0,0.0,0.0,0.0,0.0,1.0,RECYCLE
Gypsum,Severely Damaged,Hazardous,units,6597.3,6.8,0.0,4.0,1.0,1.0,0.0,0.0,0.0,1.0,0.0,DISPOSAL / SPECIALIZED HANDLING
Glass,Moderate,High,cubic metres,1790.0,11.0,2.0,3.0,1.0,0.0,0.0,0.0,0.0,1.0,0.0,DISPOSAL / SPECIALIZED HANDLING
Gypsum,Moderate,Low,kg,7618.6,40.0,2.0,1.0,0.0,0.0,0.0,0.0,0.0,0.0,1.0,RECOVER
Glass,Damaged,None,kg,4592.4,25.9,1.0,0.0,1.0,1.0,0.0,0.0,0.0,0.0,1.0,REPAIR
Gypsum,Damaged,Hazardous,units,432.1,7.6,1.0,4.0,0.0,1.0,0.0,0.0,0.0,1.0,0.0,DISPOSAL / SPECIALIZED HANDLING
Asphalt,Damaged,Low,kg,4448.7,68.0,1.0,1.0,1.0,1.0,0.0,0.0,0.0,0.0,1.0,RECYCLE
Wood,Severely Damaged,Moderate,kg,3274.1,34.0,0.0,2.0,0.0,0.0,0.0,1.0,0.0,0.0,1.0,RECOVER
Glass,Damaged,Low,kg,3802.4,68.1,1.0,1.0,1.0,0.0,0.0,0.0,0.0,0.0,1.0,RECYCLE
Plastic,Damaged,Low,kg,3180.8,47.6,1.0,1.0,0.0,0.0,0.0,0.0,0.0,0.0,1.0,RECOVER
Ceramic / Tiles,Damaged,None,kg,790.4,34.0,1.0,0.0,1.0,0.0,0.0,0.0,0.0,0.0,1.0,REPAIR
Asphalt,Severely Damaged,Moderate,kg,6677.3,28.5,0.0,2.0,0.0,0.0,0.0,0.0,0.0,0.0,1.0,RECOVER
Asphalt,Damaged,High,tonnes,2628.3,48.1,1.0,3.0,0.0,0.0,0.0,0.0,0.0,1.0,0.0,DISPOSAL / SPECIALIZED HANDLING
Concrete,Damaged,None,tonnes,1976.4,21.8,1.0,0.0,1.0,1.0,0.0,0.0,0.0,0.0,1.0,REPAIR
Asphalt,Moderate,Low,units,7275.2,30.4,2.0,1.0,0.0,0.0,0.0,0.0,0.0,0.0,1.0,RECOVER
Steel,Good,None,units,4083.3,4.7,3.0,0.0,0.0,0.0,0.0,0.0,0.0,0.0,1.0,REUSE
Gypsum,Good,Hazardous,units,4683.8,66.3,3.0,4.0,1.0,1.0,0.0,0.0,0.0,1.0,0.0,DISPOSAL / SPECIALIZED HANDLING
Brick,Severely Damaged,High,kg,2721.1,44.0,0.0,3.0,1.0,0.0,0.0,0.0,0.0,1.0,0.0,DISPOSAL / SPECIALIZED HANDLING
Soil,Severely Damaged,None,units,1589.5,31.4,0.0,0.0,0.0,1.0,0.0,0.0,1.0,0.0,1.0,RECYCLE
Glass,Severely Damaged,High,cubic metres,5155.4,65.7,0.0,3.0,1.0,1.0,0.0,0.0,0.0,1.0,0.0,DISPOSAL / SPECIALIZED HANDLING
Glass,Severely Damaged,Moderate,kg,1480.2,77.3,0.0,2.0,1.0,0.0,0.0,0.0,0.0,0.0,1.0,RECYCLE
Plastic,Damaged,Hazardous,tonnes,2067.7,75.4,1.0,4.0,0.0,1.0,0.0,0.0,0.0,1.0,0.0,DISPOSAL / SPECIALIZED HANDLING
Ceramic / Tiles,Excellent,None,cubic metres,3842.0,6.9,4.0,0.0,0.0,0.0,0.0,0.0,0.0,0.0,1.0,REUSE
Asphalt,Damaged,Hazardous,units,4931.9,38.4,1.0,4.0,0.0,0.0,0.0,0.0,0.0,1.0,0.0,DISPOSAL / SPECIALIZED HANDLING
Ceramic / Tiles,Damaged,Low,cubic metres,6476.0,25.2,1.0,1.0,1.0,1.0,0.0,0.0,0.0,0.0,1.0,REPAIR
Gypsum,Moderate,Low,tonnes,7308.1,40.2,2.0,1.0,0.0,0.0,0.0,0.0,1.0,0.0,1.0,RECOVER
Glass,Damaged,Low,cubic metres,5468.7,28.1,1.0,1.0,1.0,1.0,0.0,0.0,0.0,0.0,1.0,REPAIR
Mixed Construction Waste,Excellent,High,units,1857.9,16.7,4.0,3.0,0.0,1.0,0.0,0.0,0.0,1.0,0.0,DISPOSAL / SPECIALIZED HANDLING
Steel,Excellent,None,units,2351.1,6.1,4.0,0.0,0.0,0.0,0.0,0.0,0.0,0.0,1.0,REUSE
Glass,Moderate,None,tonnes,4820.7,17.9,2.0,0.0,1.0,0.0,0.0,0.0,0.0,0.0,1.0,REPAIR
Mixed Construction Waste,Damaged,Low,cubic metres,7182.2,67.9,1.0,1.0,0.0,0.0,0.0,0.0,0.0,0.0,1.0,RECOVER
Brick,Good,High,cubic metres,1563.0,30.0,3.0,3.0,0.0,0.0,0.0,0.0,0.0,1.0,0.0,DISPOSAL / SPECIALIZED HANDLING
Gypsum,Damaged,None,kg,2529.1,42.5,1.0,0.0,0.0,0.0,0.0,0.0,1.0,0.0,1.0,RECYCLE
Glass,Damaged,Hazardous,cubic metres,3195.4,64.0,1.0,4.0,0.0,0.0,0.0,0.0,0.0,1.0,0.0,DISPOSAL / SPECIALIZED HANDLING
Mixed Construction Waste,Damaged,Low,kg,3848.4,37.8,1.0,1.0,0.0,0.0,0.0,0.0,0.0,0.0,1.0,RECOVER
Mixed Construction Waste,Excellent,High,tonnes,4677.2,26.9,4.0,3.0,1.0,0.0,0.0,0.0,0.0,1.0,0.0,DISPOSAL / SPECIALIZED HANDLING
Asphalt,Moderate,Moderate,cubic metres,3312.6,52.5,2.0,2.0,1.0,0.0,0.0,0.0,0.0,0.0,1.0,RECYCLE
Wood,Severely Damaged,High,cubic metres,5918.5,60.4,0.0,3.0,1.0,0.0,0.0,0.0,0.0,1.0,0.0,DISPOSAL / SPECIALIZED HANDLING
Concrete,Severely Damaged,Moderate,units,6235.7,47.4,0.0,2.0,0.0,0.0,0.0,0.0,0.0,0.0,1.0,RECYCLE
Brick,Severely Damaged,Hazardous,cubic metres,2509.0,47.8,0.0,4.0,0.0,1.0,0.0,0.0,0.0,1.0,0.0,DISPOSAL / SPECIALIZED HANDLING
Ceramic / Tiles,Excellent,None,cubic metres,4035.9,2.6,4.0,0.0,0.0,0.0,0.0,0.0,0.0,0.0,1.0,REUSE
Mixed Construction Waste,Damaged,Low,tonnes,784.4,61.8,1.0,1.0,0.0,0.0,0.0,0.0,0.0,0.0,0.0,RECOVER
Asphalt,Damaged,None,tonnes,236.2,30.1,1.0,0.0,1.0,1.0,0.0,0.0,0.0,0.0,1.0,RECYCLE
Asphalt,Damaged,Low,tonnes,7217.4,39.3,1.0,1.0,0.0,0.0,0.0,0.0,0.0,0.0,1.0,RECOVER
Soil,Severely Damaged,High,units,5852.2,38.0,0.0,3.0,0.0,0.0,0.0,0.0,0.0,1.0,0.0,DISPOSAL / SPECIALIZED HANDLING
Asphalt,Moderate,Moderate,cubic metres,5594.9,47.2,2.0,2.0,1.0,0.0,0.0,0.0,0.0,0.0,1.0,RECYCLE
Gypsum,Severely Damaged,Low,cubic metres,3675.7,29.1,0.0,1.0,0.0,0.0,0.0,0.0,1.0,0.0,1.0,RECYCLE
Glass,Good,None,kg,2534.8,3.3,3.0,0.0,0.0,0.0,0.0,0.0,0.0,0.0,1.0,REUSE
Mixed Construction Waste,Damaged,Low,tonnes,6384.2,57.6,1.0,1.0,0.0,0.0,0.0,0.0,0.0,0.0,1.0,RECOVER
Glass,Damaged,Low,units,2597.8,23.5,1.0,1.0,1.0,0.0,0.0,0.0,0.0,0.0,1.0,REPAIR
Plastic,Good,High,cubic metres,4513.8,34.5,3.0,3.0,1.0,1.0,0.0,0.0,0.0,1.0,0.0,DISPOSAL / SPECIALIZED HANDLING
Concrete,Good,Hazardous,kg,6569.0,6.4,3.0,4.0,1.0,0.0,0.0,0.0,0.0,1.0,0.0,DISPOSAL / SPECIALIZED HANDLING
Mixed Construction Waste,Damaged,Moderate,cubic metres,1196.7,38.2,1.0,2.0,0.0,0.0,0.0,0.0,0.0,0.0,1.0,RECOVER
Asphalt,Moderate,Low,kg,1276.1,32.9,2.0,1.0,0.0,0.0,0.0,0.0,0.0,0.0,1.0,RECYCLE
Ceramic / Tiles,Moderate,None,units,5558.8,20.3,2.0,0.0,1.0,0.0,0.0,0.0,0.0,0.0,1.0,REPAIR
Gypsum,Moderate,Low,kg,7764.1,27.1,2.0,1.0,0.0,0.0,0.0,0.0,0.0,0.0,1.0,RECOVER
Brick,Excellent,None,tonnes,1014.8,6.3,4.0,0.0,0.0,0.0,0.0,0.0,0.0,0.0,1.0,REUSE
Asphalt,Moderate,Low,kg,1141.6,62.5,2.0,1.0,0.0,0.0,0.0,0.0,0.0,0.0,1.0,RECOVER
Mixed Construction Waste,Moderate,High,units,6311.5,66.0,2.0,3.0,0.0,0.0,0.0,0.0,0.0,1.0,0.0,DISPOSAL / SPECIALIZED HANDLING
Concrete,Good,None,tonnes,2541.6,19.6,3.0,0.0,1.0,0.0,0.0,0.0,0.0,0.0,1.0,REPAIR
Soil,Moderate,Low,cubic metres,2139.3,72.5,2.0,1.0,0.0,0.0,0.0,0.0,1.0,0.0,1.0,RECYCLE
Wood,Severely Damaged,Moderate,kg,107.7,46.3,0.0,2.0,0.0,0.0,0.0,1.0,1.0,0.0,1.0,RECOVER
Gypsum,Severely Damaged,Moderate,cubic metres,6626.7,71.3,0.0,2.0,1.0,0.0,0.0,0.0,0.0,0.0,1.0,RECYCLE
Plastic,Severely Damaged,Low,units,4338.7,64.0,0.0,1.0,0.0,0.0,0.0,0.0,0.0,0.0,1.0,RECOVER
Wood,Good,Low,kg,3948.4,18.2,3.0,1.0,1.0,0.0,0.0,0.0,0.0,0.0,1.0,REPAIR
Steel,Good,High,tonnes,2639.9,50.5,3.0,3.0,1.0,0.0,1.0,0.0,0.0,1.0,0.0,DISPOSAL / SPECIALIZED HANDLING
Gypsum,Moderate,Hazardous,units,4455.4,55.6,2.0,4.0,1.0,1.0,0.0,0.0,0.0,1.0,0.0,DISPOSAL / SPECIALIZED HANDLING
Mixed Construction Waste,Severely Damaged,Hazardous,units,4577.4,13.2,0.0,4.0,1.0,0.0,0.0,0.0,0.0,1.0,0.0,DISPOSAL / SPECIALIZED HANDLING
Mixed Construction Waste,Excellent,Hazardous,kg,7024.2,86.1,4.0,4.0,0.0,1.0,0.0,0.0,0.0,1.0,0.0,DISPOSAL / SPECIALIZED HANDLING
Mixed Construction Waste,Severely Damaged,Hazardous,tonnes,1470.2,64.6,0.0,4.0,1.0,1.0,0.0,0.0,0.0,1.0,0.0,DISPOSAL / SPECIALIZED HANDLING
Ceramic / Tiles,Good,Low,kg,2475.7,5.4,3.0,1.0,1.0,0.0,0.0,0.0,0.0,0.0,1.0,REPAIR
Wood,Damaged,None,cubic metres,5518.5,27.7,1.0,0.0,0.0,1.0,0.0,1.0,0.0,0.0,1.0,REPAIR
Asphalt,Moderate,Low,tonnes,5505.8,35.3,2.0,1.0,0.0,0.0,0.0,0.0,0.0,0.0,1.0,RECYCLE
Concrete,Moderate,High,cubic metres,6681.0,84.9,2.0,3.0,1.0,1.0,0.0,0.0,0.0,1.0,0.0,DISPOSAL / SPECIALIZED HANDLING
Brick,Damaged,None,tonnes,7708.4,14.5,1.0,0.0,1.0,0.0,0.0,0.0,0.0,0.0,1.0,REPAIR
Concrete,Excellent,None,units,1359.0,4.1,4.0,0.0,0.0,0.0,0.0,0.0,0.0,0.0,1.0,REUSE
Plastic,Moderate,Low,cubic metres,3568.1,42.5,2.0,1.0,0.0,0.0,0.0,0.0,0.0,0.0,1.0,RECOVER
Gypsum,Severely Damaged,Low,units,7004.3,33.8,0.0,1.0,0.0,0.0,0.0,0.0,0.0,0.0,1.0,RECOVER
Asphalt,Severely Damaged,Moderate,tonnes,2275.9,61.3,0.0,2.0,0.0,0.0,0.0,0.0,0.0,0.0,1.0,RECYCLE
Steel,Excellent,None,units,7376.2,1.4,4.0,0.0,0.0,0.0,0.0,0.0,0.0,0.0,1.0,REUSE
Gypsum,Severely Damaged,High,units,1873.2,59.8,0.0,3.0,0.0,0.0,0.0,0.0,0.0,1.0,0.0,DISPOSAL / SPECIALIZED HANDLING
Mixed Construction Waste,Damaged,Moderate,units,2006.0,26.6,1.0,2.0,0.0,0.0,0.0,0.0,0.0,0.0,1.0,RECOVER
Glass,Moderate,Low,units,7227.2,32.8,2.0,1.0,1.0,0.0,0.0,0.0,0.0,0.0,1.0,REPAIR
Ceramic / Tiles,Good,None,kg,7028.1,19.3,3.0,0.0,1.0,0.0,0.0,0.0,0.0,0.0,1.0,REPAIR
Brick,Good,None,tonnes,7183.4,0.7,3.0,0.0,0.0,0.0,0.0,0.0,0.0,0.0,1.0,REUSE
Gypsum,Good,Hazardous,tonnes,890.2,19.3,3.0,4.0,0.0,0.0,0.0,0.0,0.0,1.0,0.0,DISPOSAL / SPECIALIZED HANDLING
Steel,Good,Hazardous,tonnes,1801.5,81.5,3.0,4.0,1.0,1.0,1.0,0.0,0.0,1.0,0.0,DISPOSAL / SPECIALIZED HANDLING
Soil,Good,Hazardous,units,6664.9,28.3,3.0,4.0,0.0,1.0,0.0,0.0,0.0,1.0,0.0,DISPOSAL / SPECIALIZED HANDLING
Glass,Damaged,None,units,4463.7,30.1,1.0,0.0,1.0,0.0,0.0,0.0,0.0,0.0,1.0,REPAIR
Mixed Construction Waste,Good,Hazardous,units,3398.1,53.1,3.0,4.0,1.0,1.0,0.0,0.0,0.0,1.0,0.0,DISPOSAL / SPECIALIZED HANDLING
Asphalt,Moderate,Low,tonnes,6374.7,37.7,2.0,1.0,0.0,0.0,0.0,0.0,0.0,0.0,1.0,RECOVER
Ceramic / Tiles,Moderate,Hazardous,kg,127.3,82.2,2.0,4.0,1.0,1.0,0.0,0.0,0.0,1.0,0.0,DISPOSAL / SPECIALIZED HANDLING
Steel,Good,None,cubic metres,3754.7,2.1,3.0,0.0,0.0,0.0,0.0,0.0,0.0,0.0,1.0,REUSE
Concrete,Good,None,cubic metres,4278.9,3.7,3.0,0.0,0.0,0.0,0.0,0.0,0.0,0.0,1.0,REUSE
Concrete,Moderate,Hazardous,units,2637.6,73.2,2.0,4.0,1.0,0.0,0.0,0.0,0.0,1.0,0.0,DISPOSAL / SPECIALIZED HANDLING
Soil,Moderate,Hazardous,kg,7627.0,38.7,2.0,4.0,1.0,0.0,0.0,0.0,0.0,1.0,0.0,DISPOSAL / SPECIALIZED HANDLING
Glass,Excellent,None,kg,3091.2,2.1,4.0,0.0,0.0,0.0,0.0,0.0,0.0,0.0,1.0,REUSE
Glass,Excellent,None,units,7776.5,3.6,4.0,0.0,0.0,0.0,0.0,0.0,0.0,0.0,1.0,REUSE
Concrete,Severely Damaged,Low,kg,2520.9,32.0,0.0,1.0,0.0,0.0,0.0,0.0,0.0,0.0,1.0,RECYCLE
Brick,Damaged,None,tonnes,6583.6,6.4,1.0,0.0,1.0,0.0,0.0,0.0,0.0,0.0,1.0,REPAIR
Wood,Damaged,Moderate,kg,4848.9,43.2,1.0,2.0,0.0,0.0,0.0,0.0,0.0,0.0,1.0,RECOVER
Brick,Good,None,units,3746.7,6.3,3.0,0.0,0.0,0.0,0.0,0.0,0.0,0.0,1.0,REUSE
Concrete,Damaged,None,units,5519.0,31.1,1.0,0.0,1.0,0.0,0.0,0.0,0.0,0.0,1.0,RECYCLE
Wood,Severely Damaged,Low,cubic metres,4899.8,63.9,0.0,1.0,0.0,0.0,0.0,1.0,0.0,0.0,1.0,RECOVER
Glass,Damaged,None,kg,1559.3,21.7,1.0,0.0,1.0,1.0,0.0,0.0,0.0,0.0,1.0,REPAIR
Glass,Excellent,None,cubic metres,4533.1,4.1,4.0,0.0,0.0,0.0,0.0,0.0,0.0,0.0,1.0,REUSE
Mixed Construction Waste,Severely Damaged,Moderate,cubic metres,489.7,61.9,0.0,2.0,0.0,0.0,0.0,0.0,0.0,0.0,0.0,RECOVER
Concrete,Excellent,Hazardous,cubic metres,4066.0,46.3,4.0,4.0,1.0,0.0,0.0,0.0,0.0,1.0,0.0,DISPOSAL / SPECIALIZED HANDLING
Glass,Good,None,units,6573.4,7.5,3.0,0.0,0.0,0.0,0.0,0.0,0.0,0.0,1.0,REUSE
Plastic,Severely Damaged,Low,cubic metres,5073.4,61.1,0.0,1.0,0.0,0.0,0.0,0.0,0.0,0.0,1.0,RECOVER
Brick,Excellent,None,kg,5247.2,2.4,4.0,0.0,0.0,0.0,0.0,0.0,0.0,0.0,1.0,REUSE
Asphalt,Damaged,Moderate,units,7424.0,25.7,1.0,2.0,0.0,0.0,0.0,0.0,0.0,0.0,1.0,RECOVER
Mixed Construction Waste,Severely Damaged,Moderate,cubic metres,5284.3,44.7,0.0,2.0,0.0,0.0,0.0,0.0,0.0,0.0,1.0,RECOVER
Gypsum,Severely Damaged,Moderate,kg,7963.1,49.1,0.0,2.0,0.0,1.0,0.0,0.0,1.0,0.0,1.0,RECYCLE
Gypsum,Severely Damaged,Low,kg,5133.6,37.4,0.0,1.0,0.0,0.0,0.0,0.0,0.0,0.0,1.0,RECOVER
Mixed Construction Waste,Severely Damaged,Low,cubic metres,5664.5,70.2,0.0,1.0,0.0,0.0,0.0,0.0,0.0,0.0,1.0,RECOVER
Gypsum,Damaged,Low,tonnes,792.2,41.9,1.0,1.0,0.0,0.0,0.0,0.0,1.0,0.0,1.0,RECOVER
Asphalt,Severely Damaged,Low,cubic metres,371.0,37.3,0.0,1.0,0.0,0.0,0.0,0.0,0.0,0.0,1.0,RECOVER
Glass,Good,None,cubic metres,3530.2,4.0,3.0,0.0,0.0,0.0,0.0,0.0,0.0,0.0,1.0,REUSE
Glass,Damaged,Moderate,units,5151.3,75.7,1.0,2.0,1.0,0.0,0.0,0.0,0.0,0.0,1.0,RECYCLE
Steel,Good,None,kg,124.1,2.5,3.0,0.0,0.0,0.0,0.0,0.0,0.0,0.0,1.0,REUSE
Steel,Good,Low,units,1264.3,25.3,3.0,1.0,1.0,0.0,1.0,0.0,0.0,0.0,1.0,REPAIR
Concrete,Damaged,Low,tonnes,4422.2,31.5,1.0,1.0,1.0,0.0,0.0,0.0,0.0,0.0,1.0,REPAIR
Glass,Excellent,None,units,3812.4,2.4,4.0,0.0,0.0,0.0,0.0,0.0,0.0,0.0,1.0,REUSE
Glass,Excellent,None,tonnes,5692.8,0.2,4.0,0.0,0.0,0.0,0.0,0.0,0.0,0.0,1.0,REUSE
Glass,Severely Damaged,Moderate,cubic metres,949.8,27.5,0.0,2.0,0.0,0.0,0.0,0.0,0.0,0.0,1.0,RECYCLE
Concrete,Good,Low,kg,5063.4,25.9,3.0,1.0,1.0,0.0,0.0,0.0,0.0,0.0,1.0,REPAIR
Brick,Excellent,None,cubic metres,4712.2,4.3,4.0,0.0,0.0,0.0,0.0,0.0,0.0,0.0,1.0,REUSE
Brick,Damaged,Low,units,6945.6,15.3,1.0,1.0,1.0,0.0,0.0,0.0,0.0,0.0,1.0,REPAIR
Soil,Damaged,Moderate,tonnes,7530.9,48.6,1.0,2.0,0.0,1.0,0.0,0.0,1.0,0.0,1.0,RECYCLE
Brick,Good,None,tonnes,7474.7,7.1,3.0,0.0,0.0,0.0,0.0,0.0,0.0,0.0,1.0,REUSE
Ceramic / Tiles,Good,None,tonnes,6113.7,2.9,3.0,0.0,0.0,0.0,0.0,0.0,0.0,0.0,1.0,REUSE
Gypsum,Severely Damaged,Moderate,units,6146.3,33.9,0.0,2.0,0.0,0.0,0.0,0.0,0.0,0.0,1.0,RECOVER
Brick,Excellent,None,cubic metres,7739.8,6.9,4.0,0.0,0.0,0.0,0.0,0.0,0.0,0.0,1.0,REUSE
Glass,Severely Damaged,High,cubic metres,2133.9,38.8,0.0,3.0,0.0,0.0,0.0,0.0,0.0,1.0,0.0,DISPOSAL / SPECIALIZED HANDLING
Concrete,Damaged,Low,kg,3161.5,19.3,1.0,1.0,1.0,1.0,0.0,0.0,0.0,0.0,1.0,REPAIR
Brick,Severely Damaged,Hazardous,tonnes,1955.2,37.9,0.0,4.0,1.0,0.0,0.0,0.0,0.0,1.0,0.0,DISPOSAL / SPECIALIZED HANDLING
Concrete,Good,Low,units,3639.3,28.8,3.0,1.0,1.0,0.0,0.0,0.0,0.0,0.0,1.0,REPAIR
Wood,Moderate,None,units,7450.2,12.5,2.0,0.0,1.0,0.0,0.0,0.0,0.0,0.0,1.0,REPAIR
Asphalt,Severely Damaged,None,kg,6447.6,77.7,0.0,0.0,1.0,1.0,0.0,0.0,0.0,0.0,1.0,RECYCLE
Mixed Construction Waste,Severely Damaged,Low,units,4579.5,23.5,0.0,1.0,0.0,0.0,0.0,0.0,0.0,0.0,1.0,RECOVER
Asphalt,Moderate,Low,tonnes,7706.2,35.8,2.0,1.0,0.0,0.0,0.0,0.0,0.0,0.0,1.0,RECOVER
Glass,Good,Hazardous,cubic metres,978.4,55.9,3.0,4.0,0.0,0.0,0.0,0.0,0.0,1.0,0.0,DISPOSAL / SPECIALIZED HANDLING
Wood,Damaged,High,kg,1898.8,68.5,1.0,3.0,0.0,1.0,0.0,0.0,0.0,1.0,0.0,DISPOSAL / SPECIALIZED HANDLING
Plastic,Severely Damaged,Low,kg,2836.9,36.2,0.0,1.0,0.0,0.0,0.0,0.0,0.0,0.0,1.0,RECOVER
Plastic,Damaged,Hazardous,kg,5183.4,17.5,1.0,4.0,0.0,0.0,0.0,0.0,0.0,1.0,0.0,DISPOSAL / SPECIALIZED HANDLING
Concrete,Moderate,Low,tonnes,518.5,58.9,2.0,1.0,1.0,0.0,0.0,0.0,0.0,0.0,1.0,RECYCLE
Ceramic / Tiles,Good,Low,units,4526.3,18.4,3.0,1.0,1.0,0.0,0.0,0.0,0.0,0.0,1.0,REPAIR
Concrete,Excellent,None,kg,5987.7,7.5,4.0,0.0,0.0,0.0,0.0,0.0,0.0,0.0,1.0,REUSE
Brick,Excellent,None,units,5988.8,6.0,4.0,0.0,0.0,0.0,0.0,0.0,0.0,0.0,1.0,REUSE
Glass,Good,Low,tonnes,483.8,6.6,3.0,1.0,1.0,0.0,0.0,0.0,0.0,0.0,1.0,REPAIR
Steel,Damaged,Low,kg,350.0,32.6,1.0,1.0,1.0,1.0,1.0,0.0,0.0,0.0,1.0,REPAIR
Gypsum,Severely Damaged,Moderate,units,4286.0,66.9,0.0,2.0,0.0,0.0,0.0,0.0,0.0,0.0,1.0,RECOVER
Concrete,Excellent,None,tonnes,4731.4,0.1,4.0,0.0,0.0,0.0,0.0,0.0,0.0,0.0,1.0,REUSE
Concrete,Good,High,tonnes,2134.4,81.6,3.0,3.0,0.0,0.0,0.0,0.0,0.0,1.0,0.0,DISPOSAL / SPECIALIZED HANDLING
Gypsum,Moderate,Low,cubic metres,4306.1,74.0,2.0,1.0,0.0,0.0,0.0,0.0,1.0,0.0,1.0,RECOVER
Gypsum,Excellent,High,units,2048.8,65.7,4.0,3.0,1.0,0.0,0.0,0.0,0.0,1.0,0.0,DISPOSAL / SPECIALIZED HANDLING
Brick,Good,None,units,6270.0,0.2,3.0,0.0,0.0,0.0,0.0,0.0,0.0,0.0,1.0,REUSE
Brick,Good,None,kg,3620.1,6.3,3.0,0.0,0.0,0.0,0.0,0.0,0.0,0.0,1.0,REUSE
Concrete,Good,Low,units,1374.7,19.9,3.0,1.0,1.0,0.0,0.0,0.0,0.0,0.0,1.0,REPAIR
Plastic,Damaged,Moderate,tonnes,5181.5,72.8,1.0,2.0,0.0,0.0,0.0,0.0,0.0,0.0,1.0,RECOVER
Glass,Damaged,Low,units,7275.9,20.7,1.0,1.0,1.0,1.0,0.0,0.0,0.0,0.0,1.0,REPAIR
Plastic,Damaged,Low,tonnes,1549.9,67.3,1.0,1.0,0.0,0.0,0.0,0.0,0.0,0.0,1.0,RECOVER
Gypsum,Damaged,Low,tonnes,6694.1,60.3,1.0,1.0,0.0,0.0,0.0,0.0,0.0,0.0,1.0,RECOVER
Ceramic / Tiles,Excellent,None,units,678.2,2.2,4.0,0.0,0.0,0.0,0.0,0.0,0.0,0.0,1.0,REUSE
Wood,Severely Damaged,High,kg,6222.1,11.5,0.0,3.0,1.0,0.0,0.0,0.0,0.0,1.0,0.0,DISPOSAL / SPECIALIZED HANDLING
Glass,Excellent,None,kg,779.5,1.1,4.0,0.0,0.0,0.0,0.0,0.0,0.0,0.0,1.0,REUSE
Plastic,Moderate,Moderate,cubic metres,2628.7,42.5,2.0,2.0,0.0,0.0,0.0,0.0,0.0,0.0,1.0,RECOVER
Steel,Excellent,Hazardous,units,3544.6,29.9,4.0,4.0,0.0,1.0,1.0,0.0,0.0,1.0,0.0,DISPOSAL / SPECIALIZED HANDLING
Asphalt,Severely Damaged,Low,units,2919.5,68.8,0.0,1.0,0.0,0.0,0.0,0.0,0.0,0.0,1.0,RECOVER
Glass,Moderate,Low,kg,462.4,74.1,2.0,1.0,0.0,0.0,0.0,0.0,0.0,0.0,1.0,RECYCLE
Ceramic / Tiles,Good,None,tonnes,4915.0,3.7,3.0,0.0,0.0,0.0,0.0,0.0,0.0,0.0,1.0,REUSE
Plastic,Damaged,Moderate,units,4113.4,45.0,1.0,2.0,0.0,0.0,0.0,0.0,0.0,0.0,1.0,RECOVER
Plastic,Good,High,cubic metres,6634.5,48.2,3.0,3.0,1.0,1.0,0.0,0.0,0.0,1.0,0.0,DISPOSAL / SPECIALIZED HANDLING
Ceramic / Tiles,Good,None,units,2612.3,3.7,3.0,0.0,0.0,0.0,0.0,0.0,0.0,0.0,1.0,REUSE
Mixed Construction Waste,Moderate,High,tonnes,2977.6,26.8,2.0,3.0,0.0,1.0,0.0,0.0,0.0,1.0,0.0,DISPOSAL / SPECIALIZED HANDLING
Ceramic / Tiles,Moderate,Low,units,4886.9,17.4,2.0,1.0,1.0,0.0,0.0,0.0,0.0,0.0,1.0,REPAIR
Glass,Excellent,None,units,4886.0,7.2,4.0,0.0,0.0,0.0,0.0,0.0,0.0,0.0,1.0,REUSE
Glass,Excellent,High,tonnes,7222.9,86.4,4.0,3.0,1.0,0.0,0.0,0.0,0.0,1.0,0.0,DISPOSAL / SPECIALIZED HANDLING
Ceramic / Tiles,Good,None,units,750.6,6.7,3.0,0.0,0.0,0.0,0.0,0.0,0.0,0.0,1.0,REUSE
Asphalt,Good,Hazardous,kg,7710.0,2.4,3.0,4.0,1.0,0.0,0.0,0.0,0.0,1.0,0.0,DISPOSAL / SPECIALIZED HANDLING
Brick,Good,Low,tonnes,5887.4,22.1,3.0,1.0,1.0,0.0,0.0,0.0,0.0,0.0,1.0,REPAIR
Mixed Construction Waste,Severely Damaged,Low,cubic metres,7803.1,45.8,0.0,1.0,0.0,0.0,0.0,0.0,0.0,0.0,0.0,RECOVER
Gypsum,Moderate,Moderate,kg,5264.2,64.3,2.0,2.0,0.0,0.0,0.0,0.0,0.0,0.0,1.0,RECOVER
Soil,Damaged,None,cubic metres,7643.0,79.4,1.0,0.0,0.0,0.0,0.0,0.0,1.0,0.0,1.0,RECYCLE
Concrete,Moderate,None,units,6687.2,26.1,2.0,0.0,1.0,0.0,0.0,0.0,0.0,0.0,1.0,REPAIR
Glass,Severely Damaged,None,kg,894.5,33.8,0.0,0.0,0.0,1.0,0.0,0.0,0.0,0.0,1.0,RECYCLE
Brick,Damaged,None,units,4347.6,10.1,1.0,0.0,1.0,0.0,0.0,0.0,0.0,0.0,1.0,REPAIR
Concrete,Damaged,Low,kg,1054.9,67.1,1.0,1.0,1.0,0.0,0.0,0.0,0.0,0.0,1.0,RECYCLE
Glass,Excellent,None,units,2056.6,3.6,4.0,0.0,0.0,0.0,0.0,0.0,0.0,0.0,1.0,REUSE
Plastic,Severely Damaged,High,tonnes,219.1,12.2,0.0,3.0,0.0,0.0,0.0,0.0,0.0,1.0,0.0,DISPOSAL / SPECIALIZED HANDLING
Glass,Good,None,kg,3947.6,3.4,3.0,0.0,0.0,0.0,0.0,0.0,0.0,0.0,1.0,REUSE
Brick,Excellent,None,tonnes,923.9,4.3,4.0,0.0,0.0,0.0,0.0,0.0,0.0,0.0,1.0,REUSE
Ceramic / Tiles,Good,None,tonnes,2127.0,24.8,3.0,0.0,1.0,0.0,0.0,0.0,0.0,0.0,1.0,REPAIR
Wood,Damaged,Low,units,1393.7,72.1,1.0,1.0,0.0,0.0,0.0,0.0,0.0,0.0,1.0,RECOVER
Gypsum,Excellent,High,units,99.7,84.7,4.0,3.0,1.0,1.0,0.0,0.0,0.0,1.0,0.0,DISPOSAL / SPECIALIZED HANDLING
Plastic,Moderate,Moderate,kg,7751.4,74.4,2.0,2.0,0.0,0.0,0.0,0.0,0.0,0.0,1.0,RECOVER
Ceramic / Tiles,Good,None,tonnes,301.0,1.2,3.0,0.0,0.0,0.0,0.0,0.0,0.0,0.0,1.0,REUSE
Glass,Excellent,Hazardous,kg,101.8,74.9,4.0,4.0,0.0,1.0,0.0,0.0,0.0,1.0,0.0,DISPOSAL / SPECIALIZED HANDLING
Soil,Damaged,Hazardous,kg,1354.0,29.4,1.0,4.0,0.0,1.0,0.0,0.0,0.0,1.0,0.0,DISPOSAL / SPECIALIZED HANDLING
Ceramic / Tiles,Moderate,Hazardous,kg,7849.4,54.9,2.0,4.0,1.0,1.0,0.0,0.0,0.0,1.0,0.0,DISPOSAL / SPECIALIZED HANDLING
Steel,Excellent,None,cubic metres,5265.0,2.8,4.0,0.0,0.0,0.0,0.0,0.0,0.0,0.0,1.0,REUSE
Brick,Excellent,None,kg,6995.3,2.1,4.0,0.0,0.0,0.0,0.0,0.0,0.0,0.0,1.0,REUSE
Concrete,Severely Damaged,None,kg,1100.8,45.8,0.0,0.0,0.0,1.0,0.0,0.0,0.0,0.0,1.0,RECYCLE
Concrete,Moderate,Low,tonnes,5683.3,29.2,2.0,1.0,1.0,0.0,0.0,0.0,0.0,0.0,1.0,REPAIR
Ceramic / Tiles,Excellent,None,units,7743.2,7.3,4.0,0.0,0.0,0.0,0.0,0.0,0.0,0.0,1.0,REUSE
Glass,Severely Damaged,Hazardous,tonnes,4052.5,27.9,0.0,4.0,0.0,1.0,0.0,0.0,0.0,1.0,0.0,DISPOSAL / SPECIALIZED HANDLING
Gypsum,Damaged,Moderate,kg,5941.3,49.8,1.0,2.0,1.0,1.0,0.0,0.0,0.0,0.0,1.0,RECYCLE
Concrete,Moderate,Low,tonnes,4237.6,23.8,2.0,1.0,1.0,0.0,0.0,0.0,0.0,0.0,1.0,REPAIR
Asphalt,Damaged,Moderate,tonnes,6432.4,60.8,1.0,2.0,0.0,1.0,0.0,0.0,0.0,0.0,1.0,RECYCLE
Plastic,Moderate,Low,kg,2745.9,33.3,2.0,1.0,0.0,0.0,0.0,0.0,0.0,0.0,1.0,RECOVER
Glass,Damaged,Low,units,1844.6,21.6,1.0,1.0,1.0,0.0,0.0,0.0,0.0,0.0,1.0,REPAIR
Glass,Excellent,None,units,7467.5,1.6,4.0,0.0,0.0,0.0,0.0,0.0,0.0,0.0,1.0,REUSE
Brick,Damaged,None,kg,7609.1,65.3,1.0,0.0,0.0,0.0,0.0,0.0,0.0,0.0,1.0,RECYCLE
Brick,Good,None,kg,6933.1,2.9,3.0,0.0,0.0,0.0,0.0,0.0,0.0,0.0,1.0,REUSE
Mixed Construction Waste,Damaged,Low,cubic metres,4110.7,47.5,1.0,1.0,0.0,0.0,0.0,0.0,0.0,0.0,1.0,RECOVER
Mixed Construction Waste,Severely Damaged,Low,tonnes,3615.6,50.1,0.0,1.0,0.0,0.0,0.0,0.0,0.0,0.0,0.0,RECOVER
Wood,Damaged,Moderate,kg,2703.6,64.8,1.0,2.0,0.0,0.0,0.0,0.0,0.0,0.0,1.0,RECOVER
Soil,Severely Damaged,None,kg,7671.1,61.1,0.0,0.0,0.0,1.0,0.0,0.0,1.0,0.0,1.0,RECYCLE
Mixed Construction Waste,Severely Damaged,Moderate,kg,5496.4,29.7,0.0,2.0,0.0,0.0,0.0,0.0,0.0,0.0,1.0,RECOVER
Concrete,Excellent,None,kg,5952.2,2.1,4.0,0.0,0.0,0.0,0.0,0.0,0.0,0.0,1.0,REUSE
Gypsum,Damaged,Low,units,7857.2,40.1,1.0,1.0,0.0,0.0,0.0,0.0,0.0,0.0,1.0,RECOVER
Brick,Damaged,Low,cubic metres,4188.7,68.9,1.0,1.0,1.0,0.0,0.0,0.0,0.0,0.0,1.0,RECYCLE
Brick,Damaged,High,units,4676.7,14.8,1.0,3.0,0.0,1.0,0.0,0.0,0.0,1.0,0.0,DISPOSAL / SPECIALIZED HANDLING
Ceramic / Tiles,Excellent,None,cubic metres,7052.7,7.4,4.0,0.0,0.0,0.0,0.0,0.0,0.0,0.0,1.0,REUSE
Gypsum,Damaged,Moderate,units,6110.7,66.2,1.0,2.0,0.0,0.0,0.0,0.0,0.0,0.0,1.0,RECOVER
Glass,Damaged,None,kg,1532.0,32.1,1.0,0.0,1.0,0.0,0.0,0.0,0.0,0.0,1.0,REPAIR
Glass,Good,None,units,1070.3,5.4,3.0,0.0,0.0,0.0,0.0,0.0,0.0,0.0,1.0,REUSE
Concrete,Good,None,units,6808.3,5.1,3.0,0.0,0.0,0.0,0.0,0.0,0.0,0.0,1.0,REUSE
Ceramic / Tiles,Damaged,None,cubic metres,6718.6,33.9,1.0,0.0,0.0,1.0,0.0,0.0,0.0,0.0,1.0,REPAIR
Brick,Good,None,cubic metres,3256.1,21.5,3.0,0.0,1.0,0.0,0.0,0.0,0.0,0.0,1.0,REPAIR
Soil,Moderate,Moderate,cubic metres,1336.6,69.6,2.0,2.0,0.0,0.0,0.0,0.0,0.0,0.0,1.0,RECYCLE
Concrete,Damaged,None,tonnes,6125.6,14.6,1.0,0.0,1.0,1.0,0.0,0.0,0.0,0.0,1.0,REPAIR
Brick,Damaged,None,units,4281.6,14.6,1.0,0.0,1.0,0.0,0.0,0.0,0.0,0.0,1.0,REPAIR
Asphalt,Moderate,Moderate,tonnes,3711.7,45.2,2.0,2.0,0.0,0.0,0.0,0.0,0.0,0.0,1.0,RECOVER
Mixed Construction Waste,Moderate,Low,tonnes,2964.8,21.7,2.0,1.0,0.0,0.0,0.0,0.0,0.0,0.0,1.0,RECOVER
Ceramic / Tiles,Good,Low,cubic metres,1386.0,6.9,3.0,1.0,1.0,0.0,0.0,0.0,0.0,0.0,1.0,REPAIR
Ceramic / Tiles,Moderate,None,tonnes,3482.1,30.8,2.0,0.0,1.0,0.0,0.0,0.0,0.0,0.0,1.0,REPAIR
Brick,Excellent,Hazardous,cubic metres,7332.2,17.9,4.0,4.0,1.0,0.0,0.0,0.0,0.0,1.0,0.0,DISPOSAL / SPECIALIZED HANDLING
Brick,Excellent,None,cubic metres,1988.7,2.2,4.0,0.0,0.0,0.0,0.0,0.0,0.0,0.0,1.0,REUSE
Steel,Damaged,Low,cubic metres,1941.1,5.4,1.0,1.0,1.0,0.0,1.0,0.0,0.0,0.0,1.0,REPAIR
Concrete,Good,None,units,7492.9,19.2,3.0,0.0,1.0,0.0,0.0,0.0,0.0,0.0,1.0,REPAIR
Gypsum,Moderate,Moderate,tonnes,4662.7,60.4,2.0,2.0,0.0,0.0,0.0,0.0,0.0,0.0,1.0,RECOVER
Gypsum,Severely Damaged,None,kg,5318.8,45.8,0.0,0.0,0.0,1.0,0.0,0.0,0.0,0.0,1.0,RECYCLE
Gypsum,Damaged,None,units,5378.8,46.8,1.0,0.0,0.0,0.0,0.0,0.0,1.0,0.0,1.0,RECYCLE
Asphalt,Severely Damaged,Moderate,cubic metres,1386.0,26.7,0.0,2.0,1.0,0.0,0.0,0.0,0.0,0.0,1.0,RECYCLE
Brick,Excellent,None,kg,4227.8,5.4,4.0,0.0,0.0,0.0,0.0,0.0,0.0,0.0,1.0,REUSE
Wood,Good,None,units,5651.8,6.0,3.0,0.0,1.0,0.0,0.0,0.0,0.0,0.0,1.0,REPAIR
Asphalt,Damaged,Moderate,cubic metres,4425.0,57.3,1.0,2.0,0.0,0.0,0.0,0.0,0.0,0.0,1.0,RECOVER
Gypsum,Severely Damaged,Moderate,cubic metres,1376.8,61.3,0.0,2.0,0.0,0.0,0.0,0.0,1.0,0.0,1.0,RECOVER
Brick,Good,None,units,792.1,1.3,3.0,0.0,0.0,0.0,0.0,0.0,0.0,0.0,1.0,REUSE
Asphalt,Moderate,Moderate,cubic metres,4448.7,36.9,2.0,2.0,0.0,0.0,0.0,0.0,0.0,0.0,1.0,RECOVER
Ceramic / Tiles,Damaged,None,tonnes,2722.5,11.7,1.0,0.0,1.0,0.0,0.0,0.0,0.0,0.0,1.0,REPAIR
Gypsum,Severely Damaged,Low,cubic metres,7966.8,54.3,0.0,1.0,0.0,0.0,0.0,0.0,1.0,0.0,1.0,RECOVER
Gypsum,Damaged,High,tonnes,6218.5,84.0,1.0,3.0,0.0,1.0,0.0,0.0,0.0,1.0,0.0,DISPOSAL / SPECIALIZED HANDLING
Ceramic / Tiles,Good,None,units,4004.1,4.0,3.0,0.0,0.0,0.0,0.0,0.0,0.0,0.0,1.0,REUSE
Concrete,Damaged,None,cubic metres,7238.9,63.0,1.0,0.0,1.0,0.0,0.0,0.0,0.0,0.0,1.0,RECYCLE
Glass,Moderate,Low,units,5995.8,28.4,2.0,1.0,1.0,0.0,0.0,0.0,0.0,0.0,1.0,REPAIR
Asphalt,Moderate,Moderate,tonnes,3652.9,44.9,2.0,2.0,0.0,0.0,0.0,0.0,0.0,0.0,1.0,RECOVER
Concrete,Excellent,None,cubic metres,3325.3,5.2,4.0,0.0,0.0,0.0,0.0,0.0,0.0,0.0,1.0,REUSE
Glass,Good,None,cubic metres,2262.1,2.7,3.0,0.0,0.0,0.0,0.0,0.0,0.0,0.0,1.0,REUSE
Asphalt,Severely Damaged,Low,tonnes,3102.5,40.1,0.0,1.0,1.0,1.0,0.0,0.0,0.0,0.0,1.0,RECYCLE
Ceramic / Tiles,Excellent,None,tonnes,4338.1,1.2,4.0,0.0,0.0,0.0,0.0,0.0,0.0,0.0,1.0,REUSE
Asphalt,Severely Damaged,Moderate,cubic metres,4874.3,32.5,0.0,2.0,0.0,0.0,0.0,0.0,0.0,0.0,1.0,RECOVER
Gypsum,Severely Damaged,Hazardous,tonnes,628.4,65.9,0.0,4.0,1.0,1.0,0.0,0.0,0.0,1.0,0.0,DISPOSAL / SPECIALIZED HANDLING
Asphalt,Damaged,None,cubic metres,1510.4,65.9,1.0,0.0,1.0,0.0,0.0,0.0,0.0,0.0,1.0,RECYCLE
Brick,Severely Damaged,Moderate,units,3032.4,34.7,0.0,2.0,0.0,0.0,0.0,0.0,0.0,0.0,1.0,RECYCLE
Steel,Good,None,kg,7072.6,5.8,3.0,0.0,0.0,0.0,0.0,0.0,0.0,0.0,1.0,REUSE
Brick,Damaged,None,units,3949.9,28.2,1.0,0.0,1.0,1.0,0.0,0.0,0.0,0.0,1.0,REPAIR
Brick,Moderate,Low,cubic metres,947.5,5.9,2.0,1.0,1.0,0.0,0.0,0.0,0.0,0.0,1.0,REPAIR
Brick,Damaged,Moderate,kg,1521.4,40.8,1.0,2.0,1.0,1.0,0.0,0.0,0.0,0.0,1.0,RECYCLE
Brick,Moderate,Low,kg,1764.8,31.2,2.0,1.0,1.0,0.0,0.0,0.0,0.0,0.0,1.0,REPAIR
Glass,Good,None,kg,2389.2,6.3,3.0,0.0,0.0,0.0,0.0,0.0,0.0,0.0,1.0,REUSE
Glass,Damaged,Moderate,units,644.5,44.7,1.0,2.0,1.0,0.0,0.0,0.0,0.0,0.0,1.0,RECYCLE
Concrete,Excellent,None,tonnes,5946.7,2.1,4.0,0.0,0.0,0.0,0.0,0.0,0.0,0.0,1.0,REUSE
Asphalt,Moderate,Moderate,kg,7719.8,43.5,2.0,2.0,0.0,0.0,0.0,0.0,0.0,0.0,1.0,RECOVER
Gypsum,Severely Damaged,Moderate,tonnes,7810.2,58.5,0.0,2.0,0.0,0.0,0.0,0.0,0.0,0.0,1.0,RECOVER
Glass,Damaged,Low,cubic metres,7477.7,57.1,1.0,1.0,0.0,1.0,0.0,0.0,0.0,0.0,1.0,RECYCLE
Wood,Good,Hazardous,kg,3782.9,38.1,3.0,4.0,0.0,0.0,0.0,0.0,0.0,1.0,0.0,DISPOSAL / SPECIALIZED HANDLING
Brick,Excellent,None,units,4795.0,4.6,4.0,0.0,0.0,0.0,0.0,0.0,0.0,0.0,1.0,REUSE
Ceramic / Tiles,Moderate,Hazardous,kg,329.8,62.7,2.0,4.0,1.0,0.0,0.0,0.0,0.0,1.0,0.0,DISPOSAL / SPECIALIZED HANDLING
Ceramic / Tiles,Good,None,tonnes,2368.2,0.1,3.0,0.0,0.0,0.0,0.0,0.0,0.0,0.0,1.0,REUSE
Soil,Severely Damaged,None,cubic metres,173.3,56.7,0.0,0.0,1.0,1.0,0.0,0.0,1.0,0.0,1.0,RECYCLE
Wood,Severely Damaged,Low,tonnes,1176.6,41.9,0.0,1.0,0.0,0.0,0.0,1.0,1.0,0.0,1.0,RECOVER
Brick,Moderate,None,cubic metres,3156.2,51.1,2.0,0.0,1.0,0.0,0.0,0.0,0.0,0.0,1.0,RECYCLE
Brick,Excellent,High,kg,6127.7,4.1,4.0,3.0,0.0,1.0,0.0,0.0,0.0,1.0,0.0,DISPOSAL / SPECIALIZED HANDLING
Soil,Damaged,Moderate,kg,3052.9,75.2,1.0,2.0,0.0,1.0,0.0,0.0,0.0,0.0,1.0,RECYCLE
Glass,Good,None,cubic metres,5522.8,34.1,3.0,0.0,1.0,0.0,0.0,0.0,0.0,0.0,1.0,REPAIR
Brick,Good,None,cubic metres,7236.6,7.7,3.0,0.0,0.0,0.0,0.0,0.0,0.0,0.0,1.0,REUSE
Plastic,Moderate,Moderate,units,1166.5,23.9,2.0,2.0,0.0,0.0,0.0,0.0,0.0,0.0,1.0,RECOVER
Glass,Excellent,None,units,1024.1,0.7,4.0,0.0,0.0,0.0,0.0,0.0,0.0,0.0,1.0,REUSE
Concrete,Good,None,tonnes,5625.6,15.7,3.0,0.0,1.0,0.0,0.0,0.0,0.0,0.0,1.0,REPAIR
Soil,Damaged,Low,tonnes,7726.4,34.0,1.0,1.0,0.0,0.0,0.0,0.0,0.0,0.0,1.0,RECYCLE
Wood,Severely Damaged,Moderate,units,2416.6,29.8,0.0,2.0,0.0,0.0,0.0,0.0,0.0,0.0,1.0,RECOVER
Brick,Excellent,None,cubic metres,1749.3,3.3,4.0,0.0,0.0,0.0,0.0,0.0,0.0,0.0,1.0,REUSE
Steel,Excellent,None,units,490.7,4.0,4.0,0.0,0.0,0.0,0.0,0.0,0.0,0.0,1.0,REUSE
Concrete,Damaged,Low,cubic metres,691.7,28.3,1.0,1.0,1.0,0.0,0.0,0.0,0.0,0.0,1.0,REPAIR
Soil,Damaged,Low,cubic metres,6977.9,42.1,1.0,1.0,0.0,0.0,0.0,0.0,0.0,0.0,1.0,RECYCLE
Glass,Severely Damaged,None,cubic metres,2927.0,63.1,0.0,0.0,1.0,1.0,0.0,0.0,0.0,0.0,1.0,RECYCLE
Mixed Construction Waste,Moderate,Low,kg,5302.6,57.0,2.0,1.0,0.0,0.0,0.0,0.0,0.0,0.0,0.0,RECOVER
Ceramic / Tiles,Excellent,None,cubic metres,6671.1,7.3,4.0,0.0,0.0,0.0,0.0,0.0,0.0,0.0,1.0,REUSE
Wood,Severely Damaged,High,tonnes,1125.4,48.3,0.0,3.0,1.0,1.0,0.0,0.0,0.0,1.0,0.0,DISPOSAL / SPECIALIZED HANDLING
Glass,Good,Low,units,3920.5,15.6,3.0,1.0,1.0,0.0,0.0,0.0,0.0,0.0,1.0,REPAIR
Mixed Construction Waste,Moderate,Low,units,6115.3,42.0,2.0,1.0,0.0,0.0,0.0,0.0,0.0,0.0,0.0,RECOVER
Wood,Moderate,None,tonnes,208.4,7.7,2.0,0.0,1.0,0.0,0.0,0.0,0.0,0.0,1.0,REPAIR
Glass,Severely Damaged,Moderate,kg,1437.3,36.6,0.0,2.0,1.0,1.0,0.0,0.0,0.0,0.0,1.0,RECYCLE
Asphalt,Moderate,Low,kg,6560.5,73.0,2.0,1.0,1.0,0.0,0.0,0.0,0.0,0.0,1.0,RECYCLE
Gypsum,Moderate,Low,cubic metres,7051.7,65.4,2.0,1.0,0.0,0.0,0.0,0.0,0.0,0.0,1.0,RECOVER
Glass,Severely Damaged,None,units,6016.9,53.6,0.0,0.0,1.0,1.0,0.0,0.0,0.0,0.0,1.0,RECYCLE
Concrete,Damaged,Low,tonnes,2225.1,20.1,1.0,1.0,1.0,0.0,0.0,0.0,0.0,0.0,1.0,REPAIR
Concrete,Moderate,Low,tonnes,1142.1,17.4,2.0,1.0,1.0,0.0,0.0,0.0,0.0,0.0,1.0,REPAIR
Concrete,Good,None,units,310.1,4.9,3.0,0.0,0.0,0.0,0.0,0.0,0.0,0.0,1.0,REUSE
Wood,Severely Damaged,Moderate,kg,2327.8,50.7,0.0,2.0,0.0,0.0,0.0,1.0,1.0,0.0,1.0,RECOVER
Concrete,Severely Damaged,Hazardous,cubic metres,2492.7,32.7,0.0,4.0,1.0,0.0,0.0,0.0,0.0,1.0,0.0,DISPOSAL / SPECIALIZED HANDLING
Wood,Severely Damaged,Moderate,cubic metres,7938.3,62.8,0.0,2.0,0.0,0.0,0.0,0.0,1.0,0.0,1.0,RECOVER
Concrete,Moderate,None,cubic metres,7842.4,78.7,2.0,0.0,1.0,0.0,0.0,0.0,0.0,0.0,1.0,RECYCLE
Mixed Construction Waste,Damaged,Moderate,cubic metres,6713.8,37.7,1.0,2.0,0.0,0.0,0.0,0.0,0.0,0.0,1.0,RECOVER
Gypsum,Moderate,High,kg,5531.5,4.7,2.0,3.0,1.0,1.0,0.0,0.0,0.0,1.0,0.0,DISPOSAL / SPECIALIZED HANDLING
Brick,Excellent,None,cubic metres,344.0,5.7,4.0,0.0,0.0,0.0,0.0,0.0,0.0,0.0,1.0,REUSE
Gypsum,Damaged,Low,units,344.3,71.7,1.0,1.0,1.0,1.0,0.0,0.0,1.0,0.0,1.0,RECYCLE
Mixed Construction Waste,Severely Damaged,Moderate,kg,1812.5,49.4,0.0,2.0,0.0,0.0,0.0,0.0,0.0,0.0,1.0,RECOVER
Steel,Damaged,Hazardous,cubic metres,3308.4,77.0,1.0,4.0,1.0,0.0,1.0,0.0,0.0,1.0,0.0,DISPOSAL / SPECIALIZED HANDLING
Plastic,Excellent,Hazardous,cubic metres,2185.9,39.2,4.0,4.0,1.0,1.0,0.0,0.0,0.0,1.0,0.0,DISPOSAL / SPECIALIZED HANDLING
Wood,Damaged,Low,kg,5142.9,17.4,1.0,1.0,0.0,1.0,0.0,1.0,0.0,0.0,1.0,REPAIR
Asphalt,Moderate,Low,tonnes,7700.9,52.6,2.0,1.0,0.0,0.0,0.0,0.0,0.0,0.0,1.0,RECYCLE
Gypsum,Moderate,Low,units,6467.8,59.3,2.0,1.0,0.0,0.0,0.0,0.0,1.0,0.0,1.0,RECYCLE
Gypsum,Moderate,Moderate,cubic metres,564.0,54.0,2.0,2.0,0.0,0.0,0.0,0.0,0.0,0.0,1.0,RECOVER
Concrete,Good,None,kg,4352.2,2.8,3.0,0.0,0.0,0.0,0.0,0.0,0.0,0.0,1.0,REUSE
Brick,Good,None,kg,1982.2,8.4,3.0,0.0,1.0,0.0,0.0,0.0,0.0,0.0,1.0,REPAIR
Asphalt,Severely Damaged,Low,tonnes,4313.0,41.8,0.0,1.0,0.0,0.0,0.0,0.0,0.0,0.0,1.0,RECOVER
Asphalt,Severely Damaged,High,units,7644.8,2.7,0.0,3.0,0.0,0.0,0.0,0.0,0.0,1.0,0.0,DISPOSAL / SPECIALIZED HANDLING
Steel,Moderate,Low,cubic metres,1539.7,23.8,2.0,1.0,1.0,0.0,1.0,0.0,0.0,0.0,1.0,REPAIR
Asphalt,Moderate,Moderate,cubic metres,4872.7,50.8,2.0,2.0,0.0,0.0,0.0,0.0,0.0,0.0,1.0,RECOVER
Glass,Damaged,Low,cubic metres,5842.4,29.1,1.0,1.0,1.0,0.0,0.0,0.0,0.0,0.0,1.0,REPAIR
Gypsum,Severely Damaged,Low,kg,6831.6,24.2,0.0,1.0,0.0,0.0,0.0,0.0,0.0,0.0,1.0,RECOVER
Plastic,Moderate,High,cubic metres,1609.1,22.6,2.0,3.0,1.0,0.0,0.0,0.0,0.0,1.0,0.0,DISPOSAL / SPECIALIZED HANDLING
Brick,Good,None,kg,6930.9,6.7,3.0,0.0,0.0,0.0,0.0,0.0,0.0,0.0,1.0,REUSE
Asphalt,Damaged,Moderate,tonnes,7052.8,26.1,1.0,2.0,0.0,0.0,0.0,0.0,0.0,0.0,1.0,RECOVER
Concrete,Severely Damaged,High,units,7323.1,34.7,0.0,3.0,1.0,0.0,0.0,0.0,0.0,1.0,0.0,DISPOSAL / SPECIALIZED HANDLING
Brick,Excellent,None,kg,4268.3,4.1,4.0,0.0,0.0,0.0,0.0,0.0,0.0,0.0,1.0,REUSE
Asphalt,Excellent,High,tonnes,7820.4,75.3,4.0,3.0,0.0,1.0,0.0,0.0,0.0,1.0,0.0,DISPOSAL / SPECIALIZED HANDLING
Gypsum,Moderate,Low,tonnes,2492.2,62.8,2.0,1.0,0.0,0.0,0.0,0.0,1.0,0.0,1.0,RECOVER
Concrete,Excellent,None,cubic metres,3203.4,7.4,4.0,0.0,0.0,0.0,0.0,0.0,0.0,0.0,1.0,REUSE
Concrete,Good,None,cubic metres,6297.1,7.5,3.0,0.0,0.0,0.0,0.0,0.0,0.0,0.0,1.0,REUSE
Brick,Good,High,tonnes,2780.3,40.3,3.0,3.0,0.0,1.0,0.0,0.0,0.0,1.0,0.0,DISPOSAL / SPECIALIZED HANDLING
Steel,Excellent,None,units,574.0,6.3,4.0,0.0,0.0,0.0,0.0,0.0,0.0,0.0,1.0,REUSE
Concrete,Moderate,Low,tonnes,1813.1,47.4,2.0,1.0,0.0,0.0,0.0,0.0,0.0,0.0,1.0,RECYCLE
Glass,Good,None,cubic metres,5096.5,1.5,3.0,0.0,0.0,0.0,0.0,0.0,0.0,0.0,1.0,REUSE
Brick,Excellent,None,kg,1285.5,6.2,4.0,0.0,0.0,0.0,0.0,0.0,0.0,0.0,1.0,REUSE
Mixed Construction Waste,Damaged,Moderate,kg,788.2,30.9,1.0,2.0,0.0,0.0,0.0,0.0,0.0,0.0,1.0,RECOVER
Plastic,Moderate,Moderate,units,238.2,36.2,2.0,2.0,0.0,0.0,0.0,0.0,0.0,0.0,1.0,RECOVER
Gypsum,Severely Damaged,None,tonnes,358.6,25.2,0.0,0.0,0.0,1.0,0.0,0.0,0.0,0.0,1.0,RECYCLE
Wood,Damaged,None,kg,2545.5,33.9,1.0,0.0,1.0,0.0,0.0,1.0,0.0,0.0,1.0,REPAIR
Gypsum,Damaged,Low,kg,4853.2,68.0,1.0,1.0,1.0,0.0,0.0,0.0,0.0,0.0,1.0,RECYCLE
Gypsum,Good,Hazardous,units,3720.9,22.6,3.0,4.0,1.0,0.0,0.0,0.0,0.0,1.0,0.0,DISPOSAL / SPECIALIZED HANDLING
Glass,Good,Low,tonnes,3501.1,29.3,3.0,1.0,1.0,0.0,0.0,0.0,0.0,0.0,1.0,REPAIR
Brick,Moderate,None,tonnes,3514.5,51.5,2.0,0.0,0.0,0.0,0.0,0.0,0.0,0.0,1.0,RECYCLE
Glass,Damaged,Low,cubic metres,4603.1,34.0,1.0,1.0,1.0,1.0,0.0,0.0,0.0,0.0,1.0,REPAIR
Steel,Good,None,units,3249.1,5.3,3.0,0.0,0.0,0.0,0.0,0.0,0.0,0.0,1.0,REUSE
Asphalt,Moderate,None,tonnes,787.6,32.8,2.0,0.0,0.0,0.0,0.0,0.0,0.0,0.0,1.0,RECYCLE
Concrete,Damaged,None,units,3445.1,19.5,1.0,0.0,1.0,1.0,0.0,0.0,0.0,0.0,1.0,REPAIR
Concrete,Moderate,Low,tonnes,2385.6,30.4,2.0,1.0,1.0,0.0,0.0,0.0,0.0,0.0,1.0,REPAIR
Asphalt,Damaged,Moderate,units,3625.2,65.6,1.0,2.0,0.0,0.0,0.0,0.0,0.0,0.0,1.0,RECOVER
Mixed Construction Waste,Severely Damaged,Low,cubic metres,5761.5,25.6,0.0,1.0,0.0,0.0,0.0,0.0,0.0,0.0,1.0,RECOVER
Glass,Severely Damaged,None,units,6327.0,79.3,0.0,0.0,1.0,0.0,0.0,0.0,0.0,0.0,1.0,RECYCLE
Mixed Construction Waste,Severely Damaged,Moderate,kg,2858.3,63.2,0.0,2.0,0.0,0.0,0.0,0.0,0.0,0.0,1.0,RECOVER
Mixed Construction Waste,Severely Damaged,Moderate,tonnes,4677.9,50.7,0.0,2.0,0.0,0.0,0.0,0.0,0.0,0.0,1.0,RECOVER
Brick,Severely Damaged,None,units,2630.3,25.1,0.0,0.0,0.0,1.0,0.0,0.0,0.0,0.0,1.0,RECYCLE
Gypsum,Moderate,None,units,1802.0,76.1,2.0,0.0,0.0,0.0,0.0,0.0,0.0,0.0,1.0,RECYCLE
Gypsum,Damaged,Moderate,cubic metres,4973.1,41.3,1.0,2.0,0.0,0.0,0.0,0.0,0.0,0.0,1.0,RECOVER
Wood,Damaged,Moderate,units,5590.0,31.0,1.0,2.0,0.0,0.0,0.0,0.0,0.0,0.0,1.0,RECOVER
Concrete,Damaged,Hazardous,kg,3937.4,9.0,1.0,4.0,0.0,1.0,0.0,0.0,0.0,1.0,0.0,DISPOSAL / SPECIALIZED HANDLING
Soil,Severely Damaged,Low,kg,4042.3,78.6,0.0,1.0,1.0,0.0,0.0,0.0,0.0,0.0,1.0,RECYCLE
Wood,Damaged,None,kg,6349.8,17.2,1.0,0.0,1.0,0.0,0.0,1.0,0.0,0.0,1.0,REPAIR
Soil,Good,High,kg,4250.4,80.8,3.0,3.0,0.0,1.0,0.0,0.0,0.0,1.0,0.0,DISPOSAL / SPECIALIZED HANDLING
Ceramic / Tiles,Good,High,cubic metres,3277.6,81.5,3.0,3.0,1.0,0.0,0.0,0.0,0.0,1.0,0.0,DISPOSAL / SPECIALIZED HANDLING
Soil,Moderate,Moderate,tonnes,3028.4,25.3,2.0,2.0,1.0,0.0,0.0,0.0,1.0,0.0,1.0,RECYCLE
Mixed Construction Waste,Damaged,Moderate,cubic metres,879.3,40.7,1.0,2.0,0.0,0.0,0.0,0.0,0.0,0.0,1.0,RECOVER
Plastic,Excellent,High,cubic metres,6406.4,43.8,4.0,3.0,0.0,1.0,0.0,0.0,0.0,1.0,0.0,DISPOSAL / SPECIALIZED HANDLING
Steel,Good,None,kg,4860.5,3.1,3.0,0.0,0.0,0.0,0.0,0.0,0.0,0.0,1.0,REUSE
Wood,Damaged,Low,cubic metres,3518.5,41.4,1.0,1.0,0.0,0.0,0.0,0.0,0.0,0.0,1.0,RECOVER
Brick,Moderate,High,tonnes,1712.5,8.3,2.0,3.0,1.0,0.0,0.0,0.0,0.0,1.0,0.0,DISPOSAL / SPECIALIZED HANDLING
Soil,Damaged,Low,tonnes,1795.2,57.0,1.0,1.0,1.0,1.0,0.0,0.0,1.0,0.0,1.0,RECYCLE
Gypsum,Damaged,Moderate,tonnes,2188.7,72.8,1.0,2.0,0.0,1.0,0.0,0.0,1.0,0.0,1.0,RECYCLE
Glass,Moderate,Low,kg,4344.0,17.1,2.0,1.0,1.0,0.0,0.0,0.0,0.0,0.0,1.0,REPAIR
Asphalt,Severely Damaged,Low,tonnes,522.0,47.1,0.0,1.0,0.0,0.0,0.0,0.0,0.0,0.0,1.0,RECOVER
Soil,Severely Damaged,Low,tonnes,6842.8,42.5,0.0,1.0,1.0,1.0,0.0,0.0,1.0,0.0,1.0,RECYCLE
Ceramic / Tiles,Excellent,None,cubic metres,2346.2,4.4,4.0,0.0,0.0,0.0,0.0,0.0,0.0,0.0,1.0,REUSE
Glass,Damaged,Moderate,cubic metres,2122.6,42.5,1.0,2.0,0.0,0.0,0.0,0.0,0.0,0.0,1.0,RECYCLE
Asphalt,Damaged,Low,cubic metres,176.8,39.5,1.0,1.0,0.0,0.0,0.0,0.0,0.0,0.0,1.0,RECOVER
Steel,Severely Damaged,High,kg,5190.7,34.3,0.0,3.0,1.0,0.0,1.0,0.0,0.0,1.0,0.0,DISPOSAL / SPECIALIZED HANDLING
Concrete,Moderate,Low,units,3253.6,6.1,2.0,1.0,1.0,0.0,0.0,0.0,0.0,0.0,1.0,REPAIR
Gypsum,Severely Damaged,Moderate,tonnes,5358.6,54.7,0.0,2.0,0.0,0.0,0.0,0.0,0.0,0.0,1.0,RECOVER
Gypsum,Damaged,None,kg,7680.9,30.3,1.0,0.0,1.0,1.0,0.0,0.0,0.0,0.0,1.0,RECYCLE
Wood,Severely Damaged,Low,kg,5490.3,59.8,0.0,1.0,0.0,0.0,0.0,0.0,0.0,0.0,1.0,RECOVER
Glass,Moderate,None,kg,7886.8,25.9,2.0,0.0,1.0,0.0,0.0,0.0,0.0,0.0,1.0,REPAIR
Asphalt,Severely Damaged,Low,kg,2129.8,69.0,0.0,1.0,0.0,0.0,0.0,0.0,0.0,0.0,1.0,RECOVER
Plastic,Moderate,Hazardous,tonnes,4298.3,54.1,2.0,4.0,0.0,0.0,0.0,0.0,0.0,1.0,0.0,DISPOSAL / SPECIALIZED HANDLING
Brick,Moderate,None,cubic metres,1312.3,42.0,2.0,0.0,1.0,0.0,0.0,0.0,0.0,0.0,1.0,RECYCLE
Glass,Good,None,tonnes,5492.7,7.9,3.0,0.0,0.0,0.0,0.0,0.0,0.0,0.0,1.0,REUSE
Glass,Good,None,kg,5906.1,5.7,3.0,0.0,0.0,0.0,0.0,0.0,0.0,0.0,1.0,REUSE
Steel,Excellent,None,tonnes,1977.5,0.9,4.0,0.0,0.0,0.0,0.0,0.0,0.0,0.0,1.0,REUSE
Brick,Moderate,None,units,6723.9,76.3,2.0,0.0,1.0,0.0,0.0,0.0,0.0,0.0,1.0,RECYCLE
Glass,Good,Low,units,2692.0,23.5,3.0,1.0,1.0,0.0,0.0,0.0,0.0,0.0,1.0,REPAIR
Brick,Severely Damaged,Moderate,tonnes,5805.9,28.5,0.0,2.0,1.0,0.0,0.0,0.0,0.0,0.0,1.0,RECYCLE
Ceramic / Tiles,Damaged,None,kg,82.7,11.2,1.0,0.0,1.0,0.0,0.0,0.0,0.0,0.0,1.0,REPAIR
Wood,Severely Damaged,Hazardous,kg,5193.9,16.3,0.0,4.0,0.0,1.0,0.0,0.0,0.0,1.0,0.0,DISPOSAL / SPECIALIZED HANDLING
Brick,Severely Damaged,Low,units,960.1,66.6,0.0,1.0,1.0,0.0,0.0,0.0,0.0,0.0,1.0,RECYCLE
Brick,Damaged,None,cubic metres,2633.1,14.9,1.0,0.0,1.0,0.0,0.0,0.0,0.0,0.0,1.0,REPAIR
Plastic,Severely Damaged,Moderate,cubic metres,7662.1,47.1,0.0,2.0,0.0,0.0,0.0,0.0,0.0,0.0,1.0,RECOVER
Mixed Construction Waste,Moderate,Moderate,tonnes,137.9,38.2,2.0,2.0,0.0,0.0,0.0,0.0,0.0,0.0,1.0,RECOVER
Plastic,Moderate,Low,units,4228.3,60.3,2.0,1.0,0.0,0.0,0.0,0.0,0.0,0.0,1.0,RECOVER
Asphalt,Moderate,Moderate,kg,784.9,74.1,2.0,2.0,0.0,0.0,0.0,0.0,0.0,0.0,1.0,RECYCLE
Steel,Good,None,units,1962.5,0.0,3.0,0.0,0.0,0.0,0.0,0.0,0.0,0.0,1.0,REUSE
Brick,Damaged,None,cubic metres,7663.0,36.2,1.0,0.0,1.0,0.0,0.0,0.0,0.0,0.0,1.0,RECYCLE
Steel,Excellent,None,tonnes,7886.3,2.4,4.0,0.0,0.0,0.0,0.0,0.0,0.0,0.0,1.0,REUSE
Steel,Damaged,Low,cubic metres,4359.9,33.4,1.0,1.0,1.0,1.0,0.0,0.0,0.0,0.0,1.0,REPAIR
Brick,Excellent,None,units,5992.5,7.3,4.0,0.0,0.0,0.0,0.0,0.0,0.0,0.0,1.0,REUSE
Ceramic / Tiles,Moderate,None,cubic metres,5809.0,8.4,2.0,0.0,1.0,0.0,0.0,0.0,0.0,0.0,1.0,REPAIR
Mixed Construction Waste,Moderate,High,cubic metres,768.3,87.8,2.0,3.0,1.0,1.0,0.0,0.0,0.0,1.0,0.0,DISPOSAL / SPECIALIZED HANDLING
Glass,Severely Damaged,Hazardous,kg,1816.9,3.3,0.0,4.0,0.0,1.0,0.0,0.0,0.0,1.0,0.0,DISPOSAL / SPECIALIZED HANDLING
Ceramic / Tiles,Good,None,cubic metres,677.5,6.4,3.0,0.0,0.0,0.0,0.0,0.0,0.0,0.0,1.0,REUSE
Asphalt,Good,Hazardous,units,7341.5,34.4,3.0,4.0,1.0,1.0,0.0,0.0,0.0,1.0,0.0,DISPOSAL / SPECIALIZED HANDLING
Asphalt,Moderate,Moderate,units,6039.0,58.3,2.0,2.0,0.0,0.0,0.0,0.0,0.0,0.0,1.0,RECOVER
Steel,Excellent,High,tonnes,5315.4,71.9,4.0,3.0,1.0,1.0,1.0,0.0,0.0,1.0,0.0,DISPOSAL / SPECIALIZED HANDLING
Ceramic / Tiles,Excellent,None,kg,7753.5,0.4,4.0,0.0,0.0,0.0,0.0,0.0,0.0,0.0,1.0,REUSE
Gypsum,Severely Damaged,Hazardous,kg,7476.5,27.0,0.0,4.0,0.0,1.0,0.0,0.0,0.0,1.0,0.0,DISPOSAL / SPECIALIZED HANDLING
Wood,Damaged,None,cubic metres,5977.6,28.0,1.0,0.0,1.0,0.0,0.0,1.0,0.0,0.0,1.0,REPAIR
Wood,Excellent,Hazardous,cubic metres,2242.4,47.8,4.0,4.0,0.0,1.0,0.0,0.0,0.0,1.0,0.0,DISPOSAL / SPECIALIZED HANDLING
Asphalt,Severely Damaged,Moderate,cubic metres,3826.9,52.1,0.0,2.0,0.0,0.0,0.0,0.0,0.0,0.0,1.0,RECOVER
Glass,Good,None,cubic metres,5427.7,20.4,3.0,0.0,1.0,0.0,0.0,0.0,0.0,0.0,1.0,REPAIR
Soil,Excellent,Hazardous,tonnes,5623.8,37.9,4.0,4.0,1.0,0.0,0.0,0.0,0.0,1.0,0.0,DISPOSAL / SPECIALIZED HANDLING
Brick,Damaged,Low,kg,7829.2,9.3,1.0,1.0,1.0,0.0,0.0,0.0,0.0,0.0,1.0,REPAIR
Concrete,Excellent,None,units,3094.7,0.4,4.0,0.0,0.0,0.0,0.0,0.0,0.0,0.0,1.0,REUSE
Glass,Good,Low,kg,4883.0,17.1,3.0,1.0,1.0,0.0,0.0,0.0,0.0,0.0,1.0,REPAIR
Gypsum,Damaged,Low,tonnes,6427.8,62.3,1.0,1.0,0.0,0.0,0.0,0.0,1.0,0.0,1.0,RECOVER
Concrete,Good,None,units,6916.6,4.4,3.0,0.0,0.0,0.0,0.0,0.0,0.0,0.0,1.0,REUSE
Ceramic / Tiles,Damaged,None,units,7695.1,16.3,1.0,0.0,1.0,1.0,0.0,0.0,0.0,0.0,1.0,REPAIR
Ceramic / Tiles,Good,None,tonnes,2061.2,25.7,3.0,0.0,1.0,0.0,0.0,0.0,0.0,0.0,1.0,REPAIR
Wood,Moderate,Low,kg,4146.4,27.8,2.0,1.0,1.0,0.0,0.0,0.0,0.0,0.0,1.0,REPAIR
Mixed Construction Waste,Moderate,Hazardous,tonnes,4307.5,39.0,2.0,4.0,1.0,1.0,0.0,0.0,0.0,1.0,0.0,DISPOSAL / SPECIALIZED HANDLING
Mixed Construction Waste,Moderate,Moderate,kg,799.8,34.8,2.0,2.0,0.0,0.0,0.0,0.0,0.0,0.0,0.0,RECOVER
Concrete,Good,None,kg,4657.6,6.3,3.0,0.0,0.0,0.0,0.0,0.0,0.0,0.0,1.0,REUSE
Concrete,Damaged,None,tonnes,602.2,73.7,1.0,0.0,1.0,1.0,0.0,0.0,0.0,0.0,1.0,RECYCLE
Concrete,Good,None,tonnes,4465.0,26.6,3.0,0.0,1.0,0.0,0.0,0.0,0.0,0.0,1.0,REPAIR
Ceramic / Tiles,Moderate,None,kg,3139.7,18.9,2.0,0.0,1.0,0.0,0.0,0.0,0.0,0.0,1.0,REPAIR
Mixed Construction Waste,Severely Damaged,High,cubic metres,1437.4,13.4,0.0,3.0,1.0,0.0,0.0,0.0,0.0,1.0,0.0,DISPOSAL / SPECIALIZED HANDLING
Wood,Moderate,Low,tonnes,4749.1,59.2,2.0,1.0,0.0,0.0,0.0,0.0,1.0,0.0,1.0,RECOVER
Concrete,Excellent,None,tonnes,5038.2,6.9,4.0,0.0,0.0,0.0,0.0,0.0,0.0,0.0,1.0,REUSE
Brick,Good,None,cubic metres,5072.3,7.8,3.0,0.0,0.0,0.0,0.0,0.0,0.0,0.0,1.0,REUSE
Steel,Good,Hazardous,tonnes,5578.8,11.8,3.0,4.0,0.0,0.0,1.0,0.0,0.0,1.0,0.0,DISPOSAL / SPECIALIZED HANDLING
Ceramic / Tiles,Good,None,units,3095.0,0.5,3.0,0.0,0.0,0.0,0.0,0.0,0.0,0.0,1.0,REUSE
Brick,Severely Damaged,Low,units,1916.0,30.5,0.0,1.0,1.0,1.0,0.0,0.0,0.0,0.0,1.0,RECYCLE
Asphalt,Moderate,Moderate,cubic metres,4968.2,76.2,2.0,2.0,1.0,0.0,0.0,0.0,0.0,0.0,1.0,RECYCLE
Ceramic / Tiles,Excellent,None,tonnes,5469.6,4.7,4.0,0.0,0.0,0.0,0.0,0.0,0.0,0.0,1.0,REUSE
Glass,Excellent,None,kg,791.2,0.7,4.0,0.0,0.0,0.0,0.0,0.0,0.0,0.0,1.0,REUSE
Soil,Damaged,Low,units,7216.7,46.0,1.0,1.0,0.0,0.0,0.0,0.0,1.0,0.0,1.0,RECYCLE
Wood,Severely Damaged,High,units,7580.5,72.4,0.0,3.0,1.0,1.0,0.0,0.0,0.0,1.0,0.0,DISPOSAL / SPECIALIZED HANDLING
Steel,Severely Damaged,Hazardous,tonnes,7574.7,0.3,0.0,4.0,0.0,0.0,1.0,0.0,0.0,1.0,0.0,DISPOSAL / SPECIALIZED HANDLING
Plastic,Damaged,Low,kg,4712.6,46.0,1.0,1.0,0.0,0.0,0.0,0.0,0.0,0.0,1.0,RECOVER
Concrete,Moderate,None,kg,4592.2,6.0,2.0,0.0,1.0,0.0,0.0,0.0,0.0,0.0,1.0,REPAIR
Concrete,Excellent,None,tonnes,2819.2,6.7,4.0,0.0,0.0,0.0,0.0,0.0,0.0,0.0,1.0,REUSE
Concrete,Moderate,Moderate,tonnes,2496.9,45.6,2.0,2.0,0.0,0.0,0.0,0.0,0.0,0.0,1.0,RECYCLE
Brick,Excellent,None,kg,4086.1,0.6,4.0,0.0,0.0,0.0,0.0,0.0,0.0,0.0,1.0,REUSE
Concrete,Moderate,None,tonnes,463.7,33.6,2.0,0.0,1.0,0.0,0.0,0.0,0.0,0.0,1.0,RECYCLE
Gypsum,Moderate,Low,kg,4904.0,40.3,2.0,1.0,0.0,0.0,0.0,0.0,0.0,0.0,1.0,RECOVER
Concrete,Moderate,Moderate,kg,7476.2,74.6,2.0,2.0,0.0,0.0,0.0,0.0,0.0,0.0,1.0,RECYCLE
Glass,Excellent,None,tonnes,5287.9,4.1,4.0,0.0,0.0,0.0,0.0,0.0,0.0,0.0,1.0,REUSE
Mixed Construction Waste,Damaged,Moderate,kg,2525.9,27.4,1.0,2.0,0.0,0.0,0.0,0.0,0.0,0.0,1.0,RECOVER
Brick,Damaged,None,units,4555.0,47.9,1.0,0.0,0.0,0.0,0.0,0.0,0.0,0.0,1.0,RECYCLE
Steel,Good,Hazardous,cubic metres,940.5,89.8,3.0,4.0,0.0,0.0,1.0,0.0,0.0,1.0,0.0,DISPOSAL / SPECIALIZED HANDLING
Gypsum,Damaged,Low,cubic metres,3841.9,52.1,1.0,1.0,0.0,0.0,0.0,0.0,0.0,0.0,1.0,RECOVER
Gypsum,Moderate,Low,units,6769.7,60.0,2.0,1.0,0.0,0.0,0.0,0.0,0.0,0.0,1.0,RECYCLE
Mixed Construction Waste,Severely Damaged,Moderate,tonnes,790.9,27.9,0.0,2.0,0.0,0.0,0.0,0.0,0.0,0.0,1.0,RECOVER
Brick,Damaged,None,tonnes,271.2,30.1,1.0,0.0,0.0,0.0,0.0,0.0,0.0,0.0,1.0,RECYCLE
Soil,Severely Damaged,Hazardous,kg,5932.2,48.0,0.0,4.0,0.0,1.0,0.0,0.0,0.0,1.0,0.0,DISPOSAL / SPECIALIZED HANDLING
Ceramic / Tiles,Good,None,tonnes,4171.6,3.3,3.0,0.0,0.0,0.0,0.0,0.0,0.0,0.0,1.0,REUSE
Asphalt,Severely Damaged,Moderate,cubic metres,5259.6,72.2,0.0,2.0,1.0,0.0,0.0,0.0,0.0,0.0,1.0,RECYCLE
Ceramic / Tiles,Excellent,None,units,987.0,5.4,4.0,0.0,0.0,0.0,0.0,0.0,0.0,0.0,1.0,REUSE
Wood,Moderate,Low,cubic metres,1188.6,34.6,2.0,1.0,1.0,0.0,0.0,0.0,0.0,0.0,1.0,REPAIR
Glass,Damaged,None,tonnes,1878.4,20.1,1.0,0.0,1.0,0.0,0.0,0.0,0.0,0.0,1.0,REPAIR
Glass,Damaged,Low,cubic metres,946.5,25.7,1.0,1.0,0.0,1.0,0.0,0.0,0.0,0.0,1.0,RECYCLE
Concrete,Moderate,Low,kg,4782.1,10.2,2.0,1.0,1.0,0.0,0.0,0.0,0.0,0.0,1.0,REPAIR
Concrete,Good,None,kg,2508.9,0.9,3.0,0.0,0.0,0.0,0.0,0.0,0.0,0.0,1.0,REUSE
Wood,Moderate,Low,kg,5621.5,33.7,2.0,1.0,1.0,0.0,0.0,0.0,0.0,0.0,1.0,REPAIR
Wood,Good,High,cubic metres,5051.4,12.3,3.0,3.0,1.0,0.0,0.0,0.0,0.0,1.0,0.0,DISPOSAL / SPECIALIZED HANDLING
Brick,Moderate,Low,tonnes,6312.2,25.9,2.0,1.0,1.0,0.0,0.0,0.0,0.0,0.0,1.0,REPAIR
Wood,Good,Low,kg,6859.9,18.3,3.0,1.0,1.0,0.0,0.0,0.0,0.0,0.0,1.0,REPAIR
Steel,Excellent,None,units,1334.6,5.1,4.0,0.0,0.0,0.0,0.0,0.0,0.0,0.0,1.0,REUSE
Glass,Good,None,units,7845.1,5.8,3.0,0.0,0.0,0.0,0.0,0.0,0.0,0.0,1.0,REUSE
Concrete,Damaged,Hazardous,cubic metres,3608.3,32.1,1.0,4.0,0.0,1.0,0.0,0.0,0.0,1.0,0.0,DISPOSAL / SPECIALIZED HANDLING
Wood,Severely Damaged,Moderate,units,6331.6,20.9,0.0,2.0,0.0,0.0,0.0,0.0,0.0,0.0,1.0,RECOVER
Gypsum,Damaged,None,cubic metres,5669.0,75.5,1.0,0.0,1.0,0.0,0.0,0.0,1.0,0.0,1.0,RECYCLE
Asphalt,Moderate,None,tonnes,5451.5,48.6,2.0,0.0,0.0,0.0,0.0,0.0,0.0,0.0,1.0,RECYCLE
Mixed Construction Waste,Damaged,High,kg,2842.5,22.2,1.0,3.0,1.0,1.0,0.0,0.0,0.0,1.0,0.0,DISPOSAL / SPECIALIZED HANDLING
Wood,Moderate,High,tonnes,2263.6,24.8,2.0,3.0,0.0,0.0,0.0,0.0,0.0,1.0,0.0,DISPOSAL / SPECIALIZED HANDLING
Gypsum,Damaged,Moderate,kg,5721.8,45.4,1.0,2.0,0.0,0.0,0.0,0.0,0.0,0.0,1.0,RECOVER
Ceramic / Tiles,Good,Hazardous,cubic metres,7160.8,64.3,3.0,4.0,0.0,0.0,0.0,0.0,0.0,1.0,0.0,DISPOSAL / SPECIALIZED HANDLING
Concrete,Good,None,kg,7205.9,13.6,3.0,0.0,1.0,0.0,0.0,0.0,0.0,0.0,1.0,REPAIR
Concrete,Severely Damaged,High,tonnes,1578.7,70.4,0.0,3.0,0.0,0.0,0.0,0.0,0.0,1.0,0.0,DISPOSAL / SPECIALIZED HANDLING
Concrete,Excellent,None,cubic metres,1143.1,6.1,4.0,0.0,0.0,0.0,0.0,0.0,0.0,0.0,1.0,REUSE
Mixed Construction Waste,Damaged,Low,cubic metres,7658.6,22.3,1.0,1.0,0.0,0.0,0.0,0.0,0.0,0.0,0.0,RECOVER
Glass,Moderate,High,tonnes,5626.9,16.0,2.0,3.0,1.0,1.0,0.0,0.0,0.0,1.0,0.0,DISPOSAL / SPECIALIZED HANDLING
Wood,Severely Damaged,Moderate,cubic metres,1696.7,70.0,0.0,2.0,0.0,0.0,0.0,1.0,0.0,0.0,1.0,RECOVER
Steel,Good,None,cubic metres,6928.8,6.7,3.0,0.0,0.0,0.0,0.0,0.0,0.0,0.0,1.0,REUSE
Plastic,Severely Damaged,Moderate,tonnes,2281.3,64.9,0.0,2.0,0.0,0.0,0.0,0.0,0.0,0.0,1.0,RECOVER
Concrete,Moderate,None,kg,819.9,39.6,2.0,0.0,1.0,0.0,0.0,0.0,0.0,0.0,1.0,RECYCLE
Mixed Construction Waste,Damaged,Moderate,tonnes,3328.0,50.6,1.0,2.0,0.0,0.0,0.0,0.0,0.0,0.0,1.0,RECOVER
Glass,Good,None,tonnes,3810.2,29.0,3.0,0.0,1.0,0.0,0.0,0.0,0.0,0.0,1.0,REPAIR
Asphalt,Damaged,Low,kg,6971.8,61.4,1.0,1.0,0.0,0.0,0.0,0.0,0.0,0.0,1.0,RECOVER
Brick,Good,None,cubic metres,4245.3,0.9,3.0,0.0,0.0,0.0,0.0,0.0,0.0,0.0,1.0,REUSE
Plastic,Moderate,Moderate,tonnes,7807.4,30.0,2.0,2.0,0.0,0.0,0.0,0.0,0.0,0.0,1.0,RECOVER
Wood,Moderate,Moderate,cubic metres,5760.4,51.9,2.0,2.0,0.0,0.0,0.0,1.0,1.0,0.0,1.0,RECOVER
Steel,Damaged,None,units,2815.4,26.5,1.0,0.0,1.0,0.0,1.0,0.0,0.0,0.0,1.0,REPAIR
Gypsum,Severely Damaged,None,kg,1309.2,31.4,0.0,0.0,0.0,0.0,0.0,0.0,1.0,0.0,1.0,RECYCLE
Glass,Damaged,None,cubic metres,2431.9,25.6,1.0,0.0,1.0,0.0,0.0,0.0,0.0,0.0,1.0,REPAIR
Ceramic / Tiles,Good,None,units,6546.0,0.1,3.0,0.0,0.0,0.0,0.0,0.0,0.0,0.0,1.0,REUSE
Ceramic / Tiles,Moderate,Low,kg,6303.1,30.7,2.0,1.0,1.0,0.0,0.0,0.0,0.0,0.0,1.0,REPAIR
Wood,Damaged,Moderate,kg,1067.2,22.5,1.0,2.0,0.0,0.0,0.0,1.0,0.0,0.0,1.0,RECOVER
Mixed Construction Waste,Damaged,Hazardous,kg,133.0,67.2,1.0,4.0,0.0,1.0,0.0,0.0,0.0,1.0,0.0,DISPOSAL / SPECIALIZED HANDLING
Mixed Construction Waste,Damaged,Moderate,cubic metres,3385.8,44.9,1.0,2.0,0.0,0.0,0.0,0.0,0.0,0.0,0.0,RECOVER
Mixed Construction Waste,Damaged,Moderate,units,4637.5,66.8,1.0,2.0,0.0,0.0,0.0,0.0,0.0,0.0,1.0,RECOVER
Brick,Excellent,None,tonnes,860.1,4.7,4.0,0.0,0.0,0.0,0.0,0.0,0.0,0.0,1.0,REUSE
Concrete,Moderate,Moderate,cubic metres,210.2,64.7,2.0,2.0,1.0,0.0,0.0,0.0,0.0,0.0,1.0,RECYCLE
Brick,Moderate,High,kg,765.9,84.4,2.0,3.0,1.0,1.0,0.0,0.0,0.0,1.0,0.0,DISPOSAL / SPECIALIZED HANDLING
Brick,Damaged,Moderate,units,7522.5,64.4,1.0,2.0,1.0,1.0,0.0,0.0,0.0,0.0,1.0,RECYCLE
Plastic,Good,Hazardous,kg,80.6,48.5,3.0,4.0,0.0,0.0,0.0,0.0,0.0,1.0,0.0,DISPOSAL / SPECIALIZED HANDLING
Wood,Damaged,Moderate,kg,2932.1,30.2,1.0,2.0,0.0,0.0,0.0,0.0,0.0,0.0,1.0,RECOVER
Ceramic / Tiles,Good,Low,units,2667.2,19.1,3.0,1.0,1.0,0.0,0.0,0.0,0.0,0.0,1.0,REPAIR
Steel,Excellent,None,kg,4891.5,6.5,4.0,0.0,0.0,0.0,0.0,0.0,0.0,0.0,1.0,REUSE
Plastic,Severely Damaged,Low,tonnes,3423.1,31.1,0.0,1.0,0.0,0.0,0.0,0.0,0.0,0.0,1.0,RECOVER
Steel,Good,None,units,999.2,6.6,3.0,0.0,0.0,0.0,0.0,0.0,0.0,0.0,1.0,REUSE
Wood,Severely Damaged,Moderate,kg,168.8,61.9,0.0,2.0,0.0,0.0,0.0,1.0,0.0,0.0,1.0,RECOVER
Concrete,Excellent,None,units,1740.4,7.3,4.0,0.0,0.0,0.0,0.0,0.0,0.0,0.0,1.0,REUSE
Plastic,Moderate,Moderate,cubic metres,5773.8,31.3,2.0,2.0,0.0,0.0,0.0,0.0,0.0,0.0,1.0,RECOVER
Mixed Construction Waste,Moderate,Low,cubic metres,5506.1,37.5,2.0,1.0,0.0,0.0,0.0,0.0,0.0,0.0,1.0,RECOVER
Mixed Construction Waste,Moderate,Moderate,kg,1845.2,61.2,2.0,2.0,0.0,0.0,0.0,0.0,0.0,0.0,1.0,RECOVER
Asphalt,Severely Damaged,Hazardous,cubic metres,71.4,16.2,0.0,4.0,0.0,1.0,0.0,0.0,0.0,1.0,0.0,DISPOSAL / SPECIALIZED HANDLING
Mixed Construction Waste,Excellent,High,cubic metres,6922.7,21.8,4.0,3.0,1.0,1.0,0.0,0.0,0.0,1.0,0.0,DISPOSAL / SPECIALIZED HANDLING
Glass,Moderate,High,units,6364.3,10.4,2.0,3.0,1.0,0.0,0.0,0.0,0.0,1.0,0.0,DISPOSAL / SPECIALIZED HANDLING
Concrete,Moderate,High,tonnes,6612.5,26.4,2.0,3.0,1.0,1.0,0.0,0.0,0.0,1.0,0.0,DISPOSAL / SPECIALIZED HANDLING
Steel,Excellent,None,tonnes,7442.9,5.4,4.0,0.0,0.0,0.0,0.0,0.0,0.0,0.0,1.0,REUSE
Glass,Moderate,None,cubic metres,7287.3,6.2,2.0,0.0,1.0,0.0,0.0,0.0,0.0,0.0,1.0,REPAIR
Wood,Damaged,Moderate,kg,3410.5,67.4,1.0,2.0,0.0,0.0,0.0,0.0,1.0,0.0,1.0,RECOVER
Brick,Severely Damaged,None,cubic metres,4558.4,35.9,0.0,0.0,0.0,1.0,0.0,0.0,0.0,0.0,1.0,RECYCLE
Concrete,Moderate,None,kg,1479.2,26.7,2.0,0.0,1.0,0.0,0.0,0.0,0.0,0.0,1.0,REPAIR
Soil,Severely Damaged,Moderate,tonnes,6965.4,74.8,0.0,2.0,1.0,0.0,0.0,0.0,0.0,0.0,1.0,RECYCLE
Glass,Damaged,Moderate,units,2823.4,49.2,1.0,2.0,0.0,0.0,0.0,0.0,0.0,0.0,1.0,RECYCLE
Wood,Damaged,None,units,1629.9,27.3,1.0,0.0,1.0,0.0,0.0,1.0,0.0,0.0,1.0,REPAIR
Concrete,Excellent,None,cubic metres,4166.1,5.9,4.0,0.0,0.0,0.0,0.0,0.0,0.0,0.0,1.0,REUSE
Concrete,Excellent,None,tonnes,2958.1,6.4,4.0,0.0,0.0,0.0,0.0,0.0,0.0,0.0,1.0,REUSE
Concrete,Excellent,None,units,6414.7,3.2,4.0,0.0,0.0,0.0,0.0,0.0,0.0,0.0,1.0,REUSE
Concrete,Damaged,None,kg,7663.1,76.6,1.0,0.0,1.0,1.0,0.0,0.0,0.0,0.0,1.0,RECYCLE
Mixed Construction Waste,Severely Damaged,Hazardous,tonnes,5663.4,80.4,0.0,4.0,1.0,1.0,0.0,0.0,0.0,1.0,0.0,DISPOSAL / SPECIALIZED HANDLING
Mixed Construction Waste,Severely Damaged,Low,kg,2451.3,36.4,0.0,1.0,0.0,0.0,0.0,0.0,0.0,0.0,0.0,RECOVER
Wood,Damaged,Low,tonnes,401.2,53.6,1.0,1.0,0.0,0.0,0.0,0.0,0.0,0.0,1.0,RECOVER
Wood,Good,Low,cubic metres,7560.8,16.0,3.0,1.0,1.0,0.0,0.0,0.0,0.0,0.0,1.0,REPAIR
Glass,Good,None,cubic metres,3036.4,7.0,3.0,0.0,0.0,0.0,0.0,0.0,0.0,0.0,1.0,REUSE
Ceramic / Tiles,Damaged,None,units,3643.2,19.1,1.0,0.0,1.0,1.0,0.0,0.0,0.0,0.0,1.0,REPAIR
Wood,Damaged,Low,kg,232.9,64.3,1.0,1.0,0.0,0.0,0.0,1.0,1.0,0.0,1.0,RECOVER
Plastic,Moderate,Moderate,cubic metres,4963.8,53.1,2.0,2.0,0.0,0.0,0.0,0.0,0.0,0.0,1.0,RECOVER
Concrete,Moderate,Low,tonnes,3315.2,52.1,2.0,1.0,0.0,0.0,0.0,0.0,0.0,0.0,1.0,RECYCLE
Ceramic / Tiles,Damaged,Low,tonnes,441.9,6.2,1.0,1.0,1.0,0.0,0.0,0.0,0.0,0.0,1.0,REPAIR
Concrete,Moderate,Low,units,2233.7,30.2,2.0,1.0,1.0,0.0,0.0,0.0,0.0,0.0,1.0,RECYCLE
Concrete,Excellent,None,kg,2123.2,5.9,4.0,0.0,0.0,0.0,0.0,0.0,0.0,0.0,1.0,REUSE
Steel,Excellent,None,cubic metres,2232.1,7.8,4.0,0.0,0.0,0.0,0.0,0.0,0.0,0.0,1.0,REUSE
Soil,Damaged,None,units,3791.9,26.4,1.0,0.0,1.0,0.0,0.0,0.0,1.0,0.0,1.0,RECYCLE
Asphalt,Moderate,Moderate,cubic metres,7426.3,33.0,2.0,2.0,0.0,0.0,0.0,0.0,0.0,0.0,1.0,RECOVER
Mixed Construction Waste,Moderate,Moderate,cubic metres,200.0,51.6,2.0,2.0,0.0,0.0,0.0,0.0,0.0,0.0,0.0,RECOVER
Ceramic / Tiles,Good,None,tonnes,6686.8,4.2,3.0,0.0,0.0,0.0,0.0,0.0,0.0,0.0,1.0,REUSE
Gypsum,Damaged,Low,cubic metres,3856.6,27.0,1.0,1.0,0.0,0.0,0.0,0.0,1.0,0.0,1.0,RECOVER
Gypsum,Damaged,Hazardous,kg,3599.6,11.7,1.0,4.0,0.0,0.0,0.0,0.0,0.0,1.0,0.0,DISPOSAL / SPECIALIZED HANDLING
Concrete,Moderate,None,kg,1058.2,13.6,2.0,0.0,1.0,0.0,0.0,0.0,0.0,0.0,1.0,REPAIR
Steel,Excellent,None,tonnes,5277.9,0.9,4.0,0.0,0.0,0.0,0.0,0.0,0.0,0.0,1.0,REUSE
Gypsum,Damaged,Moderate,units,6465.6,74.8,1.0,2.0,0.0,0.0,0.0,0.0,0.0,0.0,1.0,RECOVER
Gypsum,Severely Damaged,Low,units,6378.0,32.2,0.0,1.0,0.0,1.0,0.0,0.0,1.0,0.0,1.0,RECYCLE
Wood,Damaged,None,kg,3771.1,5.4,1.0,0.0,1.0,1.0,0.0,1.0,0.0,0.0,1.0,REPAIR
Brick,Good,None,units,4912.8,6.7,3.0,0.0,0.0,0.0,0.0,0.0,0.0,0.0,1.0,REUSE
Glass,Good,None,tonnes,7725.7,3.5,3.0,0.0,0.0,0.0,0.0,0.0,0.0,0.0,1.0,REUSE
Asphalt,Severely Damaged,High,units,4106.2,25.2,0.0,3.0,1.0,0.0,0.0,0.0,0.0,1.0,0.0,DISPOSAL / SPECIALIZED HANDLING
Mixed Construction Waste,Good,High,units,6714.7,14.1,3.0,3.0,1.0,1.0,0.0,0.0,0.0,1.0,0.0,DISPOSAL / SPECIALIZED HANDLING
Mixed Construction Waste,Severely Damaged,High,kg,6696.0,58.5,0.0,3.0,1.0,1.0,0.0,0.0,0.0,1.0,0.0,DISPOSAL / SPECIALIZED HANDLING
Ceramic / Tiles,Excellent,None,units,5380.4,3.1,4.0,0.0,0.0,0.0,0.0,0.0,0.0,0.0,1.0,REUSE
Mixed Construction Waste,Damaged,Moderate,units,454.8,39.1,1.0,2.0,0.0,0.0,0.0,0.0,0.0,0.0,1.0,RECOVER
Steel,Severely Damaged,Hazardous,kg,5707.9,88.5,0.0,4.0,1.0,1.0,1.0,0.0,0.0,1.0,0.0,DISPOSAL / SPECIALIZED HANDLING
Ceramic / Tiles,Good,None,tonnes,2672.4,2.4,3.0,0.0,0.0,0.0,0.0,0.0,0.0,0.0,1.0,REUSE
Concrete,Severely Damaged,Hazardous,cubic metres,6739.4,33.0,0.0,4.0,1.0,0.0,0.0,0.0,0.0,1.0,0.0,DISPOSAL / SPECIALIZED HANDLING
Steel,Excellent,None,cubic metres,3565.6,3.5,4.0,0.0,0.0,0.0,0.0,0.0,0.0,0.0,1.0,REUSE
Brick,Damaged,Hazardous,tonnes,7410.1,5.7,1.0,4.0,1.0,0.0,0.0,0.0,0.0,1.0,0.0,DISPOSAL / SPECIALIZED HANDLING
Wood,Moderate,None,tonnes,2783.9,5.0,2.0,0.0,1.0,0.0,0.0,0.0,0.0,0.0,1.0,REPAIR
Ceramic / Tiles,Damaged,Hazardous,kg,3806.2,47.5,1.0,4.0,1.0,1.0,0.0,0.0,0.0,1.0,0.0,DISPOSAL / SPECIALIZED HANDLING
Concrete,Good,None,kg,533.6,3.7,3.0,0.0,0.0,0.0,0.0,0.0,0.0,0.0,1.0,REUSE
Soil,Damaged,Moderate,units,7696.9,77.0,1.0,2.0,1.0,0.0,0.0,0.0,0.0,0.0,1.0,RECYCLE
Gypsum,Damaged,Moderate,tonnes,7694.5,70.4,1.0,2.0,0.0,0.0,0.0,0.0,0.0,0.0,1.0,RECOVER
Brick,Excellent,None,kg,1164.1,6.0,4.0,0.0,0.0,0.0,0.0,0.0,0.0,0.0,1.0,REUSE
Ceramic / Tiles,Excellent,None,units,1229.2,1.7,4.0,0.0,0.0,0.0,0.0,0.0,0.0,0.0,1.0,REUSE
Wood,Moderate,Low,kg,1971.9,65.8,2.0,1.0,0.0,0.0,0.0,0.0,1.0,0.0,1.0,RECOVER
Concrete,Damaged,None,units,4923.7,25.5,1.0,0.0,1.0,1.0,0.0,0.0,0.0,0.0,1.0,REPAIR
Glass,Good,None,tonnes,4100.7,2.9,3.0,0.0,0.0,0.0,0.0,0.0,0.0,0.0,1.0,REUSE
Soil,Severely Damaged,None,cubic metres,5513.4,67.6,0.0,0.0,1.0,1.0,0.0,0.0,0.0,0.0,1.0,RECYCLE
Plastic,Severely Damaged,Low,units,3939.0,57.6,0.0,1.0,0.0,0.0,0.0,0.0,0.0,0.0,1.0,RECOVER
Concrete,Good,High,tonnes,2386.0,71.0,3.0,3.0,1.0,0.0,0.0,0.0,0.0,1.0,0.0,DISPOSAL / SPECIALIZED HANDLING
Brick,Excellent,None,units,1986.4,0.4,4.0,0.0,0.0,0.0,0.0,0.0,0.0,0.0,1.0,REUSE
Gypsum,Damaged,Moderate,tonnes,1407.7,58.9,1.0,2.0,1.0,1.0,0.0,0.0,0.0,0.0,1.0,RECYCLE
Steel,Good,None,cubic metres,2819.0,6.3,3.0,0.0,0.0,0.0,0.0,0.0,0.0,0.0,1.0,REUSE
Steel,Excellent,Hazardous,units,3602.2,2.2,4.0,4.0,1.0,0.0,1.0,0.0,0.0,1.0,0.0,DISPOSAL / SPECIALIZED HANDLING
Glass,Good,None,units,689.6,16.0,3.0,0.0,1.0,0.0,0.0,0.0,0.0,0.0,1.0,REPAIR
Ceramic / Tiles,Damaged,Low,kg,5305.8,11.3,1.0,1.0,1.0,0.0,0.0,0.0,0.0,0.0,1.0,REPAIR
Ceramic / Tiles,Damaged,Hazardous,units,6936.5,72.3,1.0,4.0,0.0,1.0,0.0,0.0,0.0,1.0,0.0,DISPOSAL / SPECIALIZED HANDLING
Concrete,Damaged,Low,kg,5089.7,30.3,1.0,1.0,1.0,0.0,0.0,0.0,0.0,0.0,1.0,REPAIR
Glass,Moderate,None,cubic metres,6890.2,20.1,2.0,0.0,1.0,0.0,0.0,0.0,0.0,0.0,1.0,REPAIR
Glass,Damaged,None,tonnes,5189.2,50.3,1.0,0.0,1.0,0.0,0.0,0.0,0.0,0.0,1.0,RECYCLE
Brick,Moderate,Low,kg,880.0,60.6,2.0,1.0,0.0,0.0,0.0,0.0,0.0,0.0,1.0,RECYCLE
Glass,Good,Low,tonnes,7578.0,26.8,3.0,1.0,1.0,0.0,0.0,0.0,0.0,0.0,1.0,REPAIR
Steel,Good,None,tonnes,91.2,0.8,3.0,0.0,0.0,0.0,0.0,0.0,0.0,0.0,1.0,REUSE
Steel,Moderate,None,units,1069.3,10.9,2.0,0.0,1.0,0.0,1.0,0.0,0.0,0.0,1.0,REPAIR
Brick,Excellent,None,cubic metres,4976.7,1.4,4.0,0.0,0.0,0.0,0.0,0.0,0.0,0.0,1.0,REUSE
Steel,Excellent,None,units,4640.9,6.5,4.0,0.0,0.0,0.0,0.0,0.0,0.0,0.0,1.0,REUSE
Glass,Excellent,None,cubic metres,3027.0,6.2,4.0,0.0,0.0,0.0,0.0,0.0,0.0,0.0,1.0,REUSE
Gypsum,Moderate,Low,cubic metres,558.3,55.6,2.0,1.0,1.0,0.0,0.0,0.0,1.0,0.0,1.0,RECYCLE
Steel,Severely Damaged,Hazardous,units,5652.3,29.8,0.0,4.0,0.0,1.0,1.0,0.0,0.0,1.0,0.0,DISPOSAL / SPECIALIZED HANDLING
Ceramic / Tiles,Damaged,Low,units,3914.9,17.4,1.0,1.0,0.0,1.0,0.0,0.0,0.0,0.0,1.0,REPAIR
Glass,Severely Damaged,Hazardous,tonnes,3164.5,86.4,0.0,4.0,1.0,1.0,0.0,0.0,0.0,1.0,0.0,DISPOSAL / SPECIALIZED HANDLING
Concrete,Severely Damaged,Moderate,kg,2908.5,30.3,0.0,2.0,0.0,0.0,0.0,0.0,0.0,0.0,1.0,RECYCLE
Brick,Excellent,None,units,4363.8,3.3,4.0,0.0,0.0,0.0,0.0,0.0,0.0,0.0,1.0,REUSE
Mixed Construction Waste,Damaged,Moderate,units,2462.8,55.8,1.0,2.0,0.0,0.0,0.0,0.0,0.0,0.0,1.0,RECOVER
Soil,Damaged,None,tonnes,3472.8,77.4,1.0,0.0,0.0,1.0,0.0,0.0,1.0,0.0,1.0,RECYCLE
Plastic,Moderate,Hazardous,tonnes,3289.3,42.9,2.0,4.0,1.0,1.0,0.0,0.0,0.0,1.0,0.0,DISPOSAL / SPECIALIZED HANDLING
Concrete,Severely Damaged,Hazardous,kg,2881.5,57.9,0.0,4.0,1.0,1.0,0.0,0.0,0.0,1.0,0.0,DISPOSAL / SPECIALIZED HANDLING
Plastic,Severely Damaged,Moderate,cubic metres,3412.8,33.7,0.0,2.0,0.0,0.0,0.0,0.0,0.0,0.0,1.0,RECOVER
Asphalt,Severely Damaged,Moderate,cubic metres,4208.8,50.2,0.0,2.0,0.0,0.0,0.0,0.0,0.0,0.0,1.0,RECOVER
Concrete,Good,None,tonnes,2700.2,2.3,3.0,0.0,0.0,0.0,0.0,0.0,0.0,0.0,1.0,REUSE
Concrete,Damaged,Low,tonnes,238.8,24.4,1.0,1.0,1.0,1.0,0.0,0.0,0.0,0.0,1.0,REPAIR
Wood,Moderate,Low,kg,2540.7,20.5,2.0,1.0,0.0,0.0,0.0,1.0,0.0,0.0,1.0,RECOVER
Mixed Construction Waste,Damaged,Low,units,1704.4,74.3,1.0,1.0,0.0,0.0,0.0,0.0,0.0,0.0,0.0,RECOVER
Brick,Good,None,kg,2696.3,21.7,3.0,0.0,1.0,0.0,0.0,0.0,0.0,0.0,1.0,REPAIR
Soil,Damaged,Hazardous,cubic metres,6993.9,9.4,1.0,4.0,1.0,0.0,0.0,0.0,0.0,1.0,0.0,DISPOSAL / SPECIALIZED HANDLING
Brick,Severely Damaged,Low,cubic metres,62.5,63.4,0.0,1.0,0.0,0.0,0.0,0.0,0.0,0.0,1.0,RECYCLE
Brick,Excellent,High,tonnes,6669.6,43.2,4.0,3.0,1.0,1.0,0.0,0.0,0.0,1.0,0.0,DISPOSAL / SPECIALIZED HANDLING
Gypsum,Damaged,Moderate,kg,7660.5,60.5,1.0,2.0,1.0,0.0,0.0,0.0,1.0,0.0,1.0,RECYCLE
Ceramic / Tiles,Moderate,Low,units,6320.8,16.8,2.0,1.0,1.0,0.0,0.0,0.0,0.0,0.0,1.0,REPAIR
Brick,Damaged,Low,kg,7373.8,64.0,1.0,1.0,1.0,1.0,0.0,0.0,0.0,0.0,1.0,RECYCLE
Concrete,Good,Hazardous,cubic metres,3275.1,7.1,3.0,4.0,1.0,1.0,0.0,0.0,0.0,1.0,0.0,DISPOSAL / SPECIALIZED HANDLING
Plastic,Moderate,Hazardous,units,1511.0,80.9,2.0,4.0,0.0,0.0,0.0,0.0,0.0,1.0,0.0,DISPOSAL / SPECIALIZED HANDLING
Concrete,Damaged,High,tonnes,2852.5,62.4,1.0,3.0,1.0,1.0,0.0,0.0,0.0,1.0,0.0,DISPOSAL / SPECIALIZED HANDLING
Concrete,Good,None,cubic metres,2870.7,22.3,3.0,0.0,1.0,0.0,0.0,0.0,0.0,0.0,1.0,REPAIR
Gypsum,Severely Damaged,Moderate,kg,5486.4,31.9,0.0,2.0,0.0,0.0,0.0,0.0,0.0,0.0,1.0,RECOVER
Steel,Excellent,None,units,6775.2,2.8,4.0,0.0,0.0,0.0,0.0,0.0,0.0,0.0,1.0,REUSE
Glass,Severely Damaged,Hazardous,cubic metres,1316.5,34.0,0.0,4.0,1.0,1.0,0.0,0.0,0.0,1.0,0.0,DISPOSAL / SPECIALIZED HANDLING
Plastic,Moderate,Moderate,tonnes,1973.3,28.6,2.0,2.0,0.0,0.0,0.0,0.0,0.0,0.0,1.0,RECOVER
Brick,Damaged,Low,units,3951.9,19.8,1.0,1.0,1.0,1.0,0.0,0.0,0.0,0.0,1.0,REPAIR
Gypsum,Damaged,Moderate,units,6178.2,36.8,1.0,2.0,0.0,0.0,0.0,0.0,1.0,0.0,1.0,RECOVER
Ceramic / Tiles,Excellent,None,units,534.6,3.3,4.0,0.0,0.0,0.0,0.0,0.0,0.0,0.0,1.0,REUSE
Brick,Good,None,cubic metres,4420.3,4.5,3.0,0.0,0.0,0.0,0.0,0.0,0.0,0.0,1.0,REUSE
Mixed Construction Waste,Damaged,High,kg,971.7,42.0,1.0,3.0,1.0,0.0,0.0,0.0,0.0,1.0,0.0,DISPOSAL / SPECIALIZED HANDLING
Concrete,Moderate,None,kg,6594.4,13.2,2.0,0.0,1.0,0.0,0.0,0.0,0.0,0.0,1.0,REPAIR
Glass,Damaged,Low,cubic metres,845.5,14.7,1.0,1.0,1.0,0.0,0.0,0.0,0.0,0.0,1.0,REPAIR
Concrete,Moderate,Low,units,4775.0,70.6,2.0,1.0,1.0,0.0,0.0,0.0,0.0,0.0,1.0,RECYCLE
Steel,Excellent,None,units,2841.6,7.7,4.0,0.0,0.0,0.0,0.0,0.0,0.0,0.0,1.0,REUSE
Steel,Moderate,None,cubic metres,3686.2,32.8,2.0,0.0,1.0,0.0,1.0,0.0,0.0,0.0,1.0,REPAIR
Asphalt,Good,Hazardous,units,90.2,82.8,3.0,4.0,1.0,1.0,0.0,0.0,0.0,1.0,0.0,DISPOSAL / SPECIALIZED HANDLING
Glass,Severely Damaged,Hazardous,kg,3723.9,57.5,0.0,4.0,1.0,0.0,0.0,0.0,0.0,1.0,0.0,DISPOSAL / SPECIALIZED HANDLING
Glass,Damaged,Moderate,cubic metres,706.8,65.6,1.0,2.0,1.0,0.0,0.0,0.0,0.0,0.0,1.0,RECYCLE
Steel,Moderate,Low,cubic metres,7109.4,18.7,2.0,1.0,1.0,0.0,1.0,0.0,0.0,0.0,1.0,REPAIR
Gypsum,Moderate,Low,cubic metres,1094.8,66.3,2.0,1.0,1.0,0.0,0.0,0.0,0.0,0.0,1.0,RECYCLE
Steel,Moderate,None,units,3381.6,7.1,2.0,0.0,0.0,0.0,1.0,0.0,0.0,0.0,1.0,REPAIR
Soil,Damaged,Low,cubic metres,5664.6,52.5,1.0,1.0,0.0,1.0,0.0,0.0,0.0,0.0,1.0,RECYCLE
Soil,Severely Damaged,None,kg,978.0,39.0,0.0,0.0,1.0,1.0,0.0,0.0,1.0,0.0,1.0,RECYCLE
Ceramic / Tiles,Good,None,units,3825.4,5.7,3.0,0.0,0.0,0.0,0.0,0.0,0.0,0.0,1.0,REUSE
Ceramic / Tiles,Damaged,None,units,209.6,9.9,1.0,0.0,0.0,1.0,0.0,0.0,0.0,0.0,1.0,REPAIR
Soil,Damaged,Hazardous,cubic metres,5120.6,74.9,1.0,4.0,1.0,1.0,0.0,0.0,0.0,1.0,0.0,DISPOSAL / SPECIALIZED HANDLING
Glass,Moderate,Low,units,774.5,31.8,2.0,1.0,1.0,0.0,0.0,0.0,0.0,0.0,1.0,REPAIR
Asphalt,Severely Damaged,Hazardous,tonnes,4092.7,6.0,0.0,4.0,1.0,1.0,0.0,0.0,0.0,1.0,0.0,DISPOSAL / SPECIALIZED HANDLING
Gypsum,Moderate,Low,kg,340.1,76.9,2.0,1.0,1.0,0.0,0.0,0.0,1.0,0.0,1.0,RECYCLE
Soil,Moderate,Moderate,tonnes,2413.9,64.7,2.0,2.0,0.0,0.0,0.0,0.0,1.0,0.0,1.0,RECYCLE
Glass,Moderate,None,cubic metres,723.0,70.6,2.0,0.0,1.0,0.0,0.0,0.0,0.0,0.0,1.0,RECYCLE
Brick,Severely Damaged,High,tonnes,227.1,80.7,0.0,3.0,0.0,1.0,0.0,0.0,0.0,1.0,0.0,DISPOSAL / SPECIALIZED HANDLING
Asphalt,Severely Damaged,Low,kg,2752.7,47.1,0.0,1.0,0.0,1.0,0.0,0.0,0.0,0.0,1.0,RECYCLE
Concrete,Moderate,Low,units,440.2,20.8,2.0,1.0,1.0,0.0,0.0,0.0,0.0,0.0,1.0,REPAIR
Ceramic / Tiles,Good,None,units,1642.1,6.9,3.0,0.0,1.0,0.0,0.0,0.0,0.0,0.0,1.0,REPAIR
Gypsum,Moderate,Moderate,cubic metres,65.5,62.3,2.0,2.0,1.0,0.0,0.0,0.0,1.0,0.0,1.0,RECYCLE
Concrete,Damaged,Low,units,4462.9,8.4,1.0,1.0,1.0,1.0,0.0,0.0,0.0,0.0,1.0,REPAIR
Brick,Good,None,units,2350.2,7.8,3.0,0.0,0.0,0.0,0.0,0.0,0.0,0.0,1.0,REUSE
Ceramic / Tiles,Excellent,None,units,3863.5,7.9,4.0,0.0,0.0,0.0,0.0,0.0,0.0,0.0,1.0,REUSE
Soil,Moderate,Moderate,units,3383.5,75.7,2.0,2.0,0.0,0.0,0.0,0.0,1.0,0.0,1.0,RECYCLE
Mixed Construction Waste,Damaged,Moderate,tonnes,7676.5,64.3,1.0,2.0,0.0,0.0,0.0,0.0,0.0,0.0,1.0,RECOVER
Wood,Severely Damaged,Low,cubic metres,3128.8,65.9,0.0,1.0,0.0,0.0,0.0,1.0,1.0,0.0,1.0,RECOVER
Mixed Construction Waste,Damaged,Moderate,cubic metres,3735.0,45.3,1.0,2.0,0.0,0.0,0.0,0.0,0.0,0.0,1.0,RECOVER
Glass,Severely Damaged,Moderate,tonnes,886.6,56.5,0.0,2.0,0.0,0.0,0.0,0.0,0.0,0.0,1.0,RECYCLE
Gypsum,Severely Damaged,Moderate,units,5896.8,32.0,0.0,2.0,0.0,0.0,0.0,0.0,0.0,0.0,1.0,RECOVER
Glass,Good,None,kg,7163.6,4.5,3.0,0.0,0.0,0.0,0.0,0.0,0.0,0.0,1.0,REUSE
Brick,Severely Damaged,Low,units,2186.5,43.6,0.0,1.0,0.0,1.0,0.0,0.0,0.0,0.0,1.0,RECYCLE
Steel,Excellent,None,tonnes,3790.5,6.1,4.0,0.0,0.0,0.0,0.0,0.0,0.0,0.0,1.0,REUSE
Glass,Good,None,kg,648.2,4.5,3.0,0.0,0.0,0.0,0.0,0.0,0.0,0.0,1.0,REUSE
Glass,Severely Damaged,None,kg,5134.9,34.4,0.0,0.0,0.0,0.0,0.0,0.0,0.0,0.0,1.0,RECYCLE
Steel,Moderate,Low,tonnes,4371.8,21.8,2.0,1.0,1.0,0.0,1.0,0.0,0.0,0.0,1.0,REPAIR
Glass,Excellent,None,tonnes,6420.5,7.7,4.0,0.0,0.0,0.0,0.0,0.0,0.0,0.0,1.0,REUSE
Plastic,Moderate,Low,cubic metres,537.1,27.3,2.0,1.0,0.0,0.0,0.0,0.0,0.0,0.0,1.0,RECOVER
Soil,Severely Damaged,Hazardous,units,6401.5,38.3,0.0,4.0,0.0,1.0,0.0,0.0,0.0,1.0,0.0,DISPOSAL / SPECIALIZED HANDLING
Steel,Excellent,None,units,1045.1,5.1,4.0,0.0,0.0,0.0,0.0,0.0,0.0,0.0,1.0,REUSE
Asphalt,Severely Damaged,Moderate,tonnes,6170.9,55.9,0.0,2.0,0.0,0.0,0.0,0.0,0.0,0.0,1.0,RECOVER
Gypsum,Severely Damaged,Moderate,cubic metres,3029.4,61.8,0.0,2.0,0.0,0.0,0.0,0.0,0.0,0.0,1.0,RECOVER
Concrete,Damaged,Low,tonnes,4208.6,33.2,1.0,1.0,0.0,1.0,0.0,0.0,0.0,0.0,1.0,RECYCLE
Steel,Good,None,tonnes,7218.2,20.9,3.0,0.0,1.0,0.0,1.0,0.0,0.0,0.0,1.0,REPAIR
Gypsum,Moderate,Moderate,kg,549.1,35.5,2.0,2.0,0.0,0.0,0.0,0.0,0.0,0.0,1.0,RECOVER
Ceramic / Tiles,Good,High,units,3247.4,0.6,3.0,3.0,0.0,0.0,0.0,0.0,0.0,1.0,0.0,DISPOSAL / SPECIALIZED HANDLING
Plastic,Moderate,Low,kg,585.7,53.1,2.0,1.0,0.0,0.0,0.0,0.0,0.0,0.0,1.0,RECOVER
Soil,Moderate,None,kg,7928.0,37.8,2.0,0.0,1.0,0.0,0.0,0.0,0.0,0.0,1.0,RECYCLE
Wood,Damaged,Low,units,7189.3,37.5,1.0,1.0,0.0,0.0,0.0,1.0,0.0,0.0,1.0,RECOVER
Glass,Good,None,kg,4612.7,3.0,3.0,0.0,0.0,0.0,0.0,0.0,0.0,0.0,1.0,REUSE
Steel,Moderate,None,cubic metres,4566.0,5.6,2.0,0.0,0.0,0.0,1.0,0.0,0.0,0.0,1.0,REPAIR
Glass,Excellent,None,tonnes,3095.4,3.8,4.0,0.0,0.0,0.0,0.0,0.0,0.0,0.0,1.0,REUSE
Ceramic / Tiles,Moderate,None,tonnes,3593.9,16.1,2.0,0.0,1.0,0.0,0.0,0.0,0.0,0.0,1.0,REPAIR
Asphalt,Moderate,Moderate,tonnes,7165.7,65.7,2.0,2.0,1.0,0.0,0.0,0.0,0.0,0.0,1.0,RECYCLE
Glass,Severely Damaged,Moderate,kg,1407.4,72.6,0.0,2.0,1.0,1.0,0.0,0.0,0.0,0.0,1.0,RECYCLE
Soil,Damaged,Low,units,3398.8,35.9,1.0,1.0,0.0,0.0,0.0,0.0,0.0,0.0,1.0,RECYCLE
Glass,Moderate,Low,units,996.3,63.3,2.0,1.0,0.0,0.0,0.0,0.0,0.0,0.0,1.0,RECYCLE
Asphalt,Moderate,Low,cubic metres,4088.0,48.7,2.0,1.0,0.0,0.0,0.0,0.0,0.0,0.0,1.0,RECYCLE
Concrete,Severely Damaged,High,units,5576.6,51.8,0.0,3.0,0.0,0.0,0.0,0.0,0.0,1.0,0.0,DISPOSAL / SPECIALIZED HANDLING
Glass,Good,None,cubic metres,1185.8,7.1,3.0,0.0,0.0,0.0,0.0,0.0,0.0,0.0,1.0,REUSE
Wood,Moderate,Low,cubic metres,6904.2,57.5,2.0,1.0,0.0,0.0,0.0,0.0,1.0,0.0,1.0,RECOVER
Glass,Moderate,None,units,7757.9,62.4,2.0,0.0,1.0,0.0,0.0,0.0,0.0,0.0,1.0,RECYCLE
Steel,Good,None,tonnes,2142.7,30.3,3.0,0.0,1.0,0.0,0.0,0.0,0.0,0.0,1.0,REPAIR
Gypsum,Moderate,Moderate,cubic metres,6896.1,36.5,2.0,2.0,0.0,0.0,0.0,0.0,0.0,0.0,1.0,RECOVER
Steel,Excellent,None,tonnes,2034.9,5.6,4.0,0.0,0.0,0.0,0.0,0.0,0.0,0.0,1.0,REUSE
Ceramic / Tiles,Excellent,None,cubic metres,4469.0,5.0,4.0,0.0,0.0,0.0,0.0,0.0,0.0,0.0,1.0,REUSE
Soil,Damaged,None,kg,5128.2,30.8,1.0,0.0,1.0,1.0,0.0,0.0,0.0,0.0,1.0,RECYCLE
Ceramic / Tiles,Good,Low,tonnes,192.4,33.5,3.0,1.0,1.0,0.0,0.0,0.0,0.0,0.0,1.0,REPAIR
Concrete,Damaged,Low,kg,142.6,9.5,1.0,1.0,1.0,1.0,0.0,0.0,0.0,0.0,1.0,REPAIR
Mixed Construction Waste,Damaged,Moderate,kg,1211.6,31.8,1.0,2.0,0.0,0.0,0.0,0.0,0.0,0.0,0.0,RECOVER
Brick,Damaged,Moderate,tonnes,4238.4,41.6,1.0,2.0,0.0,1.0,0.0,0.0,0.0,0.0,1.0,RECYCLE
Asphalt,Damaged,Low,tonnes,4741.3,39.2,1.0,1.0,0.0,0.0,0.0,0.0,0.0,0.0,1.0,RECOVER
Glass,Excellent,None,kg,2357.2,1.1,4.0,0.0,0.0,0.0,0.0,0.0,0.0,0.0,1.0,REUSE
Glass,Damaged,Moderate,units,7143.6,65.5,1.0,2.0,1.0,0.0,0.0,0.0,0.0,0.0,1.0,RECYCLE
Mixed Construction Waste,Moderate,Low,units,5517.4,59.8,2.0,1.0,0.0,0.0,0.0,0.0,0.0,0.0,0.0,RECOVER
Glass,Severely Damaged,Low,units,7963.1,76.7,0.0,1.0,0.0,0.0,0.0,0.0,0.0,0.0,1.0,RECYCLE
Concrete,Damaged,High,tonnes,5752.4,35.2,1.0,3.0,0.0,0.0,0.0,0.0,0.0,1.0,0.0,DISPOSAL / SPECIALIZED HANDLING
Concrete,Damaged,None,tonnes,6687.8,13.7,1.0,0.0,1.0,0.0,0.0,0.0,0.0,0.0,1.0,REPAIR
Wood,Damaged,Low,units,1824.7,28.8,1.0,1.0,1.0,1.0,0.0,0.0,0.0,0.0,1.0,REPAIR
Wood,Damaged,Low,tonnes,6362.7,40.1,1.0,1.0,0.0,0.0,0.0,0.0,1.0,0.0,1.0,RECOVER
Concrete,Damaged,Moderate,tonnes,2471.7,78.0,1.0,2.0,1.0,0.0,0.0,0.0,0.0,0.0,1.0,RECYCLE
Glass,Damaged,None,tonnes,495.5,14.9,1.0,0.0,1.0,1.0,0.0,0.0,0.0,0.0,1.0,REPAIR
Wood,Severely Damaged,Low,cubic metres,2295.6,21.1,0.0,1.0,0.0,0.0,0.0,1.0,0.0,0.0,1.0,RECOVER
Gypsum,Damaged,Moderate,kg,1835.0,73.6,1.0,2.0,1.0,0.0,0.0,0.0,0.0,0.0,1.0,RECYCLE
Ceramic / Tiles,Excellent,None,cubic metres,7577.4,1.0,4.0,0.0,0.0,0.0,0.0,0.0,0.0,0.0,1.0,REUSE
Brick,Good,Low,kg,56.7,32.0,3.0,1.0,1.0,0.0,0.0,0.0,0.0,0.0,1.0,REPAIR
Gypsum,Severely Damaged,None,kg,563.7,58.4,0.0,0.0,0.0,0.0,0.0,0.0,0.0,0.0,1.0,RECYCLE
Concrete,Excellent,None,units,3379.3,0.2,4.0,0.0,0.0,0.0,0.0,0.0,0.0,0.0,1.0,REUSE
Ceramic / Tiles,Good,None,units,186.3,4.3,3.0,0.0,0.0,0.0,0.0,0.0,0.0,0.0,1.0,REUSE
Glass,Excellent,None,cubic metres,2652.5,0.4,4.0,0.0,0.0,0.0,0.0,0.0,0.0,0.0,1.0,REUSE
Gypsum,Moderate,Low,cubic metres,6174.6,35.7,2.0,1.0,1.0,0.0,0.0,0.0,1.0,0.0,1.0,RECYCLE
Glass,Severely Damaged,Low,tonnes,5194.4,66.9,0.0,1.0,1.0,1.0,0.0,0.0,0.0,0.0,1.0,RECYCLE
Wood,Damaged,Low,kg,7555.9,29.4,1.0,1.0,1.0,1.0,0.0,1.0,0.0,0.0,1.0,REPAIR
Asphalt,Severely Damaged,None,cubic metres,3066.0,33.4,0.0,0.0,0.0,1.0,0.0,0.0,0.0,0.0,1.0,RECYCLE
Asphalt,Severely Damaged,Moderate,cubic metres,2436.4,46.5,0.0,2.0,0.0,0.0,0.0,0.0,0.0,0.0,1.0,RECOVER
Glass,Good,None,cubic metres,1423.8,0.2,3.0,0.0,0.0,0.0,0.0,0.0,0.0,0.0,1.0,REUSE
Concrete,Damaged,None,units,3081.9,33.8,1.0,0.0,1.0,1.0,0.0,0.0,0.0,0.0,1.0,REPAIR
Brick,Moderate,Moderate,units,587.1,51.9,2.0,2.0,0.0,0.0,0.0,0.0,0.0,0.0,1.0,RECYCLE
Steel,Excellent,None,units,1791.1,4.9,4.0,0.0,0.0,0.0,0.0,0.0,0.0,0.0,1.0,REUSE
Soil,Moderate,Moderate,cubic metres,1074.5,60.4,2.0,2.0,1.0,0.0,0.0,0.0,1.0,0.0,1.0,RECYCLE
Gypsum,Damaged,None,tonnes,7841.9,29.9,1.0,0.0,1.0,0.0,0.0,0.0,1.0,0.0,1.0,RECYCLE
Brick,Damaged,None,kg,687.4,10.7,1.0,0.0,1.0,1.0,0.0,0.0,0.0,0.0,1.0,REPAIR
Steel,Damaged,Low,cubic metres,399.1,26.8,1.0,1.0,1.0,1.0,0.0,0.0,0.0,0.0,1.0,REPAIR
Asphalt,Damaged,None,units,1686.8,35.3,1.0,0.0,0.0,1.0,0.0,0.0,0.0,0.0,1.0,RECYCLE
Concrete,Moderate,Low,kg,6870.2,60.1,2.0,1.0,0.0,0.0,0.0,0.0,0.0,0.0,1.0,RECYCLE
Soil,Severely Damaged,None,tonnes,1619.1,45.7,0.0,0.0,1.0,0.0,0.0,0.0,1.0,0.0,1.0,RECYCLE
Wood,Damaged,Moderate,tonnes,5036.3,28.4,1.0,2.0,0.0,0.0,0.0,0.0,0.0,0.0,1.0,RECOVER
Ceramic / Tiles,Excellent,None,kg,4780.5,6.8,4.0,0.0,0.0,0.0,0.0,0.0,0.0,0.0,1.0,REUSE
Concrete,Moderate,Moderate,cubic metres,7828.9,67.5,2.0,2.0,0.0,0.0,0.0,0.0,0.0,0.0,1.0,RECYCLE
Plastic,Damaged,Low,tonnes,2753.6,36.6,1.0,1.0,0.0,0.0,0.0,0.0,0.0,0.0,1.0,RECOVER
Brick,Moderate,Hazardous,kg,3980.1,71.1,2.0,4.0,0.0,0.0,0.0,0.0,0.0,1.0,0.0,DISPOSAL / SPECIALIZED HANDLING
Brick,Good,None,units,2755.7,1.7,3.0,0.0,0.0,0.0,0.0,0.0,0.0,0.0,1.0,REUSE
Ceramic / Tiles,Good,None,tonnes,6289.6,1.3,3.0,0.0,0.0,0.0,0.0,0.0,0.0,0.0,1.0,REUSE
Glass,Severely Damaged,High,tonnes,5968.0,2.5,0.0,3.0,1.0,1.0,0.0,0.0,0.0,1.0,0.0,DISPOSAL / SPECIALIZED HANDLING
Concrete,Moderate,None,cubic metres,809.5,54.0,2.0,0.0,1.0,0.0,0.0,0.0,0.0,0.0,1.0,RECYCLE
Brick,Good,None,tonnes,6656.8,3.6,3.0,0.0,0.0,0.0,0.0,0.0,0.0,0.0,1.0,REUSE
Soil,Severely Damaged,Moderate,cubic metres,3043.8,26.3,0.0,2.0,0.0,0.0,0.0,0.0,0.0,0.0,1.0,RECYCLE
Gypsum,Damaged,Hazardous,tonnes,5610.8,7.1,1.0,4.0,1.0,1.0,0.0,0.0,0.0,1.0,0.0,DISPOSAL / SPECIALIZED HANDLING
Gypsum,Good,High,tonnes,856.2,84.7,3.0,3.0,1.0,0.0,0.0,0.0,0.0,1.0,0.0,DISPOSAL / SPECIALIZED HANDLING
Steel,Good,None,units,4676.5,7.6,3.0,0.0,0.0,0.0,0.0,0.0,0.0,0.0,1.0,REUSE
Concrete,Moderate,None,cubic metres,868.9,11.3,2.0,0.0,1.0,0.0,0.0,0.0,0.0,0.0,1.0,REPAIR
Ceramic / Tiles,Damaged,None,tonnes,7868.5,28.3,1.0,0.0,1.0,0.0,0.0,0.0,0.0,0.0,1.0,REPAIR
Steel,Good,None,cubic metres,7171.3,2.3,3.0,0.0,0.0,0.0,0.0,0.0,0.0,0.0,1.0,REUSE
Ceramic / Tiles,Good,None,tonnes,730.6,4.4,3.0,0.0,0.0,0.0,0.0,0.0,0.0,0.0,1.0,REUSE
Ceramic / Tiles,Good,None,units,4770.1,1.3,3.0,0.0,0.0,0.0,0.0,0.0,0.0,0.0,1.0,REUSE
Wood,Moderate,Low,kg,4318.6,33.4,2.0,1.0,0.0,0.0,0.0,1.0,0.0,0.0,1.0,RECOVER
Glass,Good,None,kg,4679.5,5.5,3.0,0.0,0.0,0.0,0.0,0.0,0.0,0.0,1.0,REUSE
Wood,Severely Damaged,Low,kg,2513.7,51.2,0.0,1.0,0.0,0.0,0.0,1.0,0.0,0.0,1.0,RECOVER
Glass,Damaged,None,cubic metres,2137.9,16.4,1.0,0.0,1.0,1.0,0.0,0.0,0.0,0.0,1.0,REPAIR
Gypsum,Damaged,Moderate,kg,1813.3,34.6,1.0,2.0,0.0,0.0,0.0,0.0,1.0,0.0,1.0,RECOVER
Plastic,Moderate,High,kg,6344.1,67.1,2.0,3.0,0.0,0.0,0.0,0.0,0.0,1.0,0.0,DISPOSAL / SPECIALIZED HANDLING
Ceramic / Tiles,Good,None,units,6611.2,6.1,3.0,0.0,0.0,0.0,0.0,0.0,0.0,0.0,1.0,REUSE
Steel,Moderate,High,units,4973.1,24.9,2.0,3.0,1.0,1.0,1.0,0.0,0.0,1.0,0.0,DISPOSAL / SPECIALIZED HANDLING
Soil,Moderate,High,kg,772.4,6.1,2.0,3.0,1.0,1.0,0.0,0.0,0.0,1.0,0.0,DISPOSAL / SPECIALIZED HANDLING
Soil,Severely Damaged,Moderate,tonnes,3466.3,65.6,0.0,2.0,1.0,0.0,0.0,0.0,1.0,0.0,1.0,RECYCLE
Gypsum,Moderate,Low,units,6902.8,61.0,2.0,1.0,0.0,0.0,0.0,0.0,1.0,0.0,1.0,RECYCLE
Glass,Moderate,Low,units,6685.0,6.3,2.0,1.0,1.0,0.0,0.0,0.0,0.0,0.0,1.0,REPAIR
Ceramic / Tiles,Good,None,cubic metres,2861.1,5.4,3.0,0.0,0.0,0.0,0.0,0.0,0.0,0.0,1.0,REUSE
Concrete,Good,Hazardous,kg,604.5,19.7,3.0,4.0,0.0,0.0,0.0,0.0,0.0,1.0,0.0,DISPOSAL / SPECIALIZED HANDLING
Brick,Moderate,Low,tonnes,3331.3,29.1,2.0,1.0,1.0,0.0,0.0,0.0,0.0,0.0,1.0,REPAIR
Brick,Damaged,High,units,6664.4,25.6,1.0,3.0,0.0,0.0,0.0,0.0,0.0,1.0,0.0,DISPOSAL / SPECIALIZED HANDLING
Asphalt,Damaged,Moderate,tonnes,1513.9,61.1,1.0,2.0,0.0,0.0,0.0,0.0,0.0,0.0,1.0,RECOVER
Mixed Construction Waste,Good,Hazardous,cubic metres,1853.4,13.4,3.0,4.0,0.0,1.0,0.0,0.0,0.0,1.0,0.0,DISPOSAL / SPECIALIZED HANDLING
Brick,Good,None,tonnes,2453.0,1.8,3.0,0.0,0.0,0.0,0.0,0.0,0.0,0.0,1.0,REUSE
Steel,Good,None,tonnes,2438.5,2.7,3.0,0.0,0.0,0.0,0.0,0.0,0.0,0.0,1.0,REUSE
Gypsum,Damaged,None,tonnes,305.5,79.8,1.0,0.0,0.0,1.0,0.0,0.0,0.0,0.0,1.0,RECYCLE
Brick,Good,Low,units,4684.1,32.2,3.0,1.0,1.0,0.0,0.0,0.0,0.0,0.0,1.0,REPAIR
Ceramic / Tiles,Good,None,units,3519.3,2.8,3.0,0.0,0.0,0.0,0.0,0.0,0.0,0.0,1.0,REUSE
Steel,Good,Hazardous,tonnes,124.1,12.0,3.0,4.0,1.0,1.0,1.0,0.0,0.0,1.0,0.0,DISPOSAL / SPECIALIZED HANDLING
Gypsum,Severely Damaged,Low,tonnes,5239.7,38.5,0.0,1.0,0.0,0.0,0.0,0.0,0.0,0.0,1.0,RECYCLE
Brick,Damaged,Moderate,tonnes,7274.5,54.6,1.0,2.0,1.0,0.0,0.0,0.0,0.0,0.0,1.0,RECYCLE
Concrete,Damaged,High,tonnes,6744.8,28.8,1.0,3.0,1.0,1.0,0.0,0.0,0.0,1.0,0.0,DISPOSAL / SPECIALIZED HANDLING
Ceramic / Tiles,Damaged,Low,tonnes,4188.8,7.2,1.0,1.0,1.0,1.0,0.0,0.0,0.0,0.0,1.0,REPAIR
Concrete,Moderate,Hazardous,cubic metres,7437.6,72.7,2.0,4.0,0.0,1.0,0.0,0.0,0.0,1.0,0.0,DISPOSAL / SPECIALIZED HANDLING
Concrete,Good,None,units,7450.1,1.8,3.0,0.0,0.0,0.0,0.0,0.0,0.0,0.0,1.0,REUSE
Glass,Severely Damaged,Moderate,units,7601.9,58.9,0.0,2.0,1.0,0.0,0.0,0.0,0.0,0.0,1.0,RECYCLE
Glass,Good,None,units,1974.1,1.1,3.0,0.0,0.0,0.0,0.0,0.0,0.0,0.0,1.0,REUSE
Asphalt,Damaged,Low,tonnes,7234.1,27.8,1.0,1.0,0.0,0.0,0.0,0.0,0.0,0.0,1.0,RECOVER
Glass,Excellent,None,kg,4218.9,0.9,4.0,0.0,0.0,0.0,0.0,0.0,0.0,0.0,1.0,REUSE
Gypsum,Damaged,None,tonnes,3037.2,59.1,1.0,0.0,0.0,0.0,0.0,0.0,0.0,0.0,1.0,RECYCLE
Mixed Construction Waste,Damaged,Moderate,kg,7630.8,32.1,1.0,2.0,0.0,0.0,0.0,0.0,0.0,0.0,0.0,RECOVER
Ceramic / Tiles,Excellent,None,kg,7781.8,3.4,4.0,0.0,0.0,0.0,0.0,0.0,0.0,0.0,1.0,REUSE
Plastic,Severely Damaged,Low,kg,5070.7,43.0,0.0,1.0,0.0,0.0,0.0,0.0,0.0,0.0,1.0,RECOVER
Steel,Excellent,None,units,5557.5,2.1,4.0,0.0,0.0,0.0,0.0,0.0,0.0,0.0,1.0,REUSE
Wood,Damaged,High,cubic metres,6262.4,45.4,1.0,3.0,1.0,1.0,0.0,0.0,0.0,1.0,0.0,DISPOSAL / SPECIALIZED HANDLING
Ceramic / Tiles,Damaged,Low,units,5142.7,14.0,1.0,1.0,1.0,0.0,0.0,0.0,0.0,0.0,1.0,REPAIR
Ceramic / Tiles,Good,None,kg,4795.4,6.4,3.0,0.0,0.0,0.0,0.0,0.0,0.0,0.0,1.0,REUSE
Concrete,Severely Damaged,Moderate,kg,96.5,39.3,0.0,2.0,1.0,0.0,0.0,0.0,0.0,0.0,1.0,RECYCLE
Concrete,Good,None,tonnes,2263.9,0.6,3.0,0.0,0.0,0.0,0.0,0.0,0.0,0.0,1.0,REUSE
Ceramic / Tiles,Good,None,units,7516.9,5.4,3.0,0.0,0.0,0.0,0.0,0.0,0.0,0.0,1.0,REUSE
Mixed Construction Waste,Moderate,Moderate,units,6309.6,38.8,2.0,2.0,0.0,0.0,0.0,0.0,0.0,0.0,1.0,RECOVER
Gypsum,Damaged,Low,cubic metres,2732.4,79.1,1.0,1.0,1.0,1.0,0.0,0.0,1.0,0.0,1.0,RECYCLE
Glass,Damaged,Low,kg,4189.2,16.8,1.0,1.0,1.0,1.0,0.0,0.0,0.0,0.0,1.0,REPAIR
Brick,Moderate,Low,tonnes,7202.5,10.7,2.0,1.0,1.0,0.0,0.0,0.0,0.0,0.0,1.0,REPAIR
Glass,Damaged,Moderate,kg,1041.9,44.7,1.0,2.0,0.0,1.0,0.0,0.0,0.0,0.0,1.0,RECYCLE
Asphalt,Moderate,Moderate,units,7500.9,41.8,2.0,2.0,1.0,0.0,0.0,0.0,0.0,0.0,1.0,RECYCLE
Steel,Good,Low,units,7708.1,26.8,3.0,1.0,1.0,0.0,1.0,0.0,0.0,0.0,1.0,REPAIR
Soil,Damaged,High,units,7832.2,62.0,1.0,3.0,1.0,0.0,0.0,0.0,0.0,1.0,0.0,DISPOSAL / SPECIALIZED HANDLING
Gypsum,Damaged,None,units,1735.2,42.6,1.0,0.0,0.0,0.0,0.0,0.0,0.0,0.0,1.0,RECYCLE
Brick,Moderate,Low,cubic metres,4181.7,32.8,2.0,1.0,1.0,0.0,0.0,0.0,0.0,0.0,1.0,REPAIR
Wood,Severely Damaged,Low,units,6970.9,62.9,0.0,1.0,0.0,0.0,0.0,1.0,1.0,0.0,1.0,RECOVER
Concrete,Good,None,units,4214.6,6.5,3.0,0.0,0.0,0.0,0.0,0.0,0.0,0.0,1.0,REUSE
Glass,Moderate,None,kg,6620.5,30.7,2.0,0.0,1.0,0.0,0.0,0.0,0.0,0.0,1.0,RECYCLE
Concrete,Moderate,None,kg,2499.3,9.2,2.0,0.0,1.0,0.0,0.0,0.0,0.0,0.0,1.0,REPAIR
Gypsum,Damaged,Moderate,kg,5319.9,60.6,1.0,2.0,0.0,0.0,0.0,0.0,0.0,0.0,1.0,RECOVER
Glass,Excellent,None,cubic metres,3616.4,6.1,4.0,0.0,0.0,0.0,0.0,0.0,0.0,0.0,1.0,REUSE
Asphalt,Damaged,Moderate,tonnes,2005.8,27.3,1.0,2.0,0.0,0.0,0.0,0.0,0.0,0.0,1.0,RECOVER
Soil,Damaged,None,tonnes,233.1,31.6,1.0,0.0,0.0,0.0,0.0,0.0,1.0,0.0,1.0,RECYCLE
Wood,Damaged,Moderate,kg,2616.8,61.2,1.0,2.0,0.0,0.0,0.0,0.0,1.0,0.0,1.0,RECOVER
Glass,Good,None,cubic metres,2477.8,6.9,3.0,0.0,0.0,0.0,0.0,0.0,0.0,0.0,1.0,REUSE
Steel,Good,None,cubic metres,5620.8,7.4,3.0,0.0,0.0,0.0,0.0,0.0,0.0,0.0,1.0,REUSE
Asphalt,Moderate,None,cubic metres,6949.5,37.0,2.0,0.0,0.0,0.0,0.0,0.0,0.0,0.0,1.0,RECYCLE
Steel,Damaged,Low,units,7372.3,30.5,1.0,1.0,1.0,1.0,0.0,0.0,0.0,0.0,1.0,REPAIR
Concrete,Excellent,None,units,2259.1,5.6,4.0,0.0,0.0,0.0,0.0,0.0,0.0,0.0,1.0,REUSE
Brick,Damaged,Low,tonnes,2558.6,20.5,1.0,1.0,1.0,0.0,0.0,0.0,0.0,0.0,1.0,REPAIR
Ceramic / Tiles,Severely Damaged,High,tonnes,3279.5,30.7,0.0,3.0,1.0,1.0,0.0,0.0,0.0,1.0,0.0,DISPOSAL / SPECIALIZED HANDLING
Wood,Damaged,Moderate,units,5786.7,43.2,1.0,2.0,0.0,0.0,0.0,0.0,1.0,0.0,1.0,RECOVER
Mixed Construction Waste,Damaged,Moderate,kg,2859.3,72.1,1.0,2.0,0.0,0.0,0.0,0.0,0.0,0.0,0.0,RECOVER
Glass,Moderate,None,tonnes,4173.7,31.3,2.0,0.0,1.0,0.0,0.0,0.0,0.0,0.0,1.0,REPAIR
Concrete,Excellent,None,kg,7634.9,1.8,4.0,0.0,0.0,0.0,0.0,0.0,0.0,0.0,1.0,REUSE
Ceramic / Tiles,Damaged,High,cubic metres,1558.7,0.8,1.0,3.0,1.0,0.0,0.0,0.0,0.0,1.0,0.0,DISPOSAL / SPECIALIZED HANDLING
Asphalt,Damaged,Moderate,units,1102.1,42.4,1.0,2.0,0.0,0.0,0.0,0.0,0.0,0.0,1.0,RECOVER
Brick,Good,None,kg,7268.1,2.6,3.0,0.0,0.0,0.0,0.0,0.0,0.0,0.0,1.0,REUSE
Mixed Construction Waste,Damaged,Moderate,units,1213.4,71.3,1.0,2.0,0.0,0.0,0.0,0.0,0.0,0.0,1.0,RECOVER
Concrete,Good,None,units,876.4,6.8,3.0,0.0,0.0,0.0,0.0,0.0,0.0,0.0,1.0,REUSE
Glass,Excellent,None,tonnes,6923.6,7.4,4.0,0.0,0.0,0.0,0.0,0.0,0.0,0.0,1.0,REUSE
Brick,Damaged,High,kg,4873.6,64.3,1.0,3.0,1.0,0.0,0.0,0.0,0.0,1.0,0.0,DISPOSAL / SPECIALIZED HANDLING
Ceramic / Tiles,Moderate,None,units,6241.5,5.4,2.0,0.0,1.0,0.0,0.0,0.0,0.0,0.0,1.0,REPAIR
Concrete,Good,None,units,2652.0,6.9,3.0,0.0,0.0,0.0,0.0,0.0,0.0,0.0,1.0,REUSE
Wood,Moderate,Moderate,units,241.9,23.3,2.0,2.0,0.0,0.0,0.0,1.0,1.0,0.0,1.0,RECOVER
Concrete,Good,None,cubic metres,4239.1,5.4,3.0,0.0,0.0,0.0,0.0,0.0,0.0,0.0,1.0,REUSE
Ceramic / Tiles,Good,None,cubic metres,6070.9,3.3,3.0,0.0,0.0,0.0,0.0,0.0,0.0,0.0,1.0,REUSE
Concrete,Excellent,None,units,3078.2,2.2,4.0,0.0,0.0,0.0,0.0,0.0,0.0,0.0,1.0,REUSE
Steel,Severely Damaged,Hazardous,tonnes,2801.5,57.1,0.0,4.0,1.0,0.0,1.0,0.0,0.0,1.0,0.0,DISPOSAL / SPECIALIZED HANDLING
Asphalt,Moderate,Moderate,kg,3792.9,28.8,2.0,2.0,0.0,0.0,0.0,0.0,0.0,0.0,1.0,RECOVER
Asphalt,Severely Damaged,Low,cubic metres,1714.0,78.2,0.0,1.0,1.0,1.0,0.0,0.0,0.0,0.0,1.0,RECYCLE
Gypsum,Moderate,Low,tonnes,2603.2,67.0,2.0,1.0,1.0,0.0,0.0,0.0,1.0,0.0,1.0,RECYCLE
Ceramic / Tiles,Damaged,None,cubic metres,6352.2,27.8,1.0,0.0,1.0,1.0,0.0,0.0,0.0,0.0,1.0,REPAIR
Soil,Good,Hazardous,units,581.7,85.0,3.0,4.0,0.0,0.0,0.0,0.0,0.0,1.0,0.0,DISPOSAL / SPECIALIZED HANDLING
Glass,Moderate,Low,units,5753.2,32.8,2.0,1.0,1.0,0.0,0.0,0.0,0.0,0.0,1.0,REPAIR
Brick,Damaged,None,kg,1110.3,18.2,1.0,0.0,1.0,1.0,0.0,0.0,0.0,0.0,1.0,REPAIR
Mixed Construction Waste,Good,Hazardous,kg,2052.8,72.7,3.0,4.0,0.0,0.0,0.0,0.0,0.0,1.0,0.0,DISPOSAL / SPECIALIZED HANDLING
Ceramic / Tiles,Excellent,Hazardous,tonnes,6238.1,60.6,4.0,4.0,0.0,1.0,0.0,0.0,0.0,1.0,0.0,DISPOSAL / SPECIALIZED HANDLING
Wood,Damaged,Low,cubic metres,2046.8,30.3,1.0,1.0,0.0,0.0,0.0,1.0,1.0,0.0,1.0,RECOVER
Brick,Severely Damaged,Moderate,tonnes,4582.6,25.4,0.0,2.0,1.0,0.0,0.0,0.0,0.0,0.0,1.0,RECYCLE
Concrete,Damaged,Moderate,cubic metres,2971.7,59.2,1.0,2.0,1.0,0.0,0.0,0.0,0.0,0.0,1.0,RECYCLE
Asphalt,Damaged,Low,kg,3086.2,28.1,1.0,1.0,0.0,0.0,0.0,0.0,0.0,0.0,1.0,RECOVER
Glass,Good,None,tonnes,5540.3,4.4,3.0,0.0,0.0,0.0,0.0,0.0,0.0,0.0,1.0,REUSE
Glass,Damaged,Moderate,units,6843.9,46.1,1.0,2.0,1.0,0.0,0.0,0.0,0.0,0.0,1.0,RECYCLE
Glass,Severely Damaged,Moderate,units,6788.4,25.7,0.0,2.0,0.0,1.0,0.0,0.0,0.0,0.0,1.0,RECYCLE
Ceramic / Tiles,Moderate,Low,units,4061.9,11.3,2.0,1.0,1.0,0.0,0.0,0.0,0.0,0.0,1.0,REPAIR
Concrete,Moderate,None,kg,1179.6,22.4,2.0,0.0,1.0,0.0,0.0,0.0,0.0,0.0,1.0,REPAIR
Asphalt,Moderate,Low,units,2751.6,76.9,2.0,1.0,0.0,0.0,0.0,0.0,0.0,0.0,1.0,RECYCLE
Wood,Moderate,None,units,2313.2,17.7,2.0,0.0,1.0,0.0,0.0,0.0,0.0,0.0,1.0,REPAIR
Asphalt,Moderate,Moderate,units,6966.7,66.0,2.0,2.0,0.0,0.0,0.0,0.0,0.0,0.0,1.0,RECYCLE
Ceramic / Tiles,Good,High,units,4632.7,75.1,3.0,3.0,0.0,1.0,0.0,0.0,0.0,1.0,0.0,DISPOSAL / SPECIALIZED HANDLING
Concrete,Excellent,None,units,7480.9,3.4,4.0,0.0,0.0,0.0,0.0,0.0,0.0,0.0,1.0,REUSE
Concrete,Damaged,Low,units,1415.3,18.7,1.0,1.0,1.0,1.0,0.0,0.0,0.0,0.0,1.0,REPAIR
Ceramic / Tiles,Damaged,High,kg,6190.6,76.1,1.0,3.0,0.0,1.0,0.0,0.0,0.0,1.0,0.0,DISPOSAL / SPECIALIZED HANDLING
Glass,Good,Low,cubic metres,2836.6,28.7,3.0,1.0,1.0,0.0,0.0,0.0,0.0,0.0,1.0,REPAIR
Plastic,Moderate,Hazardous,kg,4827.4,46.6,2.0,4.0,0.0,1.0,0.0,0.0,0.0,1.0,0.0,DISPOSAL / SPECIALIZED HANDLING
Brick,Good,None,units,2090.4,25.8,3.0,0.0,1.0,0.0,0.0,0.0,0.0,0.0,1.0,REPAIR
Glass,Damaged,Moderate,tonnes,7314.2,47.4,1.0,2.0,1.0,0.0,0.0,0.0,0.0,0.0,1.0,RECYCLE
Mixed Construction Waste,Damaged,Low,tonnes,186.3,46.4,1.0,1.0,0.0,0.0,0.0,0.0,0.0,0.0,1.0,RECOVER
Brick,Good,None,cubic metres,1009.9,3.7,3.0,0.0,0.0,0.0,0.0,0.0,0.0,0.0,1.0,REUSE
Gypsum,Damaged,Moderate,tonnes,3788.3,55.4,1.0,2.0,0.0,0.0,0.0,0.0,0.0,0.0,1.0,RECOVER
Brick,Moderate,None,kg,2730.1,25.9,2.0,0.0,0.0,0.0,0.0,0.0,0.0,0.0,1.0,RECYCLE
Wood,Damaged,None,units,3390.0,13.8,1.0,0.0,1.0,1.0,0.0,0.0,0.0,0.0,1.0,REPAIR
Concrete,Damaged,Moderate,kg,1998.1,72.9,1.0,2.0,0.0,0.0,0.0,0.0,0.0,0.0,1.0,RECYCLE
Gypsum,Severely Damaged,High,kg,2483.3,88.9,0.0,3.0,1.0,1.0,0.0,0.0,0.0,1.0,0.0,DISPOSAL / SPECIALIZED HANDLING
Plastic,Damaged,Low,cubic metres,6832.9,52.9,1.0,1.0,0.0,0.0,0.0,0.0,0.0,0.0,1.0,RECOVER
Mixed Construction Waste,Moderate,Hazardous,kg,5509.6,70.0,2.0,4.0,1.0,0.0,0.0,0.0,0.0,1.0,0.0,DISPOSAL / SPECIALIZED HANDLING
Gypsum,Good,Hazardous,cubic metres,2146.2,65.2,3.0,4.0,1.0,1.0,0.0,0.0,0.0,1.0,0.0,DISPOSAL / SPECIALIZED HANDLING
Soil,Moderate,Low,kg,2895.2,35.1,2.0,1.0,1.0,0.0,0.0,0.0,0.0,0.0,1.0,RECYCLE
Concrete,Excellent,None,units,634.6,2.9,4.0,0.0,0.0,0.0,0.0,0.0,0.0,0.0,1.0,REUSE
Wood,Damaged,Low,tonnes,823.0,36.7,1.0,1.0,0.0,0.0,0.0,0.0,1.0,0.0,1.0,RECOVER
Ceramic / Tiles,Good,None,kg,541.0,0.6,3.0,0.0,0.0,0.0,0.0,0.0,0.0,0.0,1.0,REUSE
Brick,Damaged,Hazardous,cubic metres,3982.5,83.1,1.0,4.0,1.0,1.0,0.0,0.0,0.0,1.0,0.0,DISPOSAL / SPECIALIZED HANDLING
Wood,Severely Damaged,Low,tonnes,1443.1,39.6,0.0,1.0,0.0,0.0,0.0,0.0,1.0,0.0,1.0,RECOVER
Concrete,Good,None,tonnes,3038.9,7.6,3.0,0.0,1.0,0.0,0.0,0.0,0.0,0.0,1.0,REPAIR
Glass,Excellent,None,cubic metres,6479.1,7.2,4.0,0.0,0.0,0.0,0.0,0.0,0.0,0.0,1.0,REUSE
Concrete,Good,None,cubic metres,2585.3,5.8,3.0,0.0,0.0,0.0,0.0,0.0,0.0,0.0,1.0,REUSE
Soil,Moderate,Moderate,kg,6912.3,63.7,2.0,2.0,0.0,0.0,0.0,0.0,0.0,0.0,1.0,RECYCLE
Steel,Moderate,None,kg,7242.1,12.3,2.0,0.0,1.0,0.0,0.0,0.0,0.0,0.0,1.0,REPAIR
Brick,Good,None,cubic metres,5272.6,15.3,3.0,0.0,1.0,0.0,0.0,0.0,0.0,0.0,1.0,REPAIR
Ceramic / Tiles,Good,Low,cubic metres,6446.6,13.0,3.0,1.0,1.0,0.0,0.0,0.0,0.0,0.0,1.0,REPAIR
Asphalt,Severely Damaged,Low,tonnes,6515.9,58.9,0.0,1.0,0.0,0.0,0.0,0.0,0.0,0.0,1.0,RECOVER
Plastic,Damaged,Hazardous,kg,134.8,41.6,1.0,4.0,1.0,0.0,0.0,0.0,0.0,1.0,0.0,DISPOSAL / SPECIALIZED HANDLING
Plastic,Severely Damaged,Hazardous,cubic metres,4604.7,39.1,0.0,4.0,0.0,1.0,0.0,0.0,0.0,1.0,0.0,DISPOSAL / SPECIALIZED HANDLING
Steel,Moderate,Hazardous,tonnes,7597.4,32.8,2.0,4.0,0.0,0.0,1.0,0.0,0.0,1.0,0.0,DISPOSAL / SPECIALIZED HANDLING
Steel,Excellent,None,cubic metres,778.8,7.7,4.0,0.0,0.0,0.0,0.0,0.0,0.0,0.0,1.0,REUSE
Glass,Good,None,cubic metres,3670.0,2.8,3.0,0.0,0.0,0.0,0.0,0.0,0.0,0.0,1.0,REUSE
Asphalt,Moderate,High,kg,6748.6,67.9,2.0,3.0,0.0,1.0,0.0,0.0,0.0,1.0,0.0,DISPOSAL / SPECIALIZED HANDLING
Soil,Damaged,Moderate,kg,1830.9,78.2,1.0,2.0,0.0,0.0,0.0,0.0,1.0,0.0,1.0,RECYCLE
Steel,Damaged,Low,tonnes,2597.7,27.1,1.0,1.0,1.0,1.0,1.0,0.0,0.0,0.0,1.0,REPAIR
Asphalt,Damaged,Moderate,units,7865.5,43.1,1.0,2.0,0.0,0.0,0.0,0.0,0.0,0.0,1.0,RECOVER
Asphalt,Moderate,Moderate,units,7302.2,26.2,2.0,2.0,0.0,0.0,0.0,0.0,0.0,0.0,1.0,RECYCLE
Mixed Construction Waste,Severely Damaged,Moderate,units,6301.8,72.9,0.0,2.0,0.0,0.0,0.0,0.0,0.0,0.0,1.0,RECOVER
Concrete,Excellent,None,cubic metres,3899.8,1.3,4.0,0.0,0.0,0.0,0.0,0.0,0.0,0.0,1.0,REUSE
Mixed Construction Waste,Moderate,Low,tonnes,5733.7,37.3,2.0,1.0,0.0,0.0,0.0,0.0,0.0,0.0,1.0,RECOVER
Soil,Excellent,High,tonnes,4351.1,87.3,4.0,3.0,0.0,1.0,0.0,0.0,0.0,1.0,0.0,DISPOSAL / SPECIALIZED HANDLING
Brick,Damaged,None,cubic metres,4709.3,70.6,1.0,0.0,0.0,0.0,0.0,0.0,0.0,0.0,1.0,RECYCLE
Mixed Construction Waste,Severely Damaged,Low,units,903.7,69.1,0.0,1.0,0.0,0.0,0.0,0.0,0.0,0.0,1.0,RECOVER
Glass,Good,None,kg,5288.9,1.5,3.0,0.0,0.0,0.0,0.0,0.0,0.0,0.0,1.0,REUSE
Glass,Damaged,None,cubic metres,2422.6,55.6,1.0,0.0,0.0,1.0,0.0,0.0,0.0,0.0,1.0,RECYCLE
Steel,Good,None,cubic metres,5538.0,5.1,3.0,0.0,0.0,0.0,0.0,0.0,0.0,0.0,1.0,REUSE
Asphalt,Excellent,Hazardous,tonnes,1088.8,44.1,4.0,4.0,1.0,0.0,0.0,0.0,0.0,1.0,0.0,DISPOSAL / SPECIALIZED HANDLING
Gypsum,Severely Damaged,Moderate,tonnes,3926.3,54.4,0.0,2.0,0.0,0.0,0.0,0.0,0.0,0.0,1.0,RECOVER
Mixed Construction Waste,Moderate,Moderate,tonnes,7402.2,68.8,2.0,2.0,0.0,0.0,0.0,0.0,0.0,0.0,0.0,RECOVER
Mixed Construction Waste,Damaged,Low,cubic metres,921.9,22.2,1.0,1.0,0.0,0.0,0.0,0.0,0.0,0.0,1.0,RECOVER
Asphalt,Damaged,Low,units,288.2,57.5,1.0,1.0,0.0,0.0,0.0,0.0,0.0,0.0,1.0,RECOVER
Wood,Severely Damaged,Low,units,4888.7,38.8,0.0,1.0,0.0,0.0,0.0,0.0,0.0,0.0,1.0,RECOVER
Asphalt,Good,High,cubic metres,1076.3,9.0,3.0,3.0,0.0,1.0,0.0,0.0,0.0,1.0,0.0,DISPOSAL / SPECIALIZED HANDLING
Wood,Moderate,Moderate,units,7344.8,74.1,2.0,2.0,0.0,0.0,0.0,1.0,1.0,0.0,1.0,RECOVER
Brick,Excellent,None,cubic metres,240.1,1.2,4.0,0.0,0.0,0.0,0.0,0.0,0.0,0.0,1.0,REUSE
Glass,Damaged,Low,kg,5928.0,21.3,1.0,1.0,1.0,0.0,0.0,0.0,0.0,0.0,1.0,REPAIR
Steel,Good,None,kg,2501.4,24.1,3.0,0.0,1.0,0.0,1.0,0.0,0.0,0.0,1.0,REPAIR
Brick,Moderate,Hazardous,kg,6573.4,1.8,2.0,4.0,1.0,1.0,0.0,0.0,0.0,1.0,0.0,DISPOSAL / SPECIALIZED HANDLING
Wood,Damaged,Moderate,kg,1890.6,37.5,1.0,2.0,0.0,0.0,0.0,0.0,1.0,0.0,1.0,RECOVER
Gypsum,Damaged,None,tonnes,1769.6,35.6,1.0,0.0,0.0,0.0,0.0,0.0,1.0,0.0,1.0,RECYCLE
Concrete,Good,None,tonnes,7496.0,6.3,3.0,0.0,0.0,0.0,0.0,0.0,0.0,0.0,1.0,REUSE
Gypsum,Severely Damaged,Moderate,tonnes,7631.3,68.8,0.0,2.0,0.0,0.0,0.0,0.0,0.0,0.0,1.0,RECOVER
Concrete,Excellent,None,cubic metres,5566.9,1.2,4.0,0.0,0.0,0.0,0.0,0.0,0.0,0.0,1.0,REUSE
Steel,Excellent,None,tonnes,5377.9,3.0,4.0,0.0,0.0,0.0,0.0,0.0,0.0,0.0,1.0,REUSE
Soil,Moderate,None,units,7382.1,58.1,2.0,0.0,0.0,0.0,0.0,0.0,0.0,0.0,1.0,RECYCLE
Steel,Excellent,None,kg,229.6,6.5,4.0,0.0,0.0,0.0,0.0,0.0,0.0,0.0,1.0,REUSE
Glass,Moderate,None,kg,479.5,9.8,2.0,0.0,1.0,0.0,0.0,0.0,0.0,0.0,1.0,REPAIR
Glass,Excellent,None,units,7353.5,6.5,4.0,0.0,0.0,0.0,0.0,0.0,0.0,0.0,1.0,REUSE
Glass,Good,None,tonnes,2359.1,7.6,3.0,0.0,0.0,0.0,0.0,0.0,0.0,0.0,1.0,REUSE
Asphalt,Moderate,Moderate,kg,2529.5,61.4,2.0,2.0,0.0,0.0,0.0,0.0,0.0,0.0,1.0,RECOVER
Wood,Damaged,Moderate,units,3575.1,73.7,1.0,2.0,0.0,0.0,0.0,0.0,1.0,0.0,1.0,RECOVER
Gypsum,Damaged,Moderate,tonnes,6686.8,50.6,1.0,2.0,0.0,0.0,0.0,0.0,1.0,0.0,1.0,RECOVER
Asphalt,Damaged,Moderate,tonnes,6601.9,74.2,1.0,2.0,0.0,0.0,0.0,0.0,0.0,0.0,1.0,RECOVER
Concrete,Excellent,None,units,3239.3,6.6,4.0,0.0,0.0,0.0,0.0,0.0,0.0,0.0,1.0,REUSE
Glass,Excellent,None,cubic metres,4256.5,3.1,4.0,0.0,0.0,0.0,0.0,0.0,0.0,0.0,1.0,REUSE
Gypsum,Moderate,Hazardous,kg,1289.7,12.3,2.0,4.0,1.0,1.0,0.0,0.0,0.0,1.0,0.0,DISPOSAL / SPECIALIZED HANDLING
Ceramic / Tiles,Good,None,kg,702.2,6.4,3.0,0.0,0.0,0.0,0.0,0.0,0.0,0.0,1.0,REUSE
Wood,Good,High,units,3639.7,55.3,3.0,3.0,0.0,0.0,0.0,0.0,0.0,1.0,0.0,DISPOSAL / SPECIALIZED HANDLING
Concrete,Damaged,Low,kg,1999.6,18.9,1.0,1.0,1.0,0.0,0.0,0.0,0.0,0.0,1.0,REPAIR
Wood,Damaged,Moderate,cubic metres,5747.2,65.6,1.0,2.0,0.0,0.0,0.0,1.0,0.0,0.0,1.0,RECOVER
Gypsum,Damaged,Low,tonnes,4629.5,28.8,1.0,1.0,1.0,0.0,0.0,0.0,1.0,0.0,1.0,RECYCLE
Soil,Excellent,Hazardous,units,5700.5,49.7,4.0,4.0,1.0,1.0,0.0,0.0,0.0,1.0,0.0,DISPOSAL / SPECIALIZED HANDLING
Steel,Moderate,None,cubic metres,7523.7,17.2,2.0,0.0,0.0,0.0,1.0,0.0,0.0,0.0,1.0,REPAIR
Gypsum,Moderate,None,cubic metres,6976.7,32.8,2.0,0.0,0.0,0.0,0.0,0.0,0.0,0.0,1.0,RECYCLE
Gypsum,Moderate,Low,units,2738.4,25.1,2.0,1.0,0.0,0.0,0.0,0.0,0.0,0.0,1.0,RECOVER
Wood,Severely Damaged,Moderate,cubic metres,1629.7,41.0,0.0,2.0,0.0,0.0,0.0,0.0,0.0,0.0,1.0,RECOVER
Ceramic / Tiles,Excellent,None,tonnes,2075.0,3.1,4.0,0.0,0.0,0.0,0.0,0.0,0.0,0.0,1.0,REUSE
Glass,Excellent,None,tonnes,5760.9,3.6,4.0,0.0,0.0,0.0,0.0,0.0,0.0,0.0,1.0,REUSE
Glass,Good,None,tonnes,2697.9,6.0,3.0,0.0,0.0,0.0,0.0,0.0,0.0,0.0,1.0,REUSE
Concrete,Excellent,None,units,7882.5,5.3,4.0,0.0,0.0,0.0,0.0,0.0,0.0,0.0,1.0,REUSE
Brick,Damaged,Low,cubic metres,1887.8,30.9,1.0,1.0,1.0,0.0,0.0,0.0,0.0,0.0,1.0,REPAIR
Wood,Excellent,High,units,5178.1,64.8,4.0,3.0,1.0,0.0,0.0,0.0,0.0,1.0,0.0,DISPOSAL / SPECIALIZED HANDLING
Steel,Good,None,cubic metres,4313.0,6.5,3.0,0.0,0.0,0.0,0.0,0.0,0.0,0.0,1.0,REUSE
Asphalt,Severely Damaged,Low,units,1270.3,34.3,0.0,1.0,1.0,0.0,0.0,0.0,0.0,0.0,1.0,RECYCLE
Asphalt,Severely Damaged,Moderate,cubic metres,743.5,45.4,0.0,2.0,1.0,0.0,0.0,0.0,0.0,0.0,1.0,RECYCLE
Concrete,Excellent,None,units,400.5,5.1,4.0,0.0,0.0,0.0,0.0,0.0,0.0,0.0,1.0,REUSE
Wood,Damaged,None,units,5651.1,28.2,1.0,0.0,1.0,1.0,0.0,1.0,0.0,0.0,1.0,REPAIR
Asphalt,Damaged,Moderate,kg,5366.2,63.1,1.0,2.0,0.0,0.0,0.0,0.0,0.0,0.0,1.0,RECOVER
Glass,Damaged,Low,units,3736.8,31.7,1.0,1.0,1.0,0.0,0.0,0.0,0.0,0.0,1.0,REPAIR
Concrete,Good,Low,units,2149.8,34.7,3.0,1.0,1.0,0.0,0.0,0.0,0.0,0.0,1.0,REPAIR
Brick,Good,None,cubic metres,1576.4,7.6,3.0,0.0,0.0,0.0,0.0,0.0,0.0,0.0,1.0,REUSE
Glass,Moderate,None,tonnes,3890.5,30.9,2.0,0.0,1.0,0.0,0.0,0.0,0.0,0.0,1.0,REPAIR
Steel,Good,High,kg,6365.7,22.4,3.0,3.0,0.0,1.0,1.0,0.0,0.0,1.0,0.0,DISPOSAL / SPECIALIZED HANDLING
Brick,Damaged,None,units,523.5,32.6,1.0,0.0,1.0,1.0,0.0,0.0,0.0,0.0,1.0,REPAIR
Glass,Damaged,None,units,7580.7,31.4,1.0,0.0,1.0,1.0,0.0,0.0,0.0,0.0,1.0,REPAIR
Glass,Severely Damaged,None,cubic metres,2674.8,32.0,0.0,0.0,1.0,1.0,0.0,0.0,0.0,0.0,1.0,RECYCLE
Concrete,Moderate,None,tonnes,2534.1,19.7,2.0,0.0,1.0,0.0,0.0,0.0,0.0,0.0,1.0,REPAIR
Asphalt,Moderate,None,units,399.0,41.0,2.0,0.0,0.0,0.0,0.0,0.0,0.0,0.0,1.0,RECYCLE
Asphalt,Damaged,Low,tonnes,2474.3,29.3,1.0,1.0,1.0,1.0,0.0,0.0,0.0,0.0,1.0,RECYCLE
Gypsum,Severely Damaged,Low,units,7479.3,48.6,0.0,1.0,0.0,0.0,0.0,0.0,1.0,0.0,1.0,RECOVER
Gypsum,Damaged,Moderate,kg,1967.7,21.1,1.0,2.0,0.0,0.0,0.0,0.0,1.0,0.0,1.0,RECOVER
Concrete,Good,Low,units,5549.2,7.7,3.0,1.0,1.0,0.0,0.0,0.0,0.0,0.0,1.0,REPAIR
Glass,Good,None,cubic metres,892.3,7.7,3.0,0.0,0.0,0.0,0.0,0.0,0.0,0.0,1.0,REUSE
Brick,Moderate,None,units,6004.2,30.1,2.0,0.0,1.0,0.0,0.0,0.0,0.0,0.0,1.0,REPAIR
Plastic,Damaged,Low,tonnes,7047.8,61.6,1.0,1.0,0.0,0.0,0.0,0.0,0.0,0.0,1.0,RECOVER
Concrete,Good,None,tonnes,4012.1,7.6,3.0,0.0,0.0,0.0,0.0,0.0,0.0,0.0,1.0,REUSE
Gypsum,Damaged,Moderate,cubic metres,285.0,36.1,1.0,2.0,0.0,0.0,0.0,0.0,0.0,0.0,1.0,RECOVER
Wood,Good,Hazardous,kg,5400.6,18.1,3.0,4.0,0.0,1.0,0.0,0.0,0.0,1.0,0.0,DISPOSAL / SPECIALIZED HANDLING
Ceramic / Tiles,Good,Hazardous,units,5581.3,23.5,3.0,4.0,0.0,0.0,0.0,0.0,0.0,1.0,0.0,DISPOSAL / SPECIALIZED HANDLING
Gypsum,Moderate,Low,tonnes,6796.5,58.7,2.0,1.0,0.0,0.0,0.0,0.0,0.0,0.0,1.0,RECOVER
Concrete,Good,None,tonnes,4721.4,28.5,3.0,0.0,1.0,0.0,0.0,0.0,0.0,0.0,1.0,REPAIR
Gypsum,Excellent,High,units,821.9,59.7,4.0,3.0,1.0,0.0,0.0,0.0,0.0,1.0,0.0,DISPOSAL / SPECIALIZED HANDLING
Concrete,Damaged,None,tonnes,1961.0,20.7,1.0,0.0,1.0,0.0,0.0,0.0,0.0,0.0,1.0,REPAIR
Brick,Good,Low,units,6290.3,10.3,3.0,1.0,1.0,0.0,0.0,0.0,0.0,0.0,1.0,REPAIR
Asphalt,Damaged,Moderate,tonnes,109.2,36.2,1.0,2.0,1.0,0.0,0.0,0.0,0.0,0.0,1.0,RECYCLE
Glass,Moderate,Low,tonnes,7835.2,10.4,2.0,1.0,1.0,0.0,0.0,0.0,0.0,0.0,1.0,REPAIR
Glass,Good,None,units,2735.2,2.6,3.0,0.0,0.0,0.0,0.0,0.0,0.0,0.0,1.0,REUSE
Gypsum,Severely Damaged,Hazardous,units,3609.7,49.0,0.0,4.0,1.0,1.0,0.0,0.0,0.0,1.0,0.0,DISPOSAL / SPECIALIZED HANDLING
Wood,Good,Hazardous,units,1533.5,30.6,3.0,4.0,0.0,0.0,0.0,0.0,0.0,1.0,0.0,DISPOSAL / SPECIALIZED HANDLING
Brick,Moderate,Moderate,cubic metres,3165.7,30.6,2.0,2.0,0.0,0.0,0.0,0.0,0.0,0.0,1.0,RECYCLE
Wood,Good,None,units,6920.7,24.9,3.0,0.0,1.0,0.0,0.0,0.0,0.0,0.0,1.0,REPAIR
Plastic,Moderate,Low,kg,1696.3,21.7,2.0,1.0,0.0,0.0,0.0,0.0,0.0,0.0,1.0,RECOVER
Wood,Severely Damaged,Moderate,kg,5232.2,27.3,0.0,2.0,0.0,0.0,0.0,0.0,1.0,0.0,1.0,RECOVER
Soil,Moderate,None,kg,4020.5,26.6,2.0,0.0,1.0,0.0,0.0,0.0,0.0,0.0,1.0,RECYCLE
Concrete,Good,None,units,531.4,4.4,3.0,0.0,0.0,0.0,0.0,0.0,0.0,0.0,1.0,REUSE
Steel,Good,None,cubic metres,4549.1,1.2,3.0,0.0,0.0,0.0,0.0,0.0,0.0,0.0,1.0,REUSE
Gypsum,Damaged,Low,tonnes,1147.1,59.6,1.0,1.0,0.0,1.0,0.0,0.0,1.0,0.0,1.0,RECYCLE
Gypsum,Severely Damaged,None,units,1465.1,66.1,0.0,0.0,1.0,0.0,0.0,0.0,0.0,0.0,1.0,RECYCLE
Steel,Good,None,tonnes,4839.6,6.0,3.0,0.0,0.0,0.0,0.0,0.0,0.0,0.0,1.0,REUSE
Brick,Good,None,tonnes,5043.2,2.8,3.0,0.0,0.0,0.0,0.0,0.0,0.0,0.0,1.0,REUSE
Mixed Construction Waste,Moderate,Moderate,units,3284.6,24.1,2.0,2.0,0.0,0.0,0.0,0.0,0.0,0.0,1.0,RECOVER
Brick,Moderate,Hazardous,tonnes,500.7,43.0,2.0,4.0,1.0,1.0,0.0,0.0,0.0,1.0,0.0,DISPOSAL / SPECIALIZED HANDLING
Glass,Good,None,tonnes,3138.6,30.6,3.0,0.0,1.0,0.0,0.0,0.0,0.0,0.0,1.0,REPAIR
Wood,Severely Damaged,Low,tonnes,4083.3,53.0,0.0,1.0,0.0,0.0,0.0,1.0,1.0,0.0,1.0,RECOVER
Steel,Good,None,kg,3235.6,0.9,3.0,0.0,0.0,0.0,0.0,0.0,0.0,0.0,1.0,REUSE
Plastic,Severely Damaged,Low,units,1544.6,31.4,0.0,1.0,0.0,0.0,0.0,0.0,0.0,0.0,1.0,RECOVER
Steel,Excellent,None,tonnes,6030.4,7.7,4.0,0.0,0.0,0.0,0.0,0.0,0.0,0.0,1.0,REUSE
Mixed Construction Waste,Moderate,Moderate,kg,7937.4,59.9,2.0,2.0,0.0,0.0,0.0,0.0,0.0,0.0,1.0,RECOVER
Concrete,Excellent,None,units,7985.1,4.1,4.0,0.0,0.0,0.0,0.0,0.0,0.0,0.0,1.0,REUSE
Asphalt,Damaged,Moderate,tonnes,6364.3,43.0,1.0,2.0,0.0,0.0,0.0,0.0,0.0,0.0,1.0,RECOVER
Asphalt,Good,Hazardous,tonnes,4399.9,89.1,3.0,4.0,1.0,1.0,0.0,0.0,0.0,1.0,0.0,DISPOSAL / SPECIALIZED HANDLING
Gypsum,Severely Damaged,Moderate,units,1785.1,70.6,0.0,2.0,1.0,0.0,0.0,0.0,1.0,0.0,1.0,RECYCLE
Glass,Damaged,Low,kg,6586.0,28.3,1.0,1.0,1.0,0.0,0.0,0.0,0.0,0.0,1.0,REPAIR
Mixed Construction Waste,Moderate,Low,units,5599.7,37.5,2.0,1.0,0.0,0.0,0.0,0.0,0.0,0.0,1.0,RECOVER
Glass,Excellent,None,cubic metres,3146.3,1.7,4.0,0.0,0.0,0.0,0.0,0.0,0.0,0.0,1.0,REUSE
Wood,Moderate,None,tonnes,3995.8,8.3,2.0,0.0,1.0,0.0,0.0,0.0,0.0,0.0,1.0,REPAIR
Plastic,Damaged,Low,units,4210.5,52.3,1.0,1.0,0.0,0.0,0.0,0.0,0.0,0.0,1.0,RECOVER
Glass,Moderate,Low,units,5460.4,25.5,2.0,1.0,1.0,0.0,0.0,0.0,0.0,0.0,1.0,RECYCLE
Wood,Good,Low,units,7592.9,5.9,3.0,1.0,1.0,0.0,0.0,0.0,0.0,0.0,1.0,REPAIR
Wood,Severely Damaged,Moderate,kg,7966.9,73.0,0.0,2.0,0.0,0.0,0.0,0.0,1.0,0.0,1.0,RECOVER
Mixed Construction Waste,Damaged,Low,units,1194.7,40.2,1.0,1.0,0.0,0.0,0.0,0.0,0.0,0.0,0.0,RECOVER
Concrete,Excellent,None,cubic metres,1164.4,1.5,4.0,0.0,0.0,0.0,0.0,0.0,0.0,0.0,1.0,REUSE
Steel,Excellent,None,kg,111.1,1.8,4.0,0.0,0.0,0.0,0.0,0.0,0.0,0.0,1.0,REUSE
Glass,Severely Damaged,Low,tonnes,3697.6,53.8,0.0,1.0,1.0,0.0,0.0,0.0,0.0,0.0,1.0,RECYCLE
Gypsum,Severely Damaged,Moderate,units,2244.6,23.3,0.0,2.0,0.0,0.0,0.0,0.0,0.0,0.0,1.0,RECOVER
Wood,Damaged,None,units,4342.4,24.0,1.0,0.0,1.0,0.0,0.0,1.0,0.0,0.0,1.0,REPAIR
Concrete,Good,None,units,5572.9,4.1,3.0,0.0,0.0,0.0,0.0,0.0,0.0,0.0,1.0,REUSE
Concrete,Damaged,Low,units,5866.5,52.1,1.0,1.0,0.0,0.0,0.0,0.0,0.0,0.0,1.0,RECYCLE
Gypsum,Good,Hazardous,kg,425.6,13.4,3.0,4.0,1.0,1.0,0.0,0.0,0.0,1.0,0.0,DISPOSAL / SPECIALIZED HANDLING
Mixed Construction Waste,Damaged,Low,units,5062.1,72.6,1.0,1.0,0.0,0.0,0.0,0.0,0.0,0.0,1.0,RECOVER
Brick,Damaged,Low,tonnes,6487.0,51.2,1.0,1.0,0.0,0.0,0.0,0.0,0.0,0.0,1.0,RECYCLE
Asphalt,Severely Damaged,Moderate,kg,371.4,56.6,0.0,2.0,0.0,0.0,0.0,0.0,0.0,0.0,1.0,RECOVER
Mixed Construction Waste,Damaged,Low,tonnes,609.7,49.8,1.0,1.0,0.0,0.0,0.0,0.0,0.0,0.0,1.0,RECOVER
Glass,Damaged,None,tonnes,7314.4,31.8,1.0,0.0,1.0,1.0,0.0,0.0,0.0,0.0,1.0,REPAIR
Glass,Damaged,Low,tonnes,6976.4,72.8,1.0,1.0,0.0,1.0,0.0,0.0,0.0,0.0,1.0,RECYCLE
Mixed Construction Waste,Moderate,Low,cubic metres,3626.1,56.9,2.0,1.0,0.0,0.0,0.0,0.0,0.0,0.0,1.0,RECOVER
Steel,Good,High,kg,6334.7,46.5,3.0,3.0,0.0,1.0,1.0,0.0,0.0,1.0,0.0,DISPOSAL / SPECIALIZED HANDLING
Ceramic / Tiles,Moderate,Low,tonnes,7580.6,9.5,2.0,1.0,1.0,0.0,0.0,0.0,0.0,0.0,1.0,REPAIR
Gypsum,Damaged,Low,cubic metres,3528.2,32.3,1.0,1.0,1.0,1.0,0.0,0.0,0.0,0.0,1.0,RECYCLE
Wood,Moderate,Low,kg,7409.7,35.3,2.0,1.0,0.0,0.0,0.0,1.0,0.0,0.0,1.0,RECOVER
Asphalt,Damaged,Low,units,4203.7,25.5,1.0,1.0,0.0,1.0,0.0,0.0,0.0,0.0,1.0,RECYCLE
Glass,Moderate,Low,units,5741.5,26.5,2.0,1.0,1.0,0.0,0.0,0.0,0.0,0.0,1.0,REPAIR
Ceramic / Tiles,Excellent,None,kg,846.6,5.1,4.0,0.0,0.0,0.0,0.0,0.0,0.0,0.0,1.0,REUSE
Mixed Construction Waste,Moderate,Low,kg,4167.7,64.2,2.0,1.0,0.0,0.0,0.0,0.0,0.0,0.0,0.0,RECOVER
Gypsum,Severely Damaged,Moderate,cubic metres,4115.9,70.6,0.0,2.0,0.0,0.0,0.0,0.0,1.0,0.0,1.0,RECOVER
Concrete,Moderate,None,tonnes,1573.9,73.5,2.0,0.0,0.0,0.0,0.0,0.0,0.0,0.0,1.0,RECYCLE
Concrete,Good,None,cubic metres,7752.9,4.8,3.0,0.0,0.0,0.0,0.0,0.0,0.0,0.0,1.0,REUSE
Mixed Construction Waste,Excellent,Hazardous,kg,1462.2,15.1,4.0,4.0,1.0,0.0,0.0,0.0,0.0,1.0,0.0,DISPOSAL / SPECIALIZED HANDLING
Asphalt,Severely Damaged,Low,units,813.9,54.6,0.0,1.0,0.0,0.0,0.0,0.0,0.0,0.0,1.0,RECOVER
Brick,Excellent,None,kg,1788.8,5.7,4.0,0.0,0.0,0.0,0.0,0.0,0.0,0.0,1.0,REUSE
Ceramic / Tiles,Good,None,kg,4215.4,1.5,3.0,0.0,0.0,0.0,0.0,0.0,0.0,0.0,1.0,REUSE
Glass,Good,None,units,6339.1,7.7,3.0,0.0,0.0,0.0,0.0,0.0,0.0,0.0,1.0,REUSE
Glass,Excellent,None,cubic metres,2699.8,3.8,4.0,0.0,0.0,0.0,0.0,0.0,0.0,0.0,1.0,REUSE
Brick,Severely Damaged,None,units,6706.8,59.7,0.0,0.0,1.0,1.0,0.0,0.0,0.0,0.0,1.0,RECYCLE
Gypsum,Excellent,Hazardous,kg,6851.9,62.1,4.0,4.0,0.0,1.0,0.0,0.0,0.0,1.0,0.0,DISPOSAL / SPECIALIZED HANDLING
Brick,Moderate,Low,tonnes,3060.1,25.5,2.0,1.0,0.0,0.0,0.0,0.0,0.0,0.0,1.0,RECYCLE
Mixed Construction Waste,Damaged,Moderate,kg,2922.6,37.2,1.0,2.0,0.0,0.0,0.0,0.0,0.0,0.0,0.0,RECOVER
Mixed Construction Waste,Damaged,Low,units,4117.9,33.0,1.0,1.0,0.0,0.0,0.0,0.0,0.0,0.0,0.0,RECOVER
Gypsum,Moderate,Moderate,units,5956.3,55.3,2.0,2.0,1.0,0.0,0.0,0.0,0.0,0.0,1.0,RECYCLE
Wood,Good,High,kg,198.8,41.2,3.0,3.0,0.0,0.0,0.0,0.0,0.0,1.0,0.0,DISPOSAL / SPECIALIZED HANDLING
Asphalt,Damaged,None,kg,6806.0,32.2,1.0,0.0,1.0,1.0,0.0,0.0,0.0,0.0,1.0,RECYCLE
Glass,Good,None,units,1032.7,17.2,3.0,0.0,1.0,0.0,0.0,0.0,0.0,0.0,1.0,REPAIR
Ceramic / Tiles,Good,None,cubic metres,705.3,3.4,3.0,0.0,0.0,0.0,0.0,0.0,0.0,0.0,1.0,REUSE
Gypsum,Moderate,Hazardous,cubic metres,3232.4,20.0,2.0,4.0,0.0,0.0,0.0,0.0,0.0,1.0,0.0,DISPOSAL / SPECIALIZED HANDLING
Steel,Good,None,cubic metres,4328.9,6.0,3.0,0.0,0.0,0.0,0.0,0.0,0.0,0.0,1.0,REUSE
Wood,Damaged,Moderate,units,7616.1,56.6,1.0,2.0,0.0,0.0,0.0,1.0,1.0,0.0,1.0,RECOVER
Glass,Moderate,None,cubic metres,6165.3,71.7,2.0,0.0,1.0,0.0,0.0,0.0,0.0,0.0,1.0,RECYCLE
Soil,Moderate,High,cubic metres,6939.3,70.6,2.0,3.0,1.0,0.0,0.0,0.0,0.0,1.0,0.0,DISPOSAL / SPECIALIZED HANDLING
Mixed Construction Waste,Damaged,Moderate,kg,7795.1,54.9,1.0,2.0,0.0,0.0,0.0,0.0,0.0,0.0,1.0,RECOVER
Glass,Excellent,Hazardous,tonnes,7528.9,68.5,4.0,4.0,1.0,1.0,0.0,0.0,0.0,1.0,0.0,DISPOSAL / SPECIALIZED HANDLING
Concrete,Excellent,None,cubic metres,4229.3,2.5,4.0,0.0,0.0,0.0,0.0,0.0,0.0,0.0,1.0,REUSE
Concrete,Severely Damaged,None,tonnes,2296.6,69.7,0.0,0.0,0.0,0.0,0.0,0.0,0.0,0.0,1.0,RECYCLE
Plastic,Moderate,Moderate,kg,4789.8,61.9,2.0,2.0,0.0,0.0,0.0,0.0,0.0,0.0,1.0,RECOVER
Brick,Excellent,None,kg,4902.0,0.5,4.0,0.0,0.0,0.0,0.0,0.0,0.0,0.0,1.0,REUSE
Wood,Moderate,None,kg,3385.7,9.9,2.0,0.0,1.0,0.0,0.0,0.0,0.0,0.0,1.0,REPAIR
Glass,Excellent,None,units,7634.6,3.6,4.0,0.0,0.0,0.0,0.0,0.0,0.0,0.0,1.0,REUSE
Asphalt,Severely Damaged,Moderate,kg,2750.0,25.6,0.0,2.0,0.0,1.0,0.0,0.0,0.0,0.0,1.0,RECYCLE
Asphalt,Severely Damaged,Moderate,tonnes,7291.5,73.8,0.0,2.0,1.0,0.0,0.0,0.0,0.0,0.0,1.0,RECYCLE
Steel,Severely Damaged,Hazardous,kg,3734.5,78.2,0.0,4.0,0.0,0.0,1.0,0.0,0.0,1.0,0.0,DISPOSAL / SPECIALIZED HANDLING
Ceramic / Tiles,Moderate,High,units,3596.6,83.8,2.0,3.0,1.0,1.0,0.0,0.0,0.0,1.0,0.0,DISPOSAL / SPECIALIZED HANDLING
Asphalt,Severely Damaged,None,tonnes,2290.6,25.4,0.0,0.0,1.0,0.0,0.0,0.0,0.0,0.0,1.0,RECYCLE
Concrete,Moderate,Low,tonnes,5452.7,30.2,2.0,1.0,1.0,0.0,0.0,0.0,0.0,0.0,1.0,REPAIR
Steel,Moderate,High,units,7406.1,33.3,2.0,3.0,1.0,1.0,1.0,0.0,0.0,1.0,0.0,DISPOSAL / SPECIALIZED HANDLING
Wood,Moderate,Low,cubic metres,55.7,29.6,2.0,1.0,1.0,0.0,0.0,0.0,0.0,0.0,1.0,REPAIR
Steel,Good,None,units,3547.0,5.0,3.0,0.0,0.0,0.0,0.0,0.0,0.0,0.0,1.0,REUSE
Gypsum,Moderate,Hazardous,units,4642.0,84.8,2.0,4.0,1.0,0.0,0.0,0.0,0.0,1.0,0.0,DISPOSAL / SPECIALIZED HANDLING
Brick,Damaged,Low,tonnes,5633.2,28.5,1.0,1.0,0.0,1.0,0.0,0.0,0.0,0.0,1.0,RECYCLE
Glass,Moderate,Low,kg,3818.2,29.7,2.0,1.0,1.0,0.0,0.0,0.0,0.0,0.0,1.0,REPAIR
Asphalt,Severely Damaged,Moderate,units,5260.9,26.5,0.0,2.0,0.0,0.0,0.0,0.0,0.0,0.0,1.0,RECOVER
Asphalt,Damaged,Low,cubic metres,373.1,70.5,1.0,1.0,0.0,0.0,0.0,0.0,0.0,0.0,1.0,RECOVER
Glass,Severely Damaged,Low,units,2460.9,27.2,0.0,1.0,0.0,0.0,0.0,0.0,0.0,0.0,1.0,RECYCLE
Glass,Moderate,None,cubic metres,3235.0,8.6,2.0,0.0,1.0,0.0,0.0,0.0,0.0,0.0,1.0,REPAIR
Gypsum,Severely Damaged,Moderate,kg,1247.1,35.8,0.0,2.0,0.0,0.0,0.0,0.0,1.0,0.0,1.0,RECOVER
Brick,Excellent,None,tonnes,3217.8,0.2,4.0,0.0,0.0,0.0,0.0,0.0,0.0,0.0,1.0,REUSE
Gypsum,Damaged,Hazardous,units,7663.6,71.5,1.0,4.0,1.0,0.0,0.0,0.0,0.0,1.0,0.0,DISPOSAL / SPECIALIZED HANDLING
Concrete,Excellent,None,units,6619.8,1.3,4.0,0.0,0.0,0.0,0.0,0.0,0.0,0.0,1.0,REUSE
Brick,Good,None,units,6898.8,4.9,3.0,0.0,0.0,0.0,0.0,0.0,0.0,0.0,1.0,REUSE
Ceramic / Tiles,Good,None,cubic metres,2963.4,32.7,3.0,0.0,1.0,0.0,0.0,0.0,0.0,0.0,1.0,REPAIR
Soil,Severely Damaged,Hazardous,tonnes,6651.8,69.5,0.0,4.0,1.0,0.0,0.0,0.0,0.0,1.0,0.0,DISPOSAL / SPECIALIZED HANDLING
Glass,Damaged,None,cubic metres,4039.5,21.4,1.0,0.0,1.0,0.0,0.0,0.0,0.0,0.0,1.0,REPAIR
Steel,Damaged,Low,units,1733.3,21.1,1.0,1.0,1.0,0.0,1.0,0.0,0.0,0.0,1.0,REPAIR
Concrete,Damaged,None,tonnes,5969.7,31.1,1.0,0.0,0.0,1.0,0.0,0.0,0.0,0.0,1.0,RECYCLE
Soil,Damaged,Hazardous,cubic metres,5547.5,28.4,1.0,4.0,0.0,0.0,0.0,0.0,0.0,1.0,0.0,DISPOSAL / SPECIALIZED HANDLING
Concrete,Good,None,kg,7196.5,2.9,3.0,0.0,0.0,0.0,0.0,0.0,0.0,0.0,1.0,REUSE
Soil,Damaged,Moderate,tonnes,7631.8,70.9,1.0,2.0,0.0,0.0,0.0,0.0,1.0,0.0,1.0,RECYCLE
Concrete,Severely Damaged,High,units,1555.3,64.3,0.0,3.0,0.0,1.0,0.0,0.0,0.0,1.0,0.0,DISPOSAL / SPECIALIZED HANDLING
Steel,Good,None,cubic metres,7119.6,3.6,3.0,0.0,0.0,0.0,0.0,0.0,0.0,0.0,1.0,REUSE
Glass,Excellent,None,cubic metres,6582.4,1.3,4.0,0.0,0.0,0.0,0.0,0.0,0.0,0.0,1.0,REUSE
Asphalt,Severely Damaged,None,units,411.3,34.2,0.0,0.0,0.0,1.0,0.0,0.0,0.0,0.0,1.0,RECYCLE
Ceramic / Tiles,Moderate,None,cubic metres,5248.6,32.2,2.0,0.0,1.0,0.0,0.0,0.0,0.0,0.0,1.0,REPAIR
Brick,Good,None,tonnes,4449.5,5.2,3.0,0.0,0.0,0.0,0.0,0.0,0.0,0.0,1.0,REUSE
Gypsum,Severely Damaged,Moderate,units,3772.3,33.5,0.0,2.0,1.0,1.0,0.0,0.0,1.0,0.0,1.0,RECYCLE
Gypsum,Severely Damaged,Moderate,units,7206.7,73.0,0.0,2.0,1.0,0.0,0.0,0.0,0.0,0.0,1.0,RECYCLE
Ceramic / Tiles,Damaged,Low,kg,1995.5,18.6,1.0,1.0,1.0,1.0,0.0,0.0,0.0,0.0,1.0,REPAIR
Brick,Excellent,None,cubic metres,7073.2,2.2,4.0,0.0,0.0,0.0,0.0,0.0,0.0,0.0,1.0,REUSE
Ceramic / Tiles,Good,None,cubic metres,838.5,3.6,3.0,0.0,0.0,0.0,0.0,0.0,0.0,0.0,1.0,REUSE
Soil,Damaged,None,units,7397.2,43.4,1.0,0.0,1.0,0.0,0.0,0.0,1.0,0.0,1.0,RECYCLE
Concrete,Damaged,Low,units,6228.0,12.7,1.0,1.0,1.0,1.0,0.0,0.0,0.0,0.0,1.0,REPAIR
Gypsum,Damaged,None,cubic metres,2745.0,69.0,1.0,0.0,1.0,0.0,0.0,0.0,0.0,0.0,1.0,RECYCLE
Concrete,Damaged,None,units,4270.8,30.8,1.0,0.0,1.0,0.0,0.0,0.0,0.0,0.0,1.0,REPAIR
Asphalt,Severely Damaged,Moderate,tonnes,1226.8,52.7,0.0,2.0,0.0,0.0,0.0,0.0,0.0,0.0,1.0,RECOVER
Ceramic / Tiles,Excellent,None,cubic metres,204.8,4.8,4.0,0.0,0.0,0.0,0.0,0.0,0.0,0.0,1.0,REUSE
Plastic,Moderate,Moderate,cubic metres,3896.6,37.7,2.0,2.0,0.0,0.0,0.0,0.0,0.0,0.0,1.0,RECOVER
Steel,Excellent,None,kg,2316.3,5.7,4.0,0.0,0.0,0.0,0.0,0.0,0.0,0.0,1.0,REUSE
Plastic,Severely Damaged,Low,cubic metres,1130.4,23.7,0.0,1.0,0.0,0.0,0.0,0.0,0.0,0.0,1.0,RECOVER
Glass,Damaged,Low,units,1503.8,31.4,1.0,1.0,1.0,0.0,0.0,0.0,0.0,0.0,1.0,REPAIR
Plastic,Moderate,Low,kg,5467.2,74.4,2.0,1.0,0.0,0.0,0.0,0.0,0.0,0.0,1.0,RECOVER
Steel,Good,None,cubic metres,731.3,3.5,3.0,0.0,0.0,0.0,0.0,0.0,0.0,0.0,1.0,REUSE
Asphalt,Severely Damaged,Moderate,units,2313.4,35.7,0.0,2.0,0.0,0.0,0.0,0.0,0.0,0.0,1.0,RECOVER
Glass,Good,None,kg,1103.4,6.1,3.0,0.0,0.0,0.0,0.0,0.0,0.0,0.0,1.0,REUSE
Concrete,Damaged,Moderate,cubic metres,7575.5,65.7,1.0,2.0,1.0,1.0,0.0,0.0,0.0,0.0,1.0,RECYCLE
Wood,Moderate,None,tonnes,6386.5,8.4,2.0,0.0,1.0,0.0,0.0,0.0,0.0,0.0,1.0,REPAIR
Ceramic / Tiles,Damaged,High,units,3274.7,61.7,1.0,3.0,0.0,1.0,0.0,0.0,0.0,1.0,0.0,DISPOSAL / SPECIALIZED HANDLING
Concrete,Severely Damaged,None,units,3397.0,74.7,0.0,0.0,0.0,1.0,0.0,0.0,0.0,0.0,1.0,RECYCLE
Brick,Good,Low,units,7805.7,26.6,3.0,1.0,1.0,0.0,0.0,0.0,0.0,0.0,1.0,REPAIR
Ceramic / Tiles,Excellent,None,cubic metres,1128.8,0.7,4.0,0.0,0.0,0.0,0.0,0.0,0.0,0.0,1.0,REUSE
Glass,Good,None,tonnes,3624.1,0.2,3.0,0.0,0.0,0.0,0.0,0.0,0.0,0.0,1.0,REUSE
Brick,Damaged,None,kg,4157.5,16.3,1.0,0.0,1.0,0.0,0.0,0.0,0.0,0.0,1.0,REPAIR
Brick,Good,None,kg,5433.6,3.2,3.0,0.0,0.0,0.0,0.0,0.0,0.0,0.0,1.0,REUSE
Wood,Moderate,Low,units,1380.6,69.6,2.0,1.0,0.0,0.0,0.0,0.0,0.0,0.0,1.0,RECOVER
Soil,Severely Damaged,Low,cubic metres,7812.0,61.8,0.0,1.0,1.0,0.0,0.0,0.0,0.0,0.0,1.0,RECYCLE
Asphalt,Excellent,Hazardous,cubic metres,4769.5,18.0,4.0,4.0,0.0,0.0,0.0,0.0,0.0,1.0,0.0,DISPOSAL / SPECIALIZED HANDLING
Glass,Good,None,kg,646.6,5.1,3.0,0.0,0.0,0.0,0.0,0.0,0.0,0.0,1.0,REUSE
Gypsum,Moderate,Low,tonnes,1843.1,32.1,2.0,1.0,0.0,0.0,0.0,0.0,0.0,0.0,1.0,RECOVER
Plastic,Damaged,Moderate,kg,3568.0,60.2,1.0,2.0,0.0,0.0,0.0,0.0,0.0,0.0,1.0,RECOVER
Brick,Good,None,cubic metres,5656.6,0.3,3.0,0.0,0.0,0.0,0.0,0.0,0.0,0.0,1.0,REUSE
Wood,Damaged,Moderate,kg,4763.4,24.7,1.0,2.0,0.0,0.0,0.0,1.0,1.0,0.0,1.0,RECOVER
Glass,Damaged,Low,cubic metres,110.5,74.9,1.0,1.0,1.0,1.0,0.0,0.0,0.0,0.0,1.0,RECYCLE
Mixed Construction Waste,Moderate,Low,kg,935.9,69.0,2.0,1.0,0.0,0.0,0.0,0.0,0.0,0.0,1.0,RECOVER
Ceramic / Tiles,Good,None,tonnes,5735.8,34.2,3.0,0.0,1.0,0.0,0.0,0.0,0.0,0.0,1.0,REPAIR
Concrete,Good,None,kg,1475.9,7.2,3.0,0.0,0.0,0.0,0.0,0.0,0.0,0.0,1.0,REUSE
Steel,Excellent,None,cubic metres,6624.6,1.4,4.0,0.0,0.0,0.0,0.0,0.0,0.0,0.0,1.0,REUSE
Brick,Moderate,Low,kg,4685.0,16.6,2.0,1.0,1.0,0.0,0.0,0.0,0.0,0.0,1.0,REPAIR
Glass,Good,Low,tonnes,5748.5,29.7,3.0,1.0,1.0,0.0,0.0,0.0,0.0,0.0,1.0,REPAIR
Mixed Construction Waste,Moderate,Moderate,cubic metres,5490.7,53.5,2.0,2.0,0.0,0.0,0.0,0.0,0.0,0.0,0.0,RECOVER
Brick,Excellent,High,kg,777.2,84.9,4.0,3.0,1.0,1.0,0.0,0.0,0.0,1.0,0.0,DISPOSAL / SPECIALIZED HANDLING
Ceramic / Tiles,Good,None,tonnes,2340.4,2.3,3.0,0.0,0.0,0.0,0.0,0.0,0.0,0.0,1.0,REUSE
Steel,Moderate,Low,kg,4645.0,12.7,2.0,1.0,0.0,0.0,1.0,0.0,0.0,0.0,1.0,REPAIR
Steel,Good,None,cubic metres,2570.5,5.6,3.0,0.0,0.0,0.0,0.0,0.0,0.0,0.0,1.0,REUSE
Mixed Construction Waste,Severely Damaged,Moderate,units,2997.8,32.6,0.0,2.0,0.0,0.0,0.0,0.0,0.0,0.0,0.0,RECOVER
Mixed Construction Waste,Severely Damaged,Hazardous,tonnes,5760.4,65.7,0.0,4.0,0.0,1.0,0.0,0.0,0.0,1.0,0.0,DISPOSAL / SPECIALIZED HANDLING
Glass,Damaged,None,tonnes,1637.5,18.2,1.0,0.0,1.0,1.0,0.0,0.0,0.0,0.0,1.0,REPAIR
Plastic,Moderate,Low,cubic metres,5245.3,37.9,2.0,1.0,0.0,0.0,0.0,0.0,0.0,0.0,1.0,RECOVER
Ceramic / Tiles,Excellent,None,units,1832.6,8.0,4.0,0.0,0.0,0.0,0.0,0.0,0.0,0.0,1.0,REUSE
Brick,Good,None,cubic metres,1090.5,1.9,3.0,0.0,0.0,0.0,0.0,0.0,0.0,0.0,1.0,REUSE
Asphalt,Severely Damaged,Moderate,cubic metres,1672.5,42.9,0.0,2.0,0.0,0.0,0.0,0.0,0.0,0.0,1.0,RECOVER
